publication_type	publication_title	print_identifier	online_identifier	date_first_issue_online	num_first_vol_online	num_first_issue_online	date_last_issue_online	num_last_vol_online	num_last_issue_online	title_url	first_author	title_id	coverage_depth	coverage_notes	publisher_name	linking_issn
serial	Journal of Internet Computing and services	1598-0170		2012	13		2013	14				container_iongyu3xqjbcteyykaj6uknlu4	fulltext		Korean Society for Internet Information	1598-0170
serial	Michigan Journal of Counseling Research Theory and Practice		1944-821X	2002	30		2018	43				container_ycneucnj2bdvlfpcqrii2w32bm	fulltext		Wayne State University Library System	1944-821X
serial	Journal of Hospital & Medical Management		2471-9781	2016	1		2017	3				container_yxcglqtkoje6ljtekrestixsvu	fulltext		OMICS Publishing Group	2471-9781
serial	Thrombosis	2090-1488	2090-1496	2010	2010		2017	2017				container_7l6xrnlhczgjzdfq26f3335jom	fulltext		Hindawi Limited	2090-1488
serial	International Journal of Analytical Mass Spectrometry and Chromatography	2332-1768	2332-1776	2013	1		2019	7				container_jgoxqfm5rjggvddu3o5vupwcyq	fulltext		Scientific Research Publishing, Inc	2332-1768
serial	Human Reproduction Archives		2595-0711	2017	32		2021	36				container_jyfvtwapjnhz5lhoijhctgex3y	fulltext		Editora Cubo Multimidia	2595-0711
serial	Revista Paraense de Medicina	0101-5907		2006	20		2007	21				container_eqozmjtrlvfqjd6af3nixuwtzm	fulltext		Instituto Evandro Chagas	0101-5907
serial	International Journal on Pavement Engineering & Asphalt Technology	2051-8234	2051-8234	2013	14		2015	16				container_syeqyfqaqrgznp2jcm7i7fjkw4	fulltext		De Gruyter Open Sp. z o.o.	2051-8234
serial	Journal of the Korean Dietetic Association	1225-9861		2013	19		2014	20				container_jud7hjaudnduphhy56jiyyb6j4	fulltext		The Korea Dietetic Association	1225-9861
serial	Information Technologies and Control	1312-2622	1312-2622	2013	11		2017	15				container_namzbh5gwfc5pcrrwoyh72enqe	fulltext		De Gruyter Open Sp. z o.o.	1312-2622
serial	ISRN Otolaryngology	2090-5742	2090-5750	2011	2011		2014	2014				container_6ejns7wunvc4lhwtmanih6ue7y	fulltext		Hindawi (International Scholarly Research Network)	2090-5742
serial	CRIS: Bulletin of the Centre for Research and Interdisciplinary Study	1805-5117	1805-5117	2013	2012		2016	2016				container_4ts4mqh4cngepkpegbddcupery	fulltext		De Gruyter Open Sp. z o.o.	1805-5109
serial	Revista Brasileira de Oceanografia	1413-7739	1413-7739	1996	44		2003	51				container_iw5satwbjbboxooo65nik6ueoy	fulltext		SciELO	1413-7739
serial	Journal of Neurodegenerative Diseases	2090-858X	2090-8601	2013	2013		2017	2017				container_hi76xfjvxza25fh27cnyjequ5m	fulltext		Hindawi Limited	2090-8601
serial	Software Networking	2445-9739		2016	2016		2018	2018				container_yoohj7lthbbwlm5t626owtauba	fulltext		River Publishers	2445-9739
serial	Jurnal Yudisial	1978-6506	2579-4868	2017	10		2022	15				container_tgh2xgfl5nfprpzvv42cvyikma	fulltext		Komisi Yudisial	1978-6506
serial	Journal of the Society of Telegraph-Engineers and Electricians	2050-5477	2054-0671	1883	12		1888	17				container_h22lbfgvlncoveibqgfd5xcmaq	fulltext		Institution of Electrical Engineers	2050-5477
serial	European Journal of Economic and Social Systems	1292-8895	1292-8909	1999	13		2001	15				container_zdx5333lnrdm7hrel4z6bie54m	fulltext		EDP Sciences	1292-8895
serial	Journal of Korean Gerontological Nursing	1229-5299	2383-8086	2014	16		2015	17				container_jj3l7um4jvhudlxvxclqw5cxde	fulltext		Korean Gerontological Nursing Society	1229-5299
serial	CNU Journal of Agricultural Science	1225-2220		2012	39		2015	42				container_cw5o45lnybatfafkwj2uba7vya	fulltext		CNU Journal of Agricultural Science	1225-2220
serial	Journal of Modeling and Optimization	1759-7676	1759-7676	2018	10		2021	13				container_fk7dkgs4prdyjgrvwlzv5sxiwq	fulltext		Tech Reviews Ltd	1759-7676
serial	Cellular & Molecular Medicine Open access		2573-5365	2015	1		2016	2				container_4r3gpvpgbfh6jcoqgqb2qjejjm	fulltext		Scitechnol Biosoft Pvt. Ltd	2573-5365
serial	ISRN Astronomy and Astrophysics	2090-4738	2090-4746	2011	2011		2014	2014				container_rsq5wnxzxzgzxmjj4v4urfqdne	fulltext		Hindawi (International Scholarly Research Network)	2090-4738
serial	The Journal of Korean Society of Menopause	1226-8704		2011	17		2013	19				container_cxebmj2sizd4dk6yc2dbsjwkfi	fulltext		The Korean Society of Menopause (KAMJE)	1226-8704
serial	Journal of Clinical and Molecular Endocrinology		2572-5432	2016	1		2018	3				container_kr6otixdzrbs7a7gmyb7e6rmpu	fulltext		Scitechnol Biosoft Pvt. Ltd	2572-5432
serial	Scientia	2519-5743	1993-422X	2020	21		2022	22				container_dltetc3bprhjnmkil4hk56hbtq	fulltext		Universidad Ricardo Palma	1993-422X
serial	Studia Methodologica	2307-1222		2019	48		2021	51				container_ghsckhlgovef7ekad2s6g7dvr4	fulltext		Ternopil Volodymyr Hnatiuk National Pedagogical University	2307-1222
serial	Engineering and Protection of Environment	1505-3695	2391-7253	2017	20		2019	22				container_ne24dt4pezckta2encnpecseoa	fulltext		Czestochowa University of Technology	1505-3695
serial	Journal of the Nigerian Optometric Association	0795-0039	0795-0039	2010	10		2021	23				container_t54dedmqhnakhdbb6sywfsrgeq	fulltext		African Journals Online	0795-0039
serial	Journal of Orthodontics & Endodontics		2469-2980	2016	2		2018	4				container_lkefvxca3besrksed4ji57aemu	fulltext		Scitechnol Biosoft Pvt. Ltd	2469-2980
serial	Joint Diseases and Related Surgery	1305-8282	1309-0313	2018	29		2019	30				container_xovvsd42tjaydertmzpza6ppha	fulltext		Baycinar Tibbi Yayincilik	1309-0313
serial	Synthesis and Catalysis Open Access		2574-0431	2016	1		2018	3				container_q53fdnw23zhhrkcfdpk6lreuwu	fulltext		Scitechnol Biosoft Pvt. Ltd	2574-0431
serial	Journal of Forensic Psychology		2475-319X	2017	2		2018	3				container_f3qjyunumjgjpdmdsikdpa36t4	fulltext		OMICS Publishing Group	2475-319X
serial	Journal of Clinical Gastroenterology and Hepatology		2575-7733	2017	1		2018	2				container_yj5pd7vaazap5fqduhvptly6bi	fulltext		Scitechnol Biosoft Pvt. Ltd	2575-7733
serial	La aljaba	0328-6169	1669-5704	2016	20		2019	23				container_jp5jfgdqtjbdvccfmgzrqvhrei	fulltext		Universidad Nacional del Comahue	0328-6169
serial	Sæculum	1221-2245	2601-1182	2019	47		2020	49				container_itbznvt2jrc2lck5z7c7zlsrn4	fulltext		Editura Universitatii LUCIAN BLAGA din Sibiu; CEEOL	1221-2245
serial	FEM Revista de la Fundación Educación Médica	2014-9832	2014-9840	2013	16		2014	17				container_54t2422o3vb37bmleynhkekd4a	fulltext		Instituto de Salud Carlos III/BNCS/SciELO Espana	2014-9832
serial	Journal of Korean Traditional Oncology	1229-2621		2014	19		2015	20				container_hlmynlbxpngkpnaaewc6tw4e6e	fulltext		Korean Academy of Traditional Oncology	1229-2621
serial	Acta archaeologica Lodziensia	0065-0986	2451-0300	2019	65		2022	68				container_62z74j6rvndtvlr6rtkppy2mcq	fulltext		Łódzkie Towarzystwo Naukowe, Stowarzyszenie	0065-0986
serial	Revista Brasileira de Ciências da Saúde - USCS	1678-054X	1678-054X	2012	10		2014	11				container_zr4jrax54ffcxiveuqztcfdlji	fulltext		USCS Universidade Municipal de Sao Caetano do Sul	1678-054X
serial	Ciencia e Investigación Agraria	0304-5609	0718-1620	2008	35		2017	44				container_h2oilnb6qvg4vedq6al6vyoh4u	fulltext		Pontificia Universidad Catolica de Chile	0304-5609
serial	Bone Marrow Research	2090-2999	2090-3006	2011	2011		2018	2018				container_rz5tpxmpyba4fdr3rsvlmftnda	fulltext		Hindawi Limited	2090-3006
serial	Cendekia. Media komunikasi penelitian dan pengembangan pendidikan islam	2086-0641	2685-046X	2018	10		2019	11				container_y3qo6xcvyra2lhyizgum7kaula	fulltext		Sekolah Tinggi Ilmu Tarbiyah Al Fattah Siman Lamongan	2086-0641
serial	Borneo Research Journal	1985-5443	2600-8645	2017	11		2019	13				container_aretk6anqncwzdrf5lnlxuwjve	fulltext		Univ. of Malaya	1985-5443
serial	Image Processing & Communications	1425-140X	1425-140X	2011	16		2018	23				container_mkgsh4q5cza45h2xvkjpdthele	fulltext		De Gruyter Open Sp. z o.o.	1425-140X
serial	ISRN Epidemiology		2090-942X	2013	2013		2014	2014				container_ndp5hae7cvcf5e5msb2xni3pja	fulltext		Hindawi (International Scholarly Research Network)	2090-942X
serial	Advances in Nursing	2356-6795	2314-7725	2014	2014		2016	2016				container_d62mmdnw7nhdhcxftq7awn5mg4	fulltext		Hindawi Limited	2314-7725
serial	SBA : Controle & Automação Sociedade Brasileira de Automatica	0103-1759	1807-0345	2003	14		2012	23				container_krodndzlo5gnlcjbebro2kle7q	fulltext		SciELO	0103-1759
serial	Pharmaceutical Analytical Chemistry Open Access		2471-2698	2015	1		2017	3				container_cz77xmzzp5f2tjex3v4f75vhn4	fulltext		OMICS Publishing Group	2471-2698
serial	European Journal of Service Management	2450-8535		2016	17		2018	28				container_ebrmxhynbnamvdvt7vbx2hmuxu	fulltext		University of Szczecin	2450-8535
serial	International Journal of Bilingual & Multilingual Teachers of English	2210-1829	2210-1829	2014	2		2016	4				container_znbpdu5albf4vds2fyqowmpf2i	fulltext		Deanship of Scientific Research	2210-1829
serial	Warta Pengabdian	1410-2161	2655-7509	2019	13		2021	15				container_v4klsdahy5g2rmxnqdkgfzmqpm	fulltext		UPT Penerbitan Universitas Jember	1410-2161
serial	Practice and Theory in Systems of Education	1788-2583	1788-2591	2015	10		2017	12				container_dmtk2dfervcbhm7owg6c4oczd4	fulltext		Walter de Gruyter GmbH	1788-2583
serial	Baltic Surveying		2255-999X	2020	12		2021	16				container_cz7m5ildjjcqdpeftkfrqxyzru	fulltext		Latvia University of Life Sciences and Technologies	2255-999X
serial	Revista de la Construcción	0717-7925	0718-915X	2010	10		2020	19				container_ldg7fho5ezccffyazpsuf5c7vm	fulltext		Pontificia Universidad Catolica de Chile	0717-7925
serial	Ugdymo psichologija	1392-639X	2351-6585	2014	25		2017	28				container_5nwmvv2g5zcbbji3lmrvcjaqxi	fulltext		Lithuanian University of Educational Sciences	1392-639X
serial	The Journal of Korean Medicine Ophthalmology and Otolaryngology and Dermatology	1738-6640		2012	25		2014	27				container_dsxoej265zfo3m3x4ixtbhv4l4	fulltext		The Korean Oriental Medical Opthalmology and Otolaryngology and Dermatology Society	1738-6640
serial	International Studies on Sparrows	1734-624X	1734-624X	2010	34		2022	44				container_bsxuy5w37rhf7l3iwwume6hx3q	fulltext		Walter de Gruyter GmbH	1734-624X
serial	Papers on Global Change IGBP	1730-802X	1730-802X	2010	17		2017	24				container_ceu6hgsoafh3jfqtc763ixfaza	fulltext		De Gruyter Open Sp. z o.o.	1730-802X
serial	Chemical Engineering Research Bulletin	0379-7678	2072-9510	2008	12		2020	21				container_jwewm6mk3fcebptal4aucga54y	fulltext		Bangladesh Journals Online	0379-7678
serial	Leukemia Research and Treatment	2090-3219	2090-3227	2011	2011		2017	2017				container_wnhpsbjhqretplzvhox3dgoynu	fulltext		Hindawi Limited	2090-3227
serial	Progress in Medical Physics	1226-5829	2288-9620	2013	24		2017	28				container_6bhqgjt23rfa5kbweb5p7o2jp4	fulltext		Korean Society of Medcial Physics (KAMJE)	1226-5829
serial	Open Transactions on Geosciences	2372-6458	2372-6466	2014	2014		2015	2015				container_3lppo64mkjhdrfq7wpxsiltmo4	fulltext		Scientific Online Publishing, Co., Ltd	2372-6458
serial	ISRN Hematology	2090-441X	2090-4428	2011	2011		2014	2014				container_f5tdtltnbfcdzp66eslzvrifme	fulltext		Hindawi (International Scholarly Research Network)	2090-441X
serial	Journal of Contraceptive Studies		2471-9749	2016	1		2018	3				container_d3ufb6djcngidjpcpzzx7ltcya	fulltext		Scitechnol Biosoft Pvt. Ltd	2471-9749
serial	Revista Economía	1390-6380		2018	66		2020	71				container_z53tt3glybcvxcmbnogfm6qv7a	fulltext		Facultad de Odontologia	1390-6380
serial	Tafhim Al-'Ilmi: jurnal pendidikan dan pemikiran Islam	2252-4924	2579-7182	2018	10		2023	14				container_esit4j22tbg3di2ui7yogqlmli	fulltext		STIT Aqidah Usymuni Sumenep	2252-4924
serial	Transactions of the Japan Society of Mechanical Engineers Series B	0387-5016	1884-8346	1998	64		2011	77				container_oohq3ak53bfnvkge5u7222xdgq	fulltext		J-STAGE	1884-8346
serial	JSME international journal Ser 3 Vibration control engineering engineering for industry	0914-8825		1988	31		1992	35				container_55l4edicibeahj2tfymjzdbuoq	fulltext		The Japan Society of Mechanical Engineers	0914-8825
serial	Spine Research		2471-8173	2015	1		2018	4				container_r4lqcad4xrdmjkq7uzgqkwf4y4	fulltext		Scitechnol Biosoft Pvt. Ltd	2471-8173
serial	Journal of Law and Governance		2206-088X	2015	10		2017	11				container_zx2jmh3nvvax3iu3gjqqf7rdeq	fulltext		Victoria University	2206-088X
serial	Jurnal Techno Nusa Mandiri	1978-2136	2527-676X	2019	16		2022	19				container_ssmwlquombbafj6qzvbaqlqrbu	fulltext		PPPM STMIK Nusa Mandiri	1978-2136
serial	Journal of Indo-Pacific Archaeology		2375-0510	2014	34		2019	43				container_p4jevnppybgpvmzjxdcz6avdjy	fulltext		University of Washington Libraries	2375-0510
serial	Korean Journal of Nosocomial Infection Control	1226-2382		2013	18		2016	21				container_x4gfreeuyjbgbgfy3mrsqztvem	fulltext		Korean Society for Nosocomial Infection Control (KAMJE)	1226-2382
serial	Open Journal of Water Pollution and Treatment	2374-6343	2374-6351	2014	2014		2015	2015				container_7ag6khzwajg43mvl5lifbnfnny	fulltext		Scientific Online Publishing, Co., Ltd	2374-6343
serial	International Journal of Molecular Imaging	2090-1712	2090-1720	2011	2011		2017	2017				container_5wux24snvzc7jkkf2piiuturau	fulltext		Hindawi Limited	2090-1720
serial	Journal of Neoplasm	2576-3903	2576-3903	2016	1		2018	3				container_6jm7bbdeorfplgp2xftyutjnwa	fulltext		Scitechnol Biosoft Pvt. Ltd	2576-3903
serial	Journal of Pharmaceutics	2090-9918	2090-7818	2013	2013		2020	2020				container_q24zrwpocrcxxhr7thsotgukc4	fulltext		Hindawi Limited	2090-9918
serial	HIV Current Research		2572-0805	2016	1		2017	2				container_ih6gzzyim5crhcxb5ymtfhos2y	fulltext		OMICS Publishing Group	2572-0805
serial	journal of Clinical & Experimental Orthopaedics		2471-8416	2015	1		2016	2				container_2cwsy2okarf57i4ky4oshikuwa	fulltext		OMICS Publishing Group	2471-8416
serial	Politikos mokslų almanachas	2029-0225	2335-7185	2013	13		2016	19				container_e4wrwkatlvcwhpnmoxwgqdb6xa	fulltext		Vytautas Magnus University	2029-0225
serial	Journal of Universal Surgery		2254-6758	2017	4		2018	6				container_5z253xhwmvh3pdgt6636p62hfa	fulltext		Scitechnol Biosoft Pvt. Ltd	2254-6758
serial	Economic Literature	2091-0789		2016	11		2017	12				container_wkuuns74s5dxrck6qs3hl7uzba	fulltext		Nepal Journals Online	2091-0789
serial	ISRN Algebra	2090-6285	2090-6293	2011	2011		2014	2014				container_atqvzaojcrglxolzfu25mq74he	fulltext		Hindawi (International Scholarly Research Network)	2090-6285
serial	Journal of Research Development in Nursing and Midwifery	1735-868X		2016	13		2017	14				container_2f3z42zte5ek7l24ui2g3ytxba	fulltext		Armenian Green Publishing Co	1735-868X
serial	Journal of Thrombosis and Circulation Open Access		2572-9462	2016	2		2017	3				container_tpg3jio3mzf4llicxw3wezktq4	fulltext		OMICS Publishing Group	2572-9462
serial	Informação & Sociedade: Estudos	0104-0146	1809-4783	2019	29		2021	31				container_sl5yyi7onrb5nfm7qfkkvju7iu	fulltext		Portal de Periodicos UFPB	0104-0146
serial	Journal of the Korean Institute of Gas	1226-8402		2011	15		2013	17				container_ke7szjkjzfgspin76g3rfema2i	fulltext		The Korean Institute of Gas	1226-8402
serial	ISRN Computational Mathematics		2090-7842	2012	2012		2014	2014				container_nhq4pcs3lnaexjhe5uiv3f55dy	fulltext		Hindawi (International Scholarly Research Network)	2090-7842
serial	Pogranicze Studia Społeczne	1230-2392		2011	17		2017	32				container_uejj6qoe65f6xemc7phkv4ma3q	fulltext		University of Bialystok	1230-2392
serial	Revista Argentina de de Cirugía Plástica Estética y Reparadora	0327-6945	2618-3625	2019	25		2020	26				container_vx55im7ab5cpzaa7jxyhi3gulu	fulltext		Publicaciones Latinoamericanas SRL	0327-6945
serial	EKSAKTA Berkala Ilmiah Bidang MIPA	1411-3724	2549-7464	2017	18		2022	23				container_nsg43rr7tnh5xfg3p4aksayfvu	fulltext		Universitas Negeri Padang (UNP)	1411-3724
serial	Insights in Chest Diseases		2577-0578	2016	1		2018	3				container_giixreweobe25iotiqxtxv22em	fulltext		Scitechnol Biosoft Pvt. Ltd	2577-0578
serial	Equilibrium: Jurnal Ekonomi-Manajemen-Akuntansi	1693-1378	2598-9952	2018	14		2021	17				container_3jhl5mekzrgwrjhixskimrrwfe	fulltext		Universitas Wijaya Kusuma Surabaya	1693-1378
serial	EUROPEAN RESEARCH	2410-2873		2016	13		2019	48				container_zxnmsr7hkbanrbwsehthlxov5m	fulltext		OLIMP	2410-2873
serial	Korean Journal of Hepato-Biliary-Pancreatic Surgery	1738-6349	2288-9213	2011	15		2016	20				container_kfv2mr5rnjfljge2zlk2p6t62e	fulltext		The Korean Association of Hepato-Biliary-Pancreatic Surgery (KAMJE)	1738-6349
serial	Journal of Epilepsy and Clinical Neurophysiology	1676-2649	1980-5365	2005	11		2012	18				container_szbyq22x25fefdbdxpdmorbpnm	fulltext		SciELO	1676-2649
serial	ISRN Condensed Matter Physics	2090-7397	2090-7400	2011	2011		2014	2014				container_5kr2e65axfhwzdivbowd4glbeu	fulltext		Hindawi (International Scholarly Research Network)	2090-7397
serial	Germanica Wratislaviensia	0435-5865		2017	141		2021	146				container_oqf6ptvwzfhipiuptxbjblypxa	fulltext		Wydawnictwo Uniwersytetu Wroclawskiego	0435-5865
serial	International Journal of Medicinal Chemistry	2090-2069	2090-2077	2011	2011		2019	2019				container_yq7zmcur7fcfnbs2bstgun4hb4	fulltext		Hindawi Limited	2090-2077
serial	Advanced Computational Techniques in Electromagnetics		2194-0266	2012	2012		2017	2017				container_f32ryefbv5es3atd3xw3o6cvgy	fulltext		ISPACS GmbH	2194-0266
serial	Journal of The Indonesian Society of Integrated Chemistry	2085-1715	2621-5543	2019	11		2022	14				container_jucwzd22s5cdnkuhqmsghxx5jq	fulltext		Faculty of Education and Teacher Training, Jambi University	2085-1715
serial	Tradicija ir dabartis	2029-3208	2029-3208	2015	10		2018	13				container_fwkcdnfcsfgyhe5bcnvnsarud4	fulltext		Klaipeda University Press	2029-3208
serial	Fundamental and Applied Soil Science	2310-4341	1684-9094	2016	17		2019	19				container_pyhzzwjenzgxjbrr5wcud3ipyu	fulltext		Oles Honchar Dnipropetrovsk National University	1684-9094
serial	ISRN Discrete Mathematics		2090-7788	2011	2011		2014	2014				container_uaexvpib2jd2lfsbu2xbwuv6ai	fulltext		Hindawi Limited	2090-7788
serial	Eko dan Bisnis: Riau Economic and Business Review	1410-7988	2614-123X	2019	10		2020	11				container_6fzigfgogbcntozspovbhslmey	fulltext		Sekolah Tinggi Ilmu Ekonomi Riau	1410-7988
serial	Jurnal Teknotan	1978-1067	2528-6285	2017	11		2021	15				container_kdjftohv7bbklhryrpctuni5xm	fulltext		Universitas Padjadjaran	1978-1067
serial	ISRN Materials Science	2090-6080	2090-6099	2011	2011		2014	2014				container_ifxmtast25bu5otuoelkcmayv4	fulltext		Hindawi (International Scholarly Research Network)	2090-6080
serial	ISRN Dermatology	2090-4592	2090-4606	2011	2011		2014	2014				container_pijq37k2ubf7fhy6pymytaejta	fulltext		Hindawi (International Scholarly Research Network)	2090-4592
serial	GEMA TEKNOLOGI	0852-0232	2656-582X	2020	20		2021	21				container_yttympfvnbagtax2v54hvt37ji	fulltext		Institute of Research and Community Services Diponegoro University (LPPM UNDIP)	0852-0232
serial	Primanomics Jurnal Ekonomi & Bisnis	1412-632X	2614-6789	2018	16		2022	20				container_jglefddzpvcsxnqdxcu327eiq4	fulltext		Universitas Buddhi Dharma	1412-632X
serial	Studia o Książce i Informacji (dawniej: Bibliotekoznawstwo)	2300-7729		2017	35		2019	37				container_xmrlnz2wp5gkxab7mqxyyk74ba	fulltext		Wydawnictwo Uniwersytetu Wroclawskiego	2300-7729
serial	Scientific Journal of Hamadan Nursing & Midwifery Faculty	2008-2800	2008-2819	2016	24		2019	26				container_fjzm3y35fzexzfxvwrbfmo4ji4	fulltext		Farname, Inc	2008-2819
serial	International Journal of Carbohydrate Chemistry	1687-9341	1687-935X	2009	2009		2016	2016				container_figmewx4prdbthr7f3wysbswpu	fulltext		Hindawi Limited	1687-9341
serial	Technological Engineering	1336-5967	2451-3156	2012	10		2016	13				container_uox4htykhfbcnebwv66yt7qpym	fulltext		De Gruyter Open Sp. z o.o.	1336-5967
serial	International Journal of Proteomics	2090-2166	2090-2174	2010	2010		2016	2016				container_uzojk7p2kbhxnhqrrphigusdpm	fulltext		Hindawi Limited	2090-2166
serial	ISRN Meteorology	2090-7516	2090-7524	2012	2012		2013	2013				container_ams6kbavczh2ji5swklzbitlva	fulltext		Hindawi (International Scholarly Research Network)	2090-7516
serial	Jurnal Ilmiah Syi ar	1693-2714	2685-2934	2019	19		2021	20				container_jhjviblxpnc7ln5evdzxvdwioi	fulltext		Institut Agama Islam Negeri (IAIN) Bengkulu	1693-2714
serial	Heart, lung and vessels	2282-8419	2283-3420	2013	5		2014	6				container_m6prwdsdu5gytlwrkulzqow2ve	fulltext			2282-8419
serial	International Journal of Family Medicine	2090-2042	2090-2050	2010	2010		2017	2017				container_fm6dbb3mnzagdhq4hd4elnnheq	fulltext		Hindawi Limited	2090-2050
serial	AKSES: Jurnal Ekonomi dan Bisnis	1907-4433	2613-9170	2015	13		2021	16				container_6dsnxgevr5awha4fx6b4kdoshm	fulltext		Universitas Wahid Hasyim Semerang	1907-4433
serial	JSME international journal Ser 2 Fluids engineering heat transfer power combustion thermophysical properties	0914-8817		1988	31		1992	35				container_npuyobm4lrashdqbqs6qbfnrjq	fulltext		The Japan Society of Mechanical Engineers	0914-8817
serial	ISRN Geometry	2090-6307	2090-6315	2011	2011		2014	2014				container_wuxdzwaylbduzpablumg5qspom	fulltext		Hindawi (International Scholarly Research Network)	2090-6307
serial	Psicologia Clínica	0103-5665	1980-5438	2005	17		2015	27				container_zevp2cqmfzekzhjil3i3rfpaje	fulltext		Revista Psicologia Clinica	0103-5665
serial	Pedagogia em Foco	1808-1576	2178-3039	2017	12		2019	14				container_hinao35tdzf75nuqrfgmokuigm	fulltext		Faculdade Aldete Maria Alves	1808-1576
serial	The Journal of the Korean Society for Transplantation	1598-1711	2508-2604	2009	23		2019	33				container_n3zsvd4f4vcwpnkhwmutftxrii	fulltext		The Korean Society for Transplantation (KAMJE)	1598-1711
serial	Journal of Applied Microbiology and Biochemistry		2576-1412	2017	1		2018	2				container_uxzqlheanva7deku46lw6gwmsq	fulltext		Scitechnol Biosoft Pvt. Ltd	2576-1412
serial	Senjski zbornik	0582-673X	1849-0999	2020	46		2022	49				container_cy2t66dm5fgg5fk7dtcdslb24u	fulltext		Senjsko muzejsko drustvo	0582-673X
serial	Apex	0113-2989	2324-1284	2009	15		2015	19				container_lzrzglgywvge7anmi3xb7xgmvq	fulltext		Exeley, Inc	0113-2989
serial	Jurnal Ilmiah Kebijakan Hukum	1978-2292	2579-7425	2018	12		2022	16				container_si2qn57m2zgrdn4tjv5wgnjfoa	fulltext		Badan Penelitian dan Pengembangan Hukum dan HAM	1978-2292
serial	Iranian Journal of Applied Linguistics	1735-1634	1735-1634	2015	18		2017	20				container_tjv63kkgyjeezbftksvvvqt23y	fulltext		Armenian Green Publishing Co	1735-1634
serial	Journal of Animal Research and Nutrition		2572-5459	2016	1		2018	3				container_n3apmosgxrfmnb2qwaslwoqrmm	fulltext		Scitechnol Biosoft Pvt. Ltd	2572-5459
serial	Cadernos do IME - Série Informática	1413-9014	2317-2193	2009	27		2021	45				container_xblp6356jrhtpinggqbo6ycvpy	fulltext		Universidade do Estado do Rio de Janeiro UERJ	1413-9014
serial	Ekonomi bisnis	0853-7283	2528-0503	2018	23		2020	25				container_uazkectkureo5mk6n3546g2nzm	fulltext		State University of Malang (UM)	0853-7283
serial	Magyar urológia	0864-8921	0864-8921	2016	28		2018	30				container_qbpwsyzmerhpbjnj4372h7z3b4	fulltext		Magyar Urologia	0864-8921
serial	Anvil	0969-7373	0969-7373	2013	29		2015	31				container_y7vymaw7s5eunlrjsd753kwbda	fulltext		De Gruyter Open Sp. z o.o.	0969-7373
serial	The Illustrated Magazine of Art	2150-5837		1853	1		1854	4				container_z2rlaot22bhfzag4k6vvop6htu	fulltext		JSTOR	2150-5837
serial	Journal of Preventive Medicine		2572-5483	2016	1		2018	3				container_v5fwzbeh4va3jjssxqncrusdwu	fulltext		Scitechnol Biosoft Pvt. Ltd	2572-5483
serial	Journal of the Korean Society of School Health	1225-9608	2288-9957	2015	28		2017	30				container_4en67yhc4fgubkflf5ujilgzjq	fulltext		The Korean Society of School Health	1225-9608
serial	Ulster Journal of Archaeology	0082-7355		1853	1		1861	9				container_4gcp3wovyremrgch5pri63bd4q	fulltext		Ulster Archaeological Society; JSTOR	0082-7355
serial	Res Cogitans		2155-4838	2013	4		2019	10				container_ce5edqijsjhatkued3gagcvib4	fulltext		Pacific University Library	2155-4838
serial	Chemotherapy Research and Practice	2090-2107	2090-2115	2010	2010		2019	2019				container_qkcoh5n7hfc6rogpo7n5p5fhzm	fulltext		Hindawi Limited	2090-2107
serial	Epilepsy Research and Treatment	2090-1348	2090-1356	2010	2010		2017	2017				container_weds2d2gazeb7h2id5eyb5tajm	fulltext		Hindawi Limited	2090-1348
serial	Sessions d étude - Société canadienne d histoire de l Église catholique	0318-6172	1927-7067	1966	33		1989	56				container_rcp5vc4zandtre5vvvakagqpt4	fulltext		Consortium Erudit	0318-6172
serial	Scientific Journal of Riga Technical University Computer Sciences	1407-7493		2009	38		2011	45				container_4df43wormnfylebcv5pzrwq5ke	fulltext		De Gruyter Open Sp. z o.o.	1407-7493
serial	Journal of Milk Science and Biotechnology	2384-0269	2508-3635	2017	35		2019	37				container_xtrmwl2rm5hkpephdltx6xeaie	fulltext		Korean Society of Milk Science and Biotechnology	2384-0269
serial	Journal of Pediatric Care		2471-805X	2015	1		2016	2				container_knevpkn3ffbargmydzf2dwxasq	fulltext		Scitechnol Biosoft Pvt. Ltd	2471-805X
serial	RUDN Journal of Language Education and Translingual Practices	2312-8011		2017	14		2018	15				container_cjybcrn6fnggrijzdiby2fhgzi	fulltext		Peoples' Friendship University of Russia	2312-8011
serial	KINERJA	1907-3011	2528-1127	2018	14		2021	18				container_ie23lf3akrcxtaitpwem3wrwya	fulltext		Faculty of Economics and Business, Mulawarman University	1907-3011
serial	JURNAL AL-IQTISHAD	0216-2547	2656-8489	2020	15		2021	17				container_plqegl7wkne3jl27swzrz5f5mm	fulltext		Universitas Islam Negeri Sultan Syarif Kasim Riau	0216-2547
serial	Journal of Empirical Research in Accounting and Auditing An International Journal	2384-4787		2015	1		2018	4				container_7fmpbcdacbbxba5yt7f2346hdq	fulltext		Deanship of Scientific Research	2384-4787
serial	São Paulo em Perspectiva	0102-8839	0102-8839	1999	13		2005	19				container_uy3dkivmsndj5icddxyefxskuy	fulltext		SciELO	0102-8839
serial	Open Journal of Applied Biosensor	2168-5401	2168-5398	2012	1		2017	4				container_zgv3r2lahnfa3hbzrr4qzenrlm	fulltext		Scientific Research Publishing, Inc	2168-5398
serial	Studia Quaternaria	1641-5558	2300-0384	2013	30		2018	35				container_qntrom55yffylbojr5gcgkdcie	fulltext		De Gruyter Open Sp. z o.o.	1641-5558
serial	Berkala Perikanan Terubuk	0126-4265	2654-2714	2018	46		2019	47				container_slowhy5xzjeazfauawdcummu5y	fulltext		Lembaga Penelitian dan Pengabdian kepada Masyarakat Universitas Riau	0126-4265
serial	Journal of Research in Physics	1450-7404	2217-933X	2011	35		2018	39				container_d63k6mhr6jcuzehcekhmtfyc6u	fulltext		De Gruyter Open Sp. z o.o.	1450-7404
serial	Korean Journal of Occupational Health Nursing	1225-9586		2011	20		2012	21				container_dbnmwsrrv5ar7ebk7dkodasmzy	fulltext		Korean Academic Society of Occupational Health Nursing	1225-9586
serial	Bulletin of Ural Federal University Series Economics and Management	2412-5725	2412-5784	2015	14		2018	17				container_myguyioejvcdrlsgx4oczw5d2e	fulltext		Ural Federal University	2412-5725
serial	Language Circle Journal of Language and Literature	1858-0165	2460-853X	2018	12		2019	14				container_yzhrqyobfjaarckcd4pir22zpa	fulltext		Universitas Negeri Semarang	1858-0165
serial	Journal of Ancient Diseases & Preventive Remedies		2329-8731	2013	1		2016	5				container_axk7juoqfzhmpegf2i4yzcfobe	fulltext		Omics Publishing Group	2329-8731
serial	British Journal of Research		2394-3718	2017	4		2018	5				container_2rb7o6iylve3zihzwo5ob3jn54	fulltext		Scitechnol Biosoft Pvt. Ltd	2394-3718
serial	Journal of Korea Spatial Information Society	2287-9242		2012	20		2013	21				container_m4zmtllkkzbxbf7fhqhjreufee	fulltext		Korea Spatial Information Society	2287-9242
serial	Mathematics in Modern Technical University		2664-4258	2018	2018		2019	2019				container_gmq5jyzlnfd5zh6b4kuhusmpgi	fulltext		Kyiv Politechnic Institute	2664-4258
serial	Física de la Tierra	0214-4557	1988-2440	1970	23		2017	29				container_aiiwgan5ovgqtflw67vyh5mgoq	fulltext		Universidad Complutense de Madrid	0214-4557
serial	Research Letters in Materials Science	1687-6822	1687-6830	2008	2008		2009	2009				container_yg7m2z2befem5jw2wcknwzokvy	fulltext		Hindawi Limited	1687-6822
serial	Przedsiebiorczosc i Zarzadzanie	1733-2486	1733-2486	2014	15		2015	16				container_wuctbnoj7zgi5lu7j5dhgz2wwq	fulltext		De Gruyter Open Sp. z o.o.	1733-2486
serial	Revistas ICDP	0123-2479	2346-3473	2015	39		2018	47				container_mljsqjwelnfgfhopz5rxikyyge	fulltext		Instituto Colombiano de Derecho Procesal	0123-2479
serial	Lithuanian Foreign Policy Review	1392-5504	1822-9638	2015	33		2017	36				container_4yb4ujdew5eefmeiz3cn27zhhi	fulltext		Walter de Gruyter GmbH	1392-5504
serial	Journal of Bangladesh Chemical Society	1022-016X	2408-8692	2012	24		2013	25				container_pcbuybcfzval7brvfgjr3kgksi	fulltext		Bangladesh Journals Online	1022-016X
serial	Journal of Mathematics Education	1945-7502	1945-7448	2018	11		2021	14				container_vssrxv2gebditdue5fpx5ptlf4	fulltext		Education for All	1945-7502
serial	ISRN Oncology	2090-5661	2090-567X	2011	2011		2014	2014				container_3ct2oi5q4rdqzf5xauvrzyzpai	fulltext		Hindawi (International Scholarly Research Network)	2090-5661
serial	Revista de Humanidades	1414-042X	2318-0714	2013	28		2018	32				container_3vaw7okzenetlicafxf2n26gm4	fulltext		Fundacao Edson Queiroz	1414-042X
serial	Journal of Blood Transfusion	2090-9187	2090-9195	2012	2012		2018	2018				container_47wifjq5szdnlp5h4lthdqttd4	fulltext		Hindawi Limited	2090-9195
serial	Molecular Enzymology and Drug Targets		2572-5475	2015	1		2018	4				container_7dfiilhkgjg65hsypon6dlsz7a	fulltext		Scitechnol Biosoft Pvt. Ltd	2572-5475
serial	Advances in Classification Research Online		2324-9773	1991	11		2019	29				container_rnocwf753ff2fazvnyyycsiwo4	fulltext		University of Washington Libraries	2324-9773
serial	Grand Rounds	1470-5206	1470-5206	2012	12		2016	16				container_xjkgubd2ybgflpk2qi2wqw4p2u	fulltext		E-MED LTD	1470-5206
serial	Journal of the Korean Geotechnical Society	1229-2427		2012	28		2013	29				container_v3fcfso2k5eupau2pdgtswneba	fulltext		Korean Geotechnical Society	1229-2427
serial	Entomología y Vectores	0328-0381	0328-0381	2004	11		2005	12				container_36tjjgqohzgvhmkwvngr36hbky	fulltext		SciELO	0328-0381
serial	Soft Nanoscience Letters	2160-0600	2160-0740	2011	1		2020	10				container_43xi7oa2rna57fbylcyiptla4a	fulltext		Scientific Research Publishing, Inc	2160-0740
serial	Periodontics and Prosthodontics		2471-3082	2015	1		2018	4				container_6psfesivajfv3aicckcwbdtvfm	fulltext		Scitechnol Biosoft Pvt. Ltd	2471-3082
serial	Journal of Chemical Engineering	2221-7436	2408-8617	2011	24		2017	30				container_wlxmcz3lbvefxl3uamwcclxa6a	fulltext		Bangladesh Journals Online	2221-7436
serial	Tehnologija mesa	0494-9846		2012	53		2014	55				container_htvxrxlfhjby3hx5ntp5wtdxsm	fulltext		Centre for Evaluation in Education and Science	0494-9846
serial	Open Journal of Synthesis Theory and Applications	2168-1244	2168-1252	2012	1		2018	7				container_cljfnz4izff7xndze7ffyi2rlm	fulltext		Scientific Research Publishing, Inc	2168-1244
serial	International Journal Advanced Quality	2217-8155	2560-3884	2017	44		2018	46				container_ulpogpscrfgnvlzzc4wiinybiq	fulltext		United Association of Serbia for Quality UASQ	2217-8155
serial	ISRN Obesity		2090-9446	2012	2012		2014	2014				container_rizeclnwkze2xegfxlm27jtglm	fulltext		Hindawi (International Scholarly Research Network)	2090-9446
serial	Annales Universitatis Paedagogicae Cracoviensis. Studia Psychologica	2084-5596	2450-1271	2018	11		2020	13				container_42uuvv6pl5h5fji6k2refemdpi	fulltext		Uniwersytet Pedagogiczny im. Komisji Edukacji Narodowej (Kraków)	2084-5596
serial	Pensamiento y Cultura	0123-0999	2027-5331	2010	13		2015	18				container_jtpn7brixvcbtbyh54ji5bjts4	fulltext		Universidad de la Sabana	0123-0999
serial	ISRN Endocrinology	2090-4630	2090-4649	2011	2011		2014	2014				container_yfhr6jhwu5edvnt72dlu3otalm	fulltext		Hindawi (International Scholarly Research Network)	2090-4630
serial	Journal of Interpolation and Approximation in Scientific Computing	2194-3907	2194-3907	2012	2012		2018	2018				container_2csgsn64jjg2borug7auemlwci	fulltext		ISPACS GmbH	2194-3907
serial	Journal of Childhood Obesity		2572-5394	2016	1		2018	3				container_zjiofmfqgvdn7n2u3ipc66ydvm	fulltext		Scitechnol Biosoft Pvt. Ltd	2572-5394
serial	Termotehnika	0350-218X		2014	40		2016	42				container_2cowlw7zgvao3gzqyj4ucykqry	fulltext		Centre for Evaluation in Education and Science	0350-218X
serial	Jurnal Surya	1979-9128	2715-064X	2020	12		2022	14				container_fxs2j4euiff67a4lf57xokoiu4	fulltext		Universitas Muhammadiyah Lamongan	1979-9128
serial	Économie et Solidarités	1848-8031	1923-0818	2008	39		2014	44				container_q27m5qoqlrhhbcmzelrd7yrtn4	fulltext		Consortium Erudit	1484-8031
serial	Proceedings of geosynthetics symposium	1344-3496	1884-3719	1995	10		1997	12				container_hsvbuoqmz5dwzkjzw4l3rswmmi	fulltext		Japan Chapter of International Geosynthetics Society	1344-3496
serial	ISRN Biotechnology		2090-9403	2013	2013		2014	2014				container_75zrylcocjcs7cg6o6nvo6v2sy	fulltext		Hindawi (International Scholarly Research Network)	2090-9403
serial	Scientific Journal of Riga Technical University Power and Electrical Engineering	1407-7345		2009	25		2011	29				container_3sp6uvhyojbs5ihpcj2awaf3au	fulltext		De Gruyter Open Sp. z o.o.	1407-7345
serial	Canadian Review of Art Education Research and Issues / Revue canadienne de recherches et enjeux en éducation artistique	0384-1839		2016	42		2017	44				container_n7yvelyysnb7repxoqpl2hem2y	fulltext		McGill University Library and Archives	0384-1839
serial	Journal of Waste Management	2356-7724	2314-6052	2015	2015		2016	2016				container_34757pizszejbnvjmdnvd2z4da	fulltext		Hindawi Limited	2314-6052
serial	Microscopy Research	2329-3306	2329-3314	2013	1		2019	7				container_ybgsqvza6jc2nlnv4k5274m5qa	fulltext		Scientific Research Publishing, Inc	2329-3306
serial	Atuação: Revista Jurídica do Ministério Público Catarinense	1981-1683	2595-3966	2018	13		2021	16				container_ij5yvl4yjrc7zbqij7rxnoatqm	fulltext		Revista Atuacao - Ministerio Publico de Santa Catarina	1981-1683
serial	Journal of the Society of Materials Engineering for Resources of Japan	2433-0507	2433-9385	2017	28		2021	32				container_dzwrzy765vgsheq4azmetgqmdi	fulltext		The Society of Materials Engineering for Resources of Japan	2433-0507
serial	New Jersey History		2151-3619	2009	124		2011	126				container_ppikiplatfdolmk3kj6crgvqxm	fulltext		Rutgers University Libraries	2151-3619
serial	ISRN Vascular Medicine	2090-5823	2090-5831	2011	2011		2014	2014				container_35awceqdjfalrppnbj47wouvvi	fulltext		Hindawi (International Scholarly Research Network)	2090-5823
serial	The Primary Source	0741-6563	1941-8434	2000	10		2015	34				container_m4c5ihjygzbwzerghnmcjrp5iu	fulltext		Univeristy of Southern Mississippi	0741-6563
serial	Religare Revista do Programa de Pós-Graduação em Ciências das Religiões da UFPB	1982-6605	1982-6605	2017	14		2018	15				container_hywg6t4kefehrper2ftitv37ye	fulltext		Portal de Periodicos UFPB	1982-6605
serial	ISRN Neurology	2090-5505	2090-5513	2011	2011		2014	2014				container_s3wwdlxtsrdr3b2c3x5eizuj4m	fulltext		Hindawi (International Scholarly Research Network)	2090-5505
serial	Mathematics Education Trends and Research	2195-4372	2195-4372	2012	2012		2018	2018				container_h3nbnmgnjzhddh6glxvthbisku	fulltext		ISPACS GmbH	2195-4372
serial	Masyarakat Telematika Dan Informasi Jurnal Penelitian Teknologi Informasi dan Komunikasi	2087-3123	2621-1386	2019	10		2020	11				container_oi2g2zgosnd2tlx6kfgkhl4qje	fulltext		Badan Litbang SDM Kementerian Komunikasi dan Informatika	2087-3123
serial	Wood Science = Faipar	0014-6897	2064-9231	2014	62		2015	63				container_6254qlrkdrbohjqudykbt45y2u	fulltext		ERFARET, Ldt	0014-6897
serial	Open Journal of Modern Physics	2372-627X	2372-6288	2014	2014		2015	2015				container_2pbeeqy6qzhvzio4qm4d7ug77a	fulltext		Scientific Online Publishing, Co., Ltd	2372-627X
serial	Jurnal Perencanaan Wilayah dan Kota	0853-9847	2442-3866	2014	25		2017	27				container_qgsql52w4rarjcd7n2y2cinrfa	fulltext		The Institute for Research and Community Services ITB	0853-9847
serial	Journal of Amino Acids	2090-0104	2090-0104	2010	2010		2017	2017				container_4ovgtinze5hfpckupbb7224wh4	fulltext		Hindawi Limited	2090-0104
serial	Iconofacto	1900-2785	2390-0040	2015	11		2016	12				container_wf4h6cmzabgdxmdpkemmw6h65u	fulltext		Universidad Pontificia Bolivariana	1900-2785
serial	Journal of Agriculture Science & Technology	0529-4029		2014	48		2015	51				container_2p43sorlfzfh3k2vhqmryto6nq	fulltext		Institute of Agriculture Science and Technology	0529-4029
serial	Head and Neck Cancer Research		2572-2107	2016	1		2018	3				container_hmnpe6qod5hjpfgv4oxr3rmtxu	fulltext		Scitechnol Biosoft Pvt. Ltd	2572-2107
serial	Cardiovascular Psychiatry and Neurology	2090-0163	2090-0171	2009	2009		2017	2017				container_ltwqvc6udzf7hbattxhy67rtkq	fulltext		Hindawi Limited	2090-0171
serial	Transactions of the Royal Irish Academy	0790-8113		1787	1		1856	23				container_eslkrxaopjbfpgq7ef5sq4mpo4	fulltext		Royal Irish Academy; JSTOR	0790-8113
serial	Management Science and Financial Engineering	2287-2043		2012	18		2016	22				container_ppbihzweybgsdfvavjf7vzoo6i	fulltext		The Korean Operations and Management Science Society	2287-2043
serial	Medical & Clinical Reviews		2471-299X	2016	1		2018	4				container_iqmxutbxt5gwtg2sh376l7bbaa	fulltext		Scitechnol Biosoft Pvt. Ltd	2471-299X
serial	The Polish Journal of Aviation Medicine Bioengineering and Psychology	2451-3512	2543-7186	2016	22		2022	26				container_qdxmvgth2jbf5ahbxovooo7b4q	fulltext		Military Institute of Aviation Medicine	2451-3512
serial	Wrocławskie Studia Wschodnie	1429-4168		2019	23		2022	25				container_5ocxfbf3cfbkzir4vh6bwsmhju	fulltext		Wydawnictwo Uniwersytetu Wroclawskiego	1429-4168
serial	Annales Universitatis Mariae Curie-Skłodowska sectio G (IUS)	0458-4317	2449-8505	2014	61		2021	68				container_zv2hv6oao5gyze2qtjxfc6k5ym	fulltext		Wydawnictwo Uniwersytetu Marii Curie-Skłodowskiej w Lublinie	0458-4317
serial	Clujul Medical	1222-2119	2066-8872	2007	86		2017	92				container_endx2vxygvd7dgiyrlfrhgn54i	fulltext		Clujul Medical	1222-2119
serial	Research Letters in Signal Processing	1687-6911	1687-692X	2008	2008		2009	2009				container_kyakitztfrcpzdj2frqh34qzqa	fulltext		Hindawi Limited	1687-6911
serial	Acta Científica Ciências Humanas	1519-9800	1519-9800	2015	25		2019	27				container_otobx2pbu5b6thqcwzoyaaxtha	fulltext		Instituto Adventista de Ensino	1519-9800
serial	ISRN Soil Science		2090-875X	2012	2012		2014	2014				container_smehdhmkybf5bokrx5thu3jmla	fulltext		Hindawi (International Scholarly Research Network)	2090-875X
serial	Proceedings of the Japanese Histochemical Association	0388-077X	1883-9444	1966	1966		1967	1967				container_eq7cc57zpvdehmh75fkvbac55m	fulltext		Japan Society of Histochemistry and Cytochemistry	0388-077X
serial	Turkiye Klinikleri Journal of Neurology	1304-0537	2146-8907	2015	10		2018	13				container_idgcx7i4zjhv3dfz2izahswqj4	fulltext		Ortadogu Reklam Tanitim Yayincilik Turizm Egitim Insaat Sanayi ve Ticaret A.S	1304-0537
serial	Universitas Jus	1519-9045	1982-8268	2012	23		2016	27				container_4zf6vrrzgfgfzckq4m2g4ao5em	fulltext		Centro de Ensino Unificado de Brasilia	1519-9045
serial	Bulletin of the Department of Geology	1996-3491		2008	10		2020	22				container_hvoxoqckcjgr3keqja3sfiy6lm	fulltext		Nepal Journals Online	1996-3491
serial	eL-HIKMAH Jurnal Kajian dan Penelitian Pendidikan Islam	2086-3594	2527-4651	2019	13		2020	14				container_oxagg6rejbdjbpgsqno2lgnws4	fulltext		State Islamic University (UIN) Mataram	2086-3594
serial	CedarEthics A Journal of Critical Thinking in Bioethics		2333-9713	2008	10		2014	14				container_63corx6jnzckzb6kcnlsyou4wu	fulltext		Centennial Library	2333-9713
serial	Journal of Allergy	1687-9783	1687-9791	2009	2009		2017	2017				container_xadtevytlfhrpfa5jtk4yiqebe	fulltext		Hindawi Limited	1687-9783
serial	Analele Universitatii Ovidius Constanta - Seria Chimie	1223-7221	1223-7221	2012	23		2014	25				container_c56pfwkydjgn3olznhcmabiwxe	fulltext		De Gruyter Open Sp. z o.o.	1223-7221
serial	ISRN Bioinformatics	2090-7338	2090-7346	2012	2012		2014	2014				container_zm6txpuo35hz5lykl57d5srvd4	fulltext		Hindawi (International Scholarly Research Network)	2090-7338
serial	ISRN Analytical Chemistry	2090-7311	2090-732X	2012	2012		2014	2014				container_qjmruliieraptlhhn23l2oqvgi	fulltext		Hindawi (International Scholarly Research Network)	2090-7311
serial	Archives of psychiatry	2410-7484		2014	20		2019	25				container_w6b4dsfgsrb5pfovu2ie3y6rta	fulltext		Research Institute of Psychiatry Ministry of Health of Ukraine	2410-7484
serial	JEMBATAN	0216-6836		2019	15		2020	17				container_qfdmvsec4rhjnabc4p3dahbm3u	fulltext		Faculty of Economics, Universitas Sriwijaya	0216-6836
serial	Hepatitis Research and Treatment	2090-1364	2090-1372	2010	2010		2017	2017				container_qan5kf7jqrexpfiomqqod6sdfi	fulltext		Hindawi Limited	2090-1364
serial	JURNAL PENDIDIKAN EKONOMI Jurnal Ilmiah Ilmu Pendidikan Ilmu Ekonomi dan Ilmu Sosial	1907-9990	2548-7175	2017	11		2020	14				container_a3mieeqjujdijeybtecod6htyq	fulltext		UPT Penerbitan Universitas Jember	1907-9990
serial	Polish Journal of Applied Psychology	1642-1892	2354-0052	2014	12		2017	15				container_k6q4evroxnfudiegfe7mukl26m	fulltext		Walter de Gruyter GmbH	1642-1892
serial	ISRN Ophthalmology	2090-5688	2090-5696	2011	2011		2014	2014				container_zf3xvhxppjdidf5w52e3pzszaq	fulltext		Hindawi (International Scholarly Research Network)	2090-5688
serial	PKn progresif	1907-5332	2621-1904	2018	13		2020	15				container_ysikf3ipoze5le6gj5bqej42bi	fulltext		Universitas Sebelas Maret	1907-5332
serial	Milli mála - Journal of Languages and Culture	2298-1918	2298-7215	2018	10		2021	13				container_bi53swh6xjg2fbgeecgzy6n4q4	fulltext		The National and University Library of Iceland	2298-1918
serial	Sleep Medicine and Psychophysiology	1225-7354		2013	20		2014	21				container_v65oyif735cvrcatdzpfqwii2e	fulltext		Korean Academy of Sleep Medicine	1225-7354
serial	Direito & Justiça	0100-9079	1984-7718	2014	40		2016	42				container_mhfh5bjsirggdi6b3hdnp5kwt4	fulltext		EDIPUCRS	0100-9079
serial	Revista Eletrônica Espaço Teológico		2177-952X	2019	12		2022	16				container_ramd6pr3sfdchjvkwojqadkg7q	fulltext		Portal de Revistas PUC SP	2177-952X
serial	Economic Bulletin of the National Mining University	2073-9982	2415-704X	2019	65		2020	70				container_nqf5kd72kze4fajltaduzef7x4	fulltext		Dnipro University of Technology	2073-9982
serial	Quantum	2086-7328	2550-0716	2020	11		2021	12				container_dn26r323cnggjina2yvvr2u2uy	fulltext		Center for Journal Management and Publication, Lambung Mangkurat University	2086-7328
serial	Srce i krvni sudovi	1821-4835		2011	30		2018	37				container_guoky43zcjfupmka5pe445hymq	fulltext		Centre for Evaluation in Education and Science	1821-4835
serial	Revista del Departamento de Psicología - UFF	0104-8023	1980-5489	2005	17		2007	19				container_lmsq66k6yzfu7iabbwueg7drsa	fulltext		SciELO	0104-8023
serial	journal of counseling research	2008-1634	2008-1634	2019	18		2020	19				container_5adv24k3nbbmfe3cvnyp5zlfjy	fulltext		Armenian Green Publishing Co.	2008-1634
serial	Bulletin of the South Ural State University Series «Social Sciences and the Humanities»	1990-8466	2413-1024	2017	17		2018	18				container_2mdh57pszbgstfulk65dobcxzm	fulltext		FSAEIHE South Ural State University (National Research University)	1990-8466
serial	Medical facts and observations	0952-4185		1791	1		1799	7				container_fi4vcoqvenclnfhwnhjcjecnby	fulltext		printed for J	0952-4185
serial	Neuroscience Journal	2314-4262	2314-4270	2013	2013		2019	2019				container_shpw7xezhfa7pbw22lxqnqsnpq	fulltext		Hindawi Limited	2314-4262
serial	ISRN Pharmacology	2090-5165	2090-5173	2011	2011		2014	2014				container_r33idiinjfhv5ls5arsplvmhj4	fulltext		Hindawi (International Scholarly Research Network)	2090-5165
serial	Reports on Geodesy and Goeinformatics	0867-3179	0867-3179	2013	94		2014	96				container_po3trptou5b7he7mnz7zjepf5u	fulltext		De Gruyter Open Sp. z o.o.	0867-3179
serial	Dar Es Salaam Medical Students Journal	0856-7212	0856-7212	2011	16		2013	19				container_wosafpxvird6hfj43vmgfqqexy	fulltext		African Journals Online	0856-7212
serial	American Journal of Advanced Drug Delivery		2321-547X	2016	4		2018	6				container_fkfzhe4sqjbjfccpcj7bsb7mye	fulltext		Scitechnol Biosoft Pvt. Ltd	2321-547X
serial	Bulletin Economics Organisation and Informatics in Healthcare	1318-2927	1318-2927	2011	27		2012	28				container_2huuqnrtjnhq7jceluowi2mtqi	fulltext		De Gruyter Open Sp. z o.o.	1318-2927
serial	Journal of Clinical Infectious Diseases & Practice		2476-213X	2017	2		2018	3				container_lnrq6fj27ndeth7owlhd6rplmy	fulltext		OMICS Publishing Group	2476-213X
serial	Vocational Training: Research and Realities	1392-6241	2029-8447	2015	26		2018	29				container_vzmlrxnmj5ffjfsxll4z3ql2ii	fulltext		Walter de Gruyter GmbH	1392-6241
serial	ITB Journal of Science	1978-3043		2003	35		2012	44				container_j3mtzok4onhevlfx7dgikk67yi	fulltext		The Institute for Research and Community Services ITB	1978-3043
serial	Pathology Research International	2090-8091	2042-003X	2010	2010		2018	2018				container_w7oyof55wrblpphdzfexdwmrrm	fulltext		Hindawi Limited	2042-003X
serial	ACTA Universitatis Cibiniensis	1583-7149	1583-7149	2014	64		2017	69				container_k5y7jb5obvgcdb247w4gcuwn6a	fulltext		De Gruyter Open Sp. z o.o.	1583-7149
serial	The Advocate of Peace (1837-1845)	2154-8382		1837	1		1845	6				container_c2jntycguzgu5b5sttfxdeloau	fulltext		American Peace Society ; JSTOR	2154-8382
serial	ISRN Orthopedics	2090-6161	2090-617X	2011	2011		2014	2014				container_7dwvbyza7fc63aoduc2zkh4vga	fulltext		Hindawi (International Scholarly Research Network)	2090-6161
serial	Tantak	0214-9753	2444-3581	2015	27		2021	33				container_mhfefdhwvbfblhqeidwbdwxcqi	fulltext		UPV/EHU Press	0214-9753
serial	Revista de la Facultad de Medicina	0326-7083		2015	28		2019	38				container_e5maaljg6fe5vorplwsyjiftje	fulltext		Universidad Nacional del Nordeste	0326-7083
serial	Klìnìčna farmacìâ	1562-725X	2518-1572	2014	18		2020	24				container_dphisb6bpjfajcrfvb2e77icwy	fulltext		National University of Pharmacy	1562-725X
serial	2-trik : Tunas-Tunas Riset Kesehatan	2089-4686	2548-5970	2015	10		2022	12				container_4wgq5dknz5dcbg4qyti7azjs4q	fulltext		Forum Ilmiah Kesehatan - Forikes	2089-4686
serial	Trabajos de Geologia	0474-9588	1988-5172	2015	34		2017	35				container_xdcrhukrcjf3jndx7yek7ng364	fulltext		Universidad de Oviedo	0474-9588
serial	Physiotherapy and Health Activity	2392-2664	2392-2664	2014	22		2018	25				container_yzdxsqhqjbgjxehv5vfvrlo2oq	fulltext		Walter de Gruyter GmbH	2392-2664
serial	Korean Journal of Audiology	2092-9862	2093-3797	2012	16		2014	18				container_geltvv3qznavzm5pnmbulseuii	fulltext		The Korean Audiological Society	2092-9862
serial	Privredna izgradnja	0032-8979		2003	46		2004	47				container_kzgjchh4qvc4bofe4p4zer5kai	fulltext		National Library of Serbia	0032-8979
serial	Journal of Korean Oncology Nursing	1598-4559	2093-7776	2010	10		2011	11				container_o2eva3wfjjgyxgftkpxvz5aflu	fulltext		Korean Oncology Nursing Society (KAMJE)	1598-4559
serial	Modern Instrumentation	2165-9257	2165-9273	2012	1		2018	7				container_u2lqnk354ba27fumaaddhtpzxy	fulltext		Scientific Research Publishing, Inc	2165-9257
serial	ISRN surgery	2090-5785	2090-5793	2011	2011		2014	2014				container_bxz6mutcc5g2pbgxp4onr3drnq	fulltext		Hindawi (International Scholarly Research Network)	2090-5785
serial	Journal of Biophysics	1687-8000	1687-8019	2008	2008		2018	2018				container_fia5dxytxzfkfmvde5j7bwc2lm	fulltext		Hindawi Limited	1687-8000
serial	ISRN Allergy	2090-5521	2090-553X	2012	2012		2014	2014				container_26cpilvuvjfkhglqbmei5zb74m	fulltext		Hindawi (International Scholarly Research Network)	2090-553X
serial	Canadian Journal for Studies in Discourse and Writing/Rédactologie		2292-1591	2018	28		2020	30				container_w7stkujzzfcmhn556f7imvhdeu	fulltext		Canadian Journal for Studies in Discourse Writing/Redactology	2292-1591
serial	Egyptian Journal of Biology	1110-6859	1110-6859	2011	13		2015	16				container_kihseyiv2zbxphcuxhv5uytyja	fulltext		African Journals Online	1110-6859
serial	Research Yearbook Institute of Philosophy and Law Ural Branch of the Russian Academy of Sciences	1818-0566	2312-5128	2015	15		2018	18				container_rin46xc5dzeuberal4xnucxaye	fulltext		Institute of Philosophy and Law, Ural Branch of the RAS	1818-0566
serial	Sosiaalipedagoginen aikakauskirja	1457-2168		2018	19		2020	21				container_wbvp63kvgzh23btaxkdo7ncqfu	fulltext		Sosiaalipedagoginen aikakauskirja	1457-2168
serial	Letopis naucnih radova Poljoprivrednog fakulteta	0546-8264		2014	38		2015	39				container_dc65htepqvhongjotk662shk2q	fulltext		Centre for Evaluation in Education and Science	0546-8264
serial	Annals of Valahia University of Targoviste Geographical Series	2393-1485	2393-1493	2016	16		2018	18				container_wz7fmoubg5b27fihnr7h4bvvnq	fulltext		Walter de Gruyter GmbH	2393-1485
serial	ISRN Pediatrics	2090-469X	2090-4703	2011	2011		2014	2014				container_73zqtg33rjfgpf7u5bjsssi2qm	fulltext		Hindawi (International Scholarly Research Network)	2090-469X
serial	The Bombay Technologist	0067-9925	0067-9925	2019	66		2021	68				container_ssvkvmgplnhp3lwp6pi2jvbfva	fulltext		Institute of Chemical  Technology (ICT)	0067-9925
serial	Journal of Dental and Craniofacial Research		2576-392X	2016	1		2017	2				container_2wwgqw6d5vdjlchcwvuq3hkx2i	fulltext		Scitechnol Biosoft Pvt. Ltd	2576-392X
serial	Boletim IG-USP Série Científica	0102-6283	2316-8986	1984	15		1998	29				container_4zuq3s5rz5fmpit5db7gdw67du	fulltext		Universidade de Sao Paulo Sistema Integrado de Bibliotecas - SIBiUSP	0102-6283
serial	Perspectives in Nursing Science	2288-2898	2288-7687	2014	11		2020	17				container_fubtpji74je2lnilo437me6k34	fulltext		The Research Institute of Nursing Science, Seoul National University (KAMJE)	2288-2898
serial	Progress in Superconductivity and Cryogenics	1229-3008		2012	14		2013	15				container_wu2tqfyubzfcvggfswqngntgsa	fulltext		The Korea Institute of Applied Superconductivity and Cryogenics	1229-3008
serial	Cholesterol	2090-1283	2090-1291	2010	2010		2018	2018				container_rbho43v53ze3jjiejjxsbiwsjy	fulltext		Hindawi Limited	2090-1283
serial	ISRN Mechanical Engineering	2090-5122	2090-5130	2012	2012		2014	2014				container_zavlxrvbbnafln3rhpcfk36wpa	fulltext		Hindawi (International Scholarly Research Network)	2090-5122
serial	Modern Research in Catalysis	2168-4480	2168-4499	2012	1		2019	8				container_5z6ylrxkcbdlxb5aidrqjselqq	fulltext		Scientific Research Publishing, Inc	2168-4480
serial	Journal of Dhaka National Medical College & Hospital	1815-3100	2408-8625	2012	17		2013	18				container_nd5vf5mlavgtfcka3l56krpwy4	fulltext		Bangladesh Journals Online	1815-3100
serial	Archives of Foundry Engineering	1897-3310	2299-2944	2012	12		2022	17				container_e6a32v3j2rbufnuclun6y2tl74	fulltext		De Gruyter Open Sp. z o.o.	1897-3310
serial	The Journal of the Korean Bone and Joint Tumor Society	1226-4962	2233-9841	2012	18		2013	19				container_adxcsrr2fjd4rfz7in5irm3l6y	fulltext		Korean Bone and Joint Tumor Society (KAMJE)	1226-4962
serial	Journal of Cytokine Biology		2576-3881	2017	2		2018	3				container_u2vstdbdibhn3ic4ocfi2tfxue	fulltext		OMICS Publishing Group	2576-3881
serial	Jurnal Pendidikan Ekonomi	0216-7085	2579-3780	2017	10		2020	13				container_63jos22k5fhkjc53yq6splayky	fulltext		State University of Malang (UM)	0216-7085
serial	Korean Journal of Mathematics	1976-8605	2288-1433	2011	19		2016	24				container_2qdluh253vg7lhnrd7fnxemfo4	fulltext		The Kangwon-Kyungki Mathematical Society	1976-8605
serial	Ukraïnsʹke muzikoznavstvo	0130-5298	2520-2510	2017	43		2022	48				container_u45lpujncffrjj7jotma2ydvrq	fulltext		Ukrainian National Tchaikovsky Academy of Music	0130-5298
serial	Journal of Chemical and Pharmaceutical Sciences	0974-2115	2349-8552	2018	11		2019	12				container_azrlygi2efaxrd237yw2f4fzzm	fulltext		Sun Publications	0974-2115
serial	Orsis	0213-4039	2014-9727	2014	28		2017	31				container_kr4d34lztndr3cd52qabnegnjm	fulltext		Universitat Autonoma de Barcelona	0213-4039
serial	Boundary Field Problems and Computer Simulation	2255-9124	2255-9132	2015	53		2019	57				container_lpdsdzk6bfcb3mdwkrrpeo4ima	fulltext		Riga Technical University	2255-9124
serial	International Journal of Metals	2356-704X	2314-680X	2015	2015		2017	2017				container_u6hap3nirfaqnkpkvcccfdxgd4	fulltext		Hindawi Limited	2314-680X
serial	Journal of Rare Disorders Diagnosis & Therapy		2380-7245	2016	2		2019	5				container_ewcz2uqharha7mwpruq6qkp3fa	fulltext		Scitechnol Biosoft Pvt. Ltd	2380-7245
serial	Journal of the Korean society of coloproctology	2093-7822	2093-7830	2010	26		2012	28				container_k6wltr3jinchnadxeh5pgm3wou	fulltext		Korean Society of Coloproctology (KAMJE)	2093-7822
serial	Arthritis	2090-1984	2090-1992	2010	2010		2018	2018				container_irfg2bx2m5glhe7eyjxiaaox2y	fulltext		Hindawi Limited	2090-1992
serial	ISRN Agronomy	2090-7656	2090-7664	2012	2012		2014	2014				container_56qh2sqydbd3zcxpzwi7vb7bfe	fulltext		Hindawi (International Scholarly Research Network)	2090-7656
serial	Journal of Korean Public Health Nursing	1226-0290		2012	26		2014	28				container_kaj5kcsqtrbete7cjtmtcz3fqu	fulltext		Korean Society of Public Health Nursing	1226-0290
serial	Geociências	0101-9082	1980-900X	2021	40		2023	41				container_vg5pebuc3zcqljmouwnklpe274	fulltext		Instituto de Geociências e Ciências Exatas, Universidade Estadual Paulista	0101-9082
serial	The Federalist Debate	1591-8483	1591-8483	2015	28		2018	31				container_f6pciid7indmrl4td5ahdw3g3y	fulltext		Walter de Gruyter GmbH	1591-8483
serial	The Workshop	2151-142X		1868	1		1881	14				container_ut6rsfh2d5gmlmgs4zhev6xery	fulltext		JSTOR	2329-8170
serial	Jurnal Dakwah	1411-5905	2614-1418	2015	16		2021	21				container_ac3tzaop6neu5c7q22pstricca	fulltext		Al-Jami'ah Research Centre	1411-5905
serial	Arte & Diseño	1692-8555		2014	10		2016	12				container_7qi65tlbfbab5da57jmqxd22bq	fulltext		Universidad Autonoma del Caribe	1692-8555
serial	ISRN Dentistry	2090-4371	2090-438X	2011	2011		2014	2014				container_x3ppuhvf2bhfjmp46uwen7qqae	fulltext		Hindawi (International Scholarly Research Network)	2090-4371
serial	Acta Chirurgica Latviensis	1407-981X	2199-5737	2009	10		2020	18				container_63ispd3zfnaspjmv4x6iiryqvq	fulltext		De Gruyter Open Sp. z o.o.	1407-981X
serial	Jurnal Pengembangan Rekayasa dan Teknologi	1410-9840	2580-8850	2012	14		2019	15				container_64xy5hdlxzenbpmiyke37tlywa	fulltext		Universitas Semarang	1410-9840
serial	Oceánide		1989-6328	2009	12		2021	14				container_pawca46ukjgmxg2aaxhvqvr7di	fulltext		Sociedad Española de Estudios Literarios de Cultura Popular	1989-6328
serial	مستقبل التربیة العربیة	1687-3572	2537-0642	2019	26		2022	29				container_fzzzjdknwje37f6vsrl6dgxq4q	fulltext		Egypts Presidential Specialized Council for Education and Scientific Research	1687-3572
serial	JPK (Jurnal Pendidikan Khusus)	1858-0998	2580-6475	2018	14		2021	17				container_qgvdk456tvfk5lte5la65y5qse	fulltext		Universitas Negeri Yogyakarta	1858-0998
serial	Pediatric Endocrinology	1730-0282	1898-9373	2014	13		2018	17				container_lllpkxkd3jc45na3koxh22reue	fulltext		PROQURAT Andrzej Prokurat	1730-0282
serial	Pediatric Infectious Diseases Open Access		2573-0282	2016	1		2018	3				container_wce2rfmvwrd4jnlqijifb76ldu	fulltext		Scitechnol Biosoft Pvt. Ltd	2573-0282
serial	Interní medicína pro praxi	1212-7299	1803-5256	2018	20		2019	21				container_5e5aegqpqvg4zk355dzcpuycje	fulltext		Solen s.r.o.	1212-7299
serial	Jurnal Transportasi	1411-2442	2615-1146	2019	19		2022	22				container_ct5u4jdljrbtniedmr4gdewyze	fulltext		LPPM UNPAR	1411-2442
serial	Studenckie Zeszyty Naukowe	1506-8285	2449-8262	2014	17		2019	22				container_v5vkdq7pmnd6tk5nwmmdwtlseq	fulltext		Wydawnictwo Uniwersytetu Marii Curie-Skłodowskiej w Lublinie	1506-8285
serial	Studia Filmoznawcze	0860-116X		2016	37		2022	43				container_icv3c2hlhjbznaopo5q4vpnnui	fulltext		Wydawnictwo Uniwersytetu Wroclawskiego	0860-116X
serial	Sophia. Human and Religious Studies Bulletin	2521-6570		2019	13		2022	20				container_he7qy5qzyndp5k3r6x77rfuf3m	fulltext		Taras Shevchenko National University of Kyiv	2521-6570
serial	Journal of Translational Medicine and Research	2393-4999	2393-4999	2014	19		2017	22				container_vbkzzhqhnnalflykq3eadef53y	fulltext		Celsius Publishing House	2392-7232
serial	American Business Review	0743-2348	2689-8810	2020	23		2021	24				container_x66lbttzvjhcfej7jjywmfgh6y	fulltext		Pompea College of Business - University of New Haven	2689-8810
serial	Current Topics in Biophysics	1232-9630	1232-9630	2011	34		2019	42				container_buolaeu64nbaxb6ks4bemtg2aq	fulltext		De Gruyter Open Sp. z o.o.	1232-9630
serial	Posgrado y Sociedad Revista Electrónica del Sistema de Estudios de Posgrado		2215-2172	2017	10		2020	18				container_bui4etehvfel3awtulu2i735tu	fulltext		Universidad Estatal a Distancia	2215-2172
serial	INVESTIGAÇÃO		2177-4080	2017	16		2018	17				container_oo3lmceqt5gh5hjg46rloon4am	fulltext		Cruzeiro do Sul Educacional	2177-4080
serial	Journal of Sexually Transmitted Diseases	2090-7893	2090-7958	2013	2013		2017	2017				container_m5hmyp5oyrd2tmtwdvnw425x3u	fulltext		Hindawi Limited	2090-7958
serial	Spectral Analysis Review	2331-2092	2331-2106	2014	2		2018	6				container_yihek5pmpnazpphmdnfrdq5adq	fulltext		Scientific Research Publishing, Inc	2331-2092
serial	Agrometeoros		2526-7043	2016	24		2023	31				container_g2imamy2qrhfhoxtj2uvtgpp4y	fulltext		AGROMETEOROS	2526-7043
serial	International Research Journal of Arts and Social Sciences		2276-6502	2013	2		2017	7				container_2i4ruhnv75b33mce4a7iqefyze	fulltext		International Research Journals (OMICS)	2276-6502
serial	International Law Revista Colombiana de Derecho Internacional	1692-8156	2011-1703	2014	12		2017	15				container_jxalzm6ojzdfro4fwdxu4slqw4	fulltext		Editorial Pontificia Universidad Javeriana	1692-8156
serial	Rajshahi University Journal of Science and Engineering	2309-0952	2408-8803	2015	43		2016	44				container_qatlu32jdrboxmqo2mbn2tewlu	fulltext		Bangladesh Journals Online	2309-0952
serial	Symbolae Philologorum Posnaniensium Graecae et Latinae	0302-7384	2720-2305	1970	24		2022	32				container_ra5xnn46j5atbkmwmel742fyga	fulltext		Adam Mickiewicz University Poznan	0302-7384
serial	JSME international journal Ser C Dynamics control robotics design and manufacturing	1340-8062		1993	36		1997	40				container_ti6453akdzcktlwczsnlh37z6u	fulltext		The Japan Society of Mechanical Engineers	1340-8062
serial	ISRN Radiology		2314-4084	2013	2013		2014	2014				container_4tpa6ydnnbh3xhkn6nl3b46z4i	fulltext		Hindawi (International Scholarly Research Network)	2314-4084
serial	Oceanography Open Access	2332-2632	2332-2632	2014	2		2017	5				container_lcwhusij6zardfqwxsvvelao3q	fulltext		OMICS Publishing Group	2332-2632
serial	Revista e-mercatoria	1692-3960	1692-3960	2015	14		2022	21				container_34h5og4osfffte3ly2qwthnq2y	fulltext		Universidad Externado de Colombia	1692-3960
serial	Ciencia	1390-1117	1390-1117	2016	18		2020	22				container_dkswygwkzzdchdgevdz3ironhu	fulltext		Universidad de las Fuerzas Armadas ESPE	1390-1117
serial	Transactions of the Annual Meetings of the Kansas Academy of Science	1933-0545		1881	10		1899	17				container_hu3dyuvfangspa6kie63czrxk4	fulltext		JSTOR	1933-0545
serial	ISRN Pharmaceutics	2090-6145	2090-6153	2011	2011		2014	2014				container_7rc236uvercibkdmk3mr3c33qe	fulltext		Hindawi (International Scholarly Research Network)	2090-6145
serial	Fermentario	1688-535X	1688-6151	2020	14		2021	15				container_3sqkl5nsjfc5hjpazr4yeyypzy	fulltext		Departamento de Historia y Filosofía, Universidad de la República del Uruguay	1688-535X
serial	Diabetes Case Reports		2572-5629	2016	1		2018	3				container_qg2olcxqvnfuppahdt3wffx65q	fulltext		OMICS Publishing Group	2572-5629
serial	Environmental Mutagen Research	0910-0865	1880-7054	2003	25		2004	26				container_ygj7cnlk3zamhnvtiqn4qxmmve	fulltext		The Japanese Environmental Mutagen Society	0910-0865
serial	Optimal: Jurnal Ekonomi dan Kewirausahaan	1978-2586	2597-4823	2018	12		2021	15				container_ixt67ez6o5d47n4ksklflzmx3i	fulltext		Universitas Islam 45	1978-2586
serial	Boletim da Biblioteca da Universidade de Coimbra	0870-0273	1647-8436	1970	44		2020	50				container_oneua7uuz5hfvk5bqpan7m345i	fulltext		Biblioteca da Universidade de Coimbra	1647-8436
serial	ISRN Addiction		2314-4734	2013	2013		2014	2014				container_wkl6pq5kpfbcvhjpxvjfyyjtne	fulltext		Hindawi Limited	2314-4734
serial	AL-ISHLAH Jurnal Pendidikan Islam	1693-7449	2685-6581	2019	17		2021	19				container_3nxvtwft2faxnn5axwbydgyz4e	fulltext		Institut Agama Islam Negeri Parepare	2685-6581
serial	Jurnal Vektor Penyakit	1978-3647	2354-8835	2018	12		2020	14				container_jgnbj4q7ezadjm7q3bci7uoh3i	fulltext		Badan Penelitian dan Pengembangan Kesehatan	2354-8835
serial	ISRN Anatomy		2314-4726	2013	2013		2014	2014				container_iw5ljughergj3fdlz7cqzzx3di	fulltext		Hindawi (International Scholarly Research Network)	2314-4726
serial	Enzyme Research	2090-0406	2090-0414	2010	2010		2019	2019				container_tbum4zrnovffzhkax6jrxkxu5y	fulltext		Hindawi Publishing Corporation (Sage-Hindawi Access to Research)	2090-0414
serial	Biochemistry & Molecular Biology Journal	NA	2471-8084	2015	1		2017	3				container_vh6qtz5rvrfs5haqjmxmur2ouy	fulltext		Scitechnol Biosoft Pvt. Ltd (OMICS)	2471-8084
serial	Jurnal Ilmiah Realtech	1907-0837		2018	14		2020	16				container_56rfhkonnfdo3ovxyovpbgxgiy	fulltext			1907-0837
serial	Scripta Judaica Cracoviensia	1733-5760	2084-3925	2018	16		2021	19				container_iwkeovh6lfa5xd7lbr4ozbf5ci	fulltext		Uniwersytet Jagiellonski – Wydawnictwo Uniwersytetu Jagiellonskiego	1733-5760
serial	Chonnam Medical Journal	0377-9564	2233-7393	2008	44		2009	45				container_6ud3zhr3yjb6rh66j6mj7apqw4	fulltext		Chonnam National University Medical School (KAMJE)	0377-9564
serial	Revue québécoise de linguistique	0710-0167	1705-4591	1981	11		2003	32				container_32bn55eyjbgpfcum5xwfdx6fxy	fulltext		Consortium Erudit	0710-0167
serial	Cuadernos de Historia del Derecho	1133-7613	1988-2521	2002	9		2022	29				container_vrw4lzwjsvemtbn2h4jzwkcfrq	fulltext		Universidad Complutense de Madrid	1133-7613
serial	The Journal of the Kilkenny and South-East of Ireland Archaeological Society	0790-6366		1856	1		1867	6				container_rm4gmlj2wnav3hvttmy6fon5ci	fulltext		Kilkenny and South-East of Ireland Archaeological Society; JSTOR	0790-6366
serial	Jalabahasa	1858-4969	2615-6032	2017	12		2021	17				container_tz7tq5i3ibdq7jilokmtwxbi44	fulltext		Balai Bahasa Jawa Tengah	1858-4969
serial	International Journal of Evolutionary Biology	2090-8032	2090-052X	2009	2009		2017	2017				container_vroqnatv6zbz5dgdm4idsxtjum	fulltext		Hindawi Limited	2090-052X
serial	Télescope - Revue d'analyse comparée en administration publique	1203-3294	1929-3348	2012	18		2013	19				container_7p3swdqcc5a47m3ietotylduo4	fulltext		Consortium Erudit	1203-3294
serial	COMMERCE TODAY	0975-7775		2018	12		2019	13				container_dqrz64k5tfchlnnj7ryn67gbhq	fulltext		Sri Jai Narain P.G. College, Lucknow	0975-7775
serial	JSME international journal. Series A, Solid mechanics and material engineering	1344-7912	1347-5363	1997	40		2006	49				container_ip7ibv2u4nf2rguaicb5jo26hy	fulltext		The Japan Society of Mechanical Engineers	1344-7912
serial	ISRN Psychiatry		2090-7966	2012	2012		2014	2014				container_zxtnwcluqzdxhh2qe44jcwh7uu	fulltext		Hindawi (International Scholarly Research Network)	2090-7966
serial	Journal of Derivatives & Hedge Funds	1753-9641	1753-965X	2011	17		2014	20				container_5cas6pmphbdfbee5w3m4xdrnoe	fulltext		Springer Nature	1753-9641
serial	Revista Dental Press de Ortodontia e Ortopedia Facial	1415-5419	1980-5500	2005	10		2008	13				container_q73ocbjcx5d2zbtepwbvgr4dqe	fulltext		SciELO	1415-5419
serial	Archives of Thermodynamics	1231-0956	2083-6023	2010	31		2022	38				container_uczy32g5czegfeyxhpse2wb2hy	fulltext		De Gruyter Open Sp. z o.o.	1231-0956
serial	Średniowiecze polskie i powszechne	2080-492X	2353-9720	2019	12		2022	14				container_w3lxdq3jrzaydb2wsbed5jazkm	fulltext		Uniwersytet Śląski	2080-492X
serial	Memoria y Sociedad	0122-5197	2248-6992	2003	7		2018	22				container_6sssevxkbrcxvcuac7paxkm2g4	fulltext		Editorial Pontificia Universidad Javeriana	0122-5197
serial	ISRN Rehabilitation	2090-6129	2090-6137	2012	2012		2014	2014				container_owdm2pra5fdqjodstmypdofe44	fulltext		Hindawi (International Scholarly Research Network)	2090-6129
serial	Pimatisiwin : A Journal of Indigenous and Aboriginal Community Health	1705-7841	1705-785X	2008	6		2014	11				container_gyjhepkn5rfhhagqwezhozyuzy	fulltext		Native Counselling Services of Alberta	1705-7841
serial	Scandinavian Philology	0202-2397	2618-9518	2016	14		2021	19				container_avyjzp3ya5dvvm5cp77e3ynqim	fulltext		Saint Petersburg State University	0202-2397
serial	Vìsnik Dnìpropetrovsʹkogo unìversitetu. Serìâ Mehanìka	2312-2897	2415-7309	2018	26		2019	27				container_c4rzwvvinfbcxgzf2zesvquhsy	fulltext		Oles Honchar Dnipropetrovsk National University	2312-2897
serial	Komunikasi : jurnal komunikasi	2086-6178	2579-3292	2019	10		2022	13				container_dazzeeif6ffgvfov6sckzljgli	fulltext		Universitas Bina Sarana Informatika	2086-6178
serial	Journal of health disparities research and practice		2166-5222	2008	2		2019	12				container_dwukw3sojvaazje2nvo37khquq	fulltext			2166-5222
serial	Roczniki Historyczne	0324-8585		2014	80		2023	88				container_ilpa4ro7pneq7h7uqq4zffphge	fulltext		Uniwersytet Mikolaja Kopernika/Nicolaus Copernicus University	0324-8585
serial	KOSMOS	0368-6213		1930	14		2019	95				container_sncg4lmginbcjhyaf25orkqe5i	fulltext		Swedish Physical Society	0368-6213
serial	Nihon Sakumotsu Gakkai Hokuriku Shibu kaiho	0388-791X	2189-7409	1965	1		1973	7				container_xdkktctk7ff7blvgg5mxz3b5tu	fulltext		J-STAGE	0388-791X
serial	SIGMA EPSILON - Buletin Ilmiah Teknologi Keselamatan Reaktor Nuklir	0853-9103	2684-9356	2018	22		2021	25				container_gwd4swsh7fb5dmdb7ctfzbypk4	fulltext		National Atomic Energy Agency of Indonesia (BATAN)	0853-9103
serial	Wahana	0853-4403	2654-4954	2016	66		2021	72				container_xy2yocnu4zdtbkgcgxxfvlm6la	fulltext		Universitas PGRI Adi Buana Surabaya	0853-4403
serial	Jurnal Penginderaan Jauh dan Pengolahan Data Citra Digital	1412-8098	2549-726X	2017	14		2018	15				container_frmihmk2x5cs3kyyhurwne4bzu	fulltext		Indonesian National Institute of Aeronautics and Space (LAPAN)	1412-8098
serial	ISRN Nutrition		2314-4068	2013	2013		2014	2014				container_sk72kf6cmnahljixne5uzjriu4	fulltext		Hindawi (International Scholarly Research Network)	2314-4068
serial	ISRN Molecular Biology		2090-7907	2012	2012		2014	2014				container_wkbhdrdxkjf7pbhcyxo5rwaz7m	fulltext		Hindawi (International Scholarly Research Network)	2090-7907
serial	Jurnal ILMU DASAR	1411-5735	2442-5613	2010	11		2013	12				container_vilkztz4hvb3fedzfx27ijkbv4	fulltext		UPT Penerbitan Universitas Jember	1411-5735
serial	Natureza Humana	1517-2430	2175-2834	2014	16		2021	23				container_z2wqn6dwhjdnln4twf7eshyt5m	fulltext		Galoa Events Proceedings	2175-2834
serial	ISRN Family Medicine		2314-4769	2013	2013		2014	2014				container_lpgskdqshvcyrgbng3ixxiltpy	fulltext		Hindawi (International Scholarly Research Network)	2314-4769
serial	Anais de filosofia clássica		1982-5323	2018	12		2020	14				container_g24uaunzivauhi4koa44hcj75u	fulltext		OUSIA laboratory in Classical Studies, Universidade Federal do Rio de Janeiro	1981-7606
serial	Berkala Fisika Indonesia	2085-0409	2085-0409	2020	11		2022	13				container_y4rao4yeyfhsrjhygxvsa7eu7u	fulltext		Universitas Ahmad Dahlan	2085-0409
serial	Actualidades Biológicas	0304-3584	2145-7166	2020	41		2021	44				container_wajfklxxa5ffxifsiwqlm5fbne	fulltext		Universidad de Antioquia	2145-7166
serial	Encuentros	1692-5858	2216-135X	1970	10		2020	18				container_qad5bftfsbcw3j5ayexwvmoxai	fulltext		Universidad Autonoma del Caribe	1692-5858
serial	Cunninghamia	0727-9620	2200-405X	2012	12		2014	14				container_eypwip7hmzcs3ovicid5a4vqym	fulltext		Royal Botanica Gardens and Domain Trust	0727-9620
serial	Komunikasi fisika Indonesia	1412-2960	2579-521X	2018	15		2022	19				container_odl5s3f4cnh5jdo34krofqeile	fulltext		Lembaga Penelitian dan Pengabdian kepada Masyarakat Universitas Riau	1412-2960
serial	Metallurgy and Foundry Engineering	1230-2325		2006	32		2018	44				container_qbseendbpjerzcouridtczdj2u	fulltext		AGH University of Science and Technology Press	1230-2325
serial	Investigación Agraria	1131-7965	2340-3578	2004	13		2008	17				container_2q4m2l5jrnbihok5syjyg2klqi	fulltext		Instituto Nacional de Investigacion y Tecnologia Agraria y Alimentaria	1131-7965
serial	Oncología (Barcelona)	0378-4835	0378-4835	2004	27		2007	30				container_25qbqan2abdcjdgud5kkc6robe	fulltext		Instituto de Salud Carlos III/BNCS/SciELO Espana	0378-4835
serial	ISRN Hepatology		2314-4041	2013	2013		2014	2014				container_ir6343jb4jc6poipytkbe3gw2a	fulltext		Hindawi (International Scholarly Research Network)	2314-4041
serial	Genetics Research International	2090-3154	2090-3162	2011	2011		2019	2019				container_mqznovdr45b53ixm67r4rdrvhu	fulltext		Hindawi Limited	2090-3162
serial	Journal of Veterinary Medicine	2356-7708	2314-6966	2013	2013		2019	2019				container_vk3qddqfszgp5kamlbcu2r5zyq	fulltext		Hindawi Limited	2314-6966
serial	Lung Cancer International	2090-3197	2090-3200	2011	2011		2017	2017				container_fai5crj3ync23nnfwnhh7wz7bq	fulltext		Hindawi Limited	2090-3200
serial	Acta geologica Polonica	0001-5709	2300-1887	2012	62		2022	67				container_wlpmvo4ij5eqfnptzxyhjrgfpa	fulltext		De Gruyter Open Sp. z o.o.	0001-5709
serial	Journal of Agrobiology	1803-4403	1804-2686	2010	27		2013	30				container_n5npg6my6fhjlhg45hryzx2vzi	fulltext		De Gruyter Open Sp. z o.o.	1803-4403
serial	Acta Biologica Cracoviensia Series Botanica	0001-5296	1898-0295	2010	52		2023	59				container_eq5wr5uixva6rclbfno6mxedva	fulltext		De Gruyter Open Sp. z o.o.	0001-5296
serial	Artvin Çoruh Üniversitesi Orman Fakültesi Dergisi	2146-1880	2146-698X	2014	15		2015	16				container_oaaokutmdjaqdjrqbtvqt4shxy	fulltext		Artvin Çoruh Üniversitesi	2146-698X
serial	Pangkaja	1412-7474		2021	24		2022	25				container_7ztfsu4z65crhldzznysss36ce	fulltext			1412-7474
serial	Revista brasileira de música	0103-7595		2020	32		2021	33				container_eou4vss24rc7nlrt4bbsb7iisi	fulltext		Programa de Pós-graduação em Música, Universidade Federal do Rio de Janeiro	0103-7595
serial	Archives of Environmental Protection	2083-4772	2083-4810	2012	38		2022	43				container_qvwtk3vyobhnbdojvdztffe3je	fulltext		De Gruyter Open Sp. z o.o.	2083-4810
serial	Avances en Periodoncia e Implantología Oral	1699-6585	1699-6585	2001	13		2015	27				container_2naksxvuejapfd5xsngntcgogq	fulltext		Instituto de Salud Carlos III/BNCS/SciELO Espana	1699-6585
serial	Revista Margens Interdisciplinar	1806-0560	1982-5374	2020	13		2021	14				container_4ityxyfcqvbexessizecmy3gea	fulltext		Universidade Federal do Para	1982-5374
serial	International Journal of Peptides	1687-9767	1687-9775	2009	2009		2017	2017				container_2zekhsg66bcshkovyvltyjnbbe	fulltext		Hindawi Limited	1687-9767
serial	Cuadernos de Estudios Empresariales	1131-6985	1988-2610	2013	21		2017	27				container_fhcahzhb6jeavmy334d3ewutzi	fulltext		Universidad Complutense de Madrid	1131-6985
serial	Journal of basic and clinical pharmacy	0976-0105		2010	1		2012	3				container_niozlzeuwrgsvipejjvxhnvwdm	fulltext			0976-0113
serial	ISRN Virology		2090-8814	2013	2013		2014	2014				container_orzbomlqurdjdejb7b6kyu7h3m	fulltext		Hindawi (International Scholarly Research Network)	2090-8814
serial	Prenatal Cardiology	2449-6723		2019	2019		2022	2022				container_fwxvmhftardxteoae73vx4rbvu	fulltext		Stowarzyszenie na Rzecz Rozwoju Kardiologii Prenatalnej	2449-6723
serial	Biopropal industri	2089-0877	2502-2962	2019	10		2021	12				container_qlioz7weafdzlplw5huoo74osm	fulltext		Jurnal Biopropal Industri, Balai Riset dan Standardisasi Industri Pontianak	2502-2962
serial	Journal of Korea Multimedia Society	1229-7771		2018	21		2022	25				container_qh6pwvxgsvfjtgydwmknbgobiy	fulltext		Korea Multimedia Society	1229-7771
serial	Geodesy and Cartography	1392-1541	1648-3502	2009	30		2012	33				container_iynsmnhkd5b3dio6cxtjzhmxmm	fulltext		Vilnius Gediminas Technical University	1392-1541
serial	Watson's Art Journal	2152-6796		1867	7		1868	8				container_nnsct6z6rfahxi5pgryxxn3c7a	fulltext		Watson ; JSTOR	2152-6796
serial	Depiction of Health	1608-5671	1608-5671	2019	41		2021	43				container_r4rs2fezybhnljb4susevnfgbu	fulltext		Tabriz University of Medical Sciences	1608-5671
serial	Journal of burns and wounds		1554-0766	2005	4		2007	7				container_wdrmrymnqzeltgkvrjhq22tgia	fulltext			1554-0766
serial	The Quarterly Illustrator	2151-1705		1893	1		1895	3				container_b67luwo5gjfy3jeh3c3tecagpu	fulltext		Jones, JSTOR	2151-1705
serial	Humanities and Social Sciences Latvia	1022-4483		2018	26		2021	29				container_ruzdmz3bbvhcxnkz3fcu7sosle	fulltext		University of Latvia	1022-4483
serial	Journal of signal transduction	2090-1739	2090-1747	2010	2010		2020	2020				container_4dizuzlxkzclblxkvm5ybq7icu	fulltext		Hindawi Limited	2090-1747
serial	ISRN AIDS		2090-939X	2012	2012		2014	2014				container_iuz63u7vhjdqlbwol7cvstosqq	fulltext		Hindawi (International Scholarly Research Network)	2090-939X
serial	APSP Journal of Case Reports		2218-8185	2011	2		2018	8				container_fpfu532cfrcufbbe6nyrszcp7m	fulltext		El-Med-Pub Publisher	2218-8185
serial	Ornis Norvegica	1502-0878	1892-9737	2004	27		2022	45				container_4tykbma2mzbc5dctpbrila7jea	fulltext		Norsk ornitologisk forening	1892-9737
serial	Western New England law review	0190-6593		1978	1		2004	26				container_clvi3s5wivdobjjq7kc65txhcu	fulltext			0190-6593
serial	Zeitschrift für deutsches Alterthum	1619-6627		1841	1		1869	14				container_fehb2rb4rfbffjdjbnnum362ii	fulltext		Weidmann; JSTOR	1619-6627
serial	Greget. Jurnal pengetahuan dan penciptaan tari	1412-551X	2716-067X	2019	18		2020	19				container_q333mzjh5jcgzje3romnjnsdrm	fulltext		Institut Seni Indonesia Surakarta	1412-551X
serial	Jurnal Penelitian Politik	1829-8001	2502-7476	2018	15		2020	17				container_f4sqi4mmwjhprfzsaucbmnb6qa	fulltext		Indonesian Institute of Sciences	2502-7476
serial	ISRN Pulmonology	2090-5769	2090-5777	2011	2011		2014	2014				container_tgjxpa4wvrbippzy2f6l67o3ge	fulltext		Hindawi (International Scholarly Research Network)	2090-5769
serial	The Journal Of Korean Association of Maxillofacial Plastic and Reconstructive Surgeons	1225-4207		2013	35		2014	36				container_s6sftoxc2faidea2gfghfbmwp4	fulltext		Korean Association of Maxillofacial Plastic and Reconstructive Surgeons	1225-4207
serial	Iranian Journal of Arthropod-Borne Diseases	1735-7179	2008-2517	2009	3		2011	5				container_gtbbnthvmncsvjff4pardzwqpa	fulltext		Knowledge E	1735-7179
serial	Kreatif. Jurnal studi pemikiran pendidikan agama islam	0216-7794		2018	13		2020	18				container_2ffteo4yxzgvzcq2uliodjjaee	fulltext		Lembaga Penelitian dan Pengabdian Masyarakat (LP2M) IAI Muhammadiyah Bima	0216-7794
serial	International Journal of Sustainable Water and Environmental Systems	1923-7537	1923-7545	2014	6		2016	8				container_fuxvqsbu4bftjnnqsufi6tzste	fulltext		International Association for Sharing Knowledge and Sustainability	1923-7545
serial	Transactions of the Anthropological Society of Washington	1541-4132		1879	1		1883	3				container_rq7mbypp6zdrznxcgcsw7m2mcy	fulltext		Anthropological Society of Washington ; JSTOR	1541-4132
serial	Journal of the Japanese Society for Horticultural Science	1882-3351	1882-336X	2008	77		2014	83				container_2rkcghakjjaulm3jph5xi4cwqu	fulltext		J-STAGE	1882-3351
serial	Philosophy in Review/Comptes rendus philosophiques	1206-5269	1920-8936	2020	40		2022	42				container_y3cc6o4qdjgdfjsmgw7s5vvhoe	fulltext		Academic Printing and Publishing	1206-5269
serial	Edukacja dorosłych	1230-929X		2019	80		2023	87				container_yiznrpnk6bapnftbd2yh74ntye	fulltext		Akademickie Towarzystwo Andragogiczne	1230-929X
serial	ISRN Neuroscience		2314-4661	2013	2013		2014	2014				container_gtvlabwapjcbbgyluh345vxmoy	fulltext		Hindawi (International Scholarly Research Network)	2314-4661
serial	Journal of psychological abnormalities in children		2329-9525	2013	1		2016	5				container_3cn5gtsfhfhifcexdlrqw2jng4	fulltext		OMICS Publishing Group	2329-9525
serial	Sprawy Miedzynarodowe	0038-853x		2019	71		2021	74				container_amicgix4nrdqdpxzbildug6u4m	fulltext		Polski Instytut Spraw Miedzynarodowych ; CEEOL	0038-853X
serial	Jurnal Riset Akuntansi dan Bisnis	1693-7597	2623-2650	2018	18		2022	22				container_2o4c3aglz5htfjuwikhtufw4sm	fulltext		Universitas Muhammadiyah Sumatera Utara	1693-7597
serial	Influenza Research and Treatment	2090-1380	2090-1399	2010	2010		2016	2016				container_snu3dnxjrrd5rgbm432wbgw6ai	fulltext		Hindawi Limited	2090-1380
serial	Botanica Lithuanica	1392-1665	2029-932X	2012	18		2017	23				container_jepowwq6n5hvxcmzehyjzlzyie	fulltext		De Gruyter Open Sp. z o.o.	1392-1665
serial	Prosodi	1907-6665	2622-0474	2019	13		2021	15				container_f267l5fxqnbhdioxntsf26qnyi	fulltext		University of Trunojoyo Madura	1907-6665
serial	RevCEDOUA	0874-1093	2182-2387	2008	11		2009	19				container_cpcyjfekrfarfhcrd7wwuybmbu	fulltext		Coimbra University Press	0874-1093
serial	Era hukum	0854-8242	2581-0359	2018	16		2019	17				container_argaxny3gfdjvizyofp4ukvcmy	fulltext		Universitas Tarumanagara	2581-0359
serial	INTESOL journal	2373-8228	2373-8936	2019	16		2022	19				container_i53gcvohobgsza25dqjm6cacja	fulltext		Indiana Teachers to Speakers of Other Languages,	2373-8936
serial	Revista de Filoloxía Asturiana	1578-9853	2341-1147	2016	15		2018	17				container_ryxebqirkfgcngw44klboa2nim	fulltext		Universidad de Oviedo	1578-9853
serial	Italian Studies in Southern Africa/Studi d'Italianistica nell'Africa Australe	1012-2338	1012-2338	2009	17		2011	24				container_5ca2ylcipnfb5jtk3co6jneimq	fulltext		African Journals Online	1012-2338
serial	ISRN Rheumatology	2090-5467	2090-5475	2011	2011		2014	2014				container_xyjhzvpl5vaxffjb26yffauwim	fulltext		Hindawi (International Scholarly Research Network)	2090-5467
serial	Legon Journal of the Humanities	0855-1502	2458-746X	2016	25		2019	28				container_k2euo5rporah3l6nyvckd45ys4	fulltext		African Journals Online	0855-1502
serial	ISRN Anesthesiology	2090-5548	2090-5556	2011	2011		2014	2014				container_weqtsm3hqnd6xiu6uelqay6rbu	fulltext		Hindawi (International Scholarly Research Network)	2090-5548
serial	Współczesne Problemy Ekonomiczne	2081-9579	2353-2815	2015	11		2018	18				container_7mckpgwdrzgsjjkbtdhspowlzm	fulltext		University of Szczecin	2081-9579
serial	Chemical and Process Engineering	0208-6425	2300-1925	2011	32		2022	38				container_tnkuhyydcbaqxk6cp2tgpgjiym	fulltext		De Gruyter Open Sp. z o.o.	0208-6425
serial	HSR proceedings in intensive care & cardiovascular anesthesia	2037-0504	2037-0512	2009	1		2010	2				container_wwyngvvxabhotnitocfik6wupi	fulltext			2037-0504
serial	Vavilov Journal of Genetics and Breeding	1814-554X	1814-5558	2015	18		2016	20				container_zu7dzxewfnennhwr3hfbm64kv4	fulltext		Institute of Cytology and Genetics, SB RAS	1814-554X
serial	International journal of human ecology	1598-9593		2012	13		2015	16				container_jrbgalh2zvabllgtf2rm3egiaa	fulltext		The Korean Home Economics Association	1598-9593
serial	Research journal of english		2456-2696	2019	4		2022	7				container_bd765jcjivak3dnerwl2gsyiom	fulltext		Research Journal Of English	2456-2696
serial	Jurnal Sains dan Teknologi Mitigasi Bencana	0126-4907	0126-4907	2018	11		2021	16				container_2r55zmndhjbr5e5jh5b3aona6e	fulltext		Badan Pengkajian dan Penerapan Teknologi (BPPT)	0126-4907
serial	Open Journal of Apoptosis	2168-3832	2168-3840	2012	1		2019	8				container_xqw44p2ilnasdg3x4unahspwq4	fulltext		Scientific Research Publishing, Inc	2168-3832
serial	The European journal of psychiatry (edición en español)	1579-699X	2340-4671	2003	17		2004	18				container_bqzomrd65jc4zaozb2dpl7zc2a	fulltext		Instituto de Salud Carlos III/BNCS/SciELO Espana	1579-699X
serial	Gold Bulletin	0017-1557	2190-7579	1971	10		2010	43				container_6cm26otdnbejzbhxs3ulrmuijm	fulltext		Springer-Verlag	0017-1557
serial	Nadwa	1979-1739	2502-8057	2020	12		2021	15				container_cksgex4djvcyjcldhtkifkhgvy	fulltext		UIN Walisongo Semarang	2502-8057
serial	International Journal of Plant Genomics	1687-5370	1687-5389	2007	2007		2017	2017				container_6eem6zxfjvcardcgv2tqc6ywoe	fulltext		Hindawi Limited	1687-5389
serial	Jurnal Ilmu Komputer	1979-5661	2622-321X	2018	11		2021	14				container_kaq3x624zredjoxjen27wkckc4	fulltext		Universitas Udayana	1979-5661
serial	Latin american journal of economics	0719-0425	0719-0433	2013	50		2015	52				container_ql56n7fykramnnjxz3srb4fe7q	fulltext		Pontificia Universidad Catolica de Chile	0719-0425
serial	Rheinisches Museum für Philologie, Geschichte und griechische Philosophie	0939-2718		1827	1		1832	3				container_vuge3sekj5atvjxok4tylq24be	fulltext		Weber ; JSTOR	0939-2718
serial	Dokuz Eylül Üniversitesi İktisadi ve İdari Bilimler Fakültesi Dergisi	1302-504X	2147-7973	2016	31		2020	34				container_w2gkciasufhnvkeekjyjmjpsi4	fulltext		Dokuz Eylul Universitesi Iktisadi ve Idari Bilimler Dergisi	1302-504X
serial	ISRN Cell Biology	2090-7370	2090-7389	2013	2013		2014	2014				container_cg4g3tljsvbpbg5ylo5oq7iufm	fulltext		Hindawi (International Scholarly Research Network)	2090-7370
serial	Jurnal nady al-adab	0126-3531	1693-8135	2018	15		2020	17				container_qbuy5jcxf5he7b3nb223uocc24	fulltext		Departemen Sastra Asia Barat Fakultas Ilmu Budaya, Universitas Hasanuddin	1693-8135
serial	Circumpolar Health Supplements	1797-2361	1797-237X	2002	61		2006	65				container_e2o3ynlhkbdsfl4m6otvocwlqq	fulltext		International Association of Circumpolar Health Pu	1797-2361
serial	Revista Brasileira de Fisiologia Vegetal	0103-3131	1806-9355	2000	12		2001	13				container_omzhuaqtkvdcticttnusbwnb2a	fulltext		SciELO	0103-3131
serial	Wahana Teknik Sipil: Jurnal Pengembangan Teknik Sipil	0853-8727	2527-4333	2019	24		2020	25				container_mmjbxiycd5bfnfgablkcm2bp4i	fulltext		Politeknik Negeri Semarang	0853-8727
serial	Itqan	2086-7018		2020	11		2021	12				container_pjbssbzpmnbgtbzcdhij4pgguq	fulltext			2086-7018
serial	Journal of health science	1344-9702	1347-5207	2000	46		2011	57				container_klk77d6xarehlefa53yspl4lge	fulltext		Pharmaceutical Society of Japan	1344-9702
serial	ISRN Nephrology		2314-405X	2013	2013		2014	2014				container_izxelzhckzgfdibjmzesdkkyjq	fulltext		Hindawi (International Scholarly Research Network)	2314-405X
serial	West of England medical journal	0960-6440	2050-8530	1990	105		1992	107				container_4wfkjs6wq5ckdenamgs7az3h44	fulltext		Clinical Press	0960-6440
serial	Molecular Biology International	2090-2182	2090-2190	2010	2010		2021	2021				container_pktsbpmipjeudkwerg6oykjspy	fulltext		Hindawi Limited	2090-2182
serial	Korean Journal of Plant Resources	1226-3591		2011	24		2013	26				container_omf7jmr6uvblvmemw73eacw77y	fulltext		The Plant  Resources Society of Korea	1226-3591
serial	Open Journal of Molecular and Integrative Physiology	2162-2159	2162-2167	2011	1		2023	13				container_ody6q77qibeabpl57z4pmjcfpi	fulltext		Scientific Research Publishing, Inc	2162-2167
serial	Sri Lanka Journal of the Humanities	0378-486X	2279-3321	2014	37		2018	41				container_id6uhwfjhnai5efv3tmyhqpnum	fulltext		Sri Lanka Journals Online	0378-486X
serial	Zastita bilja	0372-7866		2014	65		2015	66				container_hjnczmgflvblfdll56murfmcaq	fulltext		Centre for Evaluation in Education and Science	0372-7866
serial	Bulletin of the Chinese Academy of Sciences	1003-3572	1000-3045	2020	34		2022	36				container_uvsnrczigzcqhjiv6uqbc7q7d4	fulltext		Zhongguo Kexueyuan, Haiyang Yanjiusuo	1003-3572
serial	Polish Journal of Soil Science	0079-2985	2449-8254	2015	47		2020	53				container_mwfvqo7c7zetpjsve5mrdqnlku	fulltext		Wydawnictwo Uniwersytetu Marii Curie-Skłodowskiej w Lublinie	0079-2985
serial	ISRN Urology	2090-5807	2090-5815	2011	2011		2014	2014				container_r2siwkrsxvez3oit4a7sn6krfm	fulltext		Hindawi (International Scholarly Research Network)	2090-5807
serial	Journal of Animal Science and Technology		2055-0391	2014	56		2020	62				container_zdnb4zgf2jhc7mqeampbjb676q	fulltext		Korean Society of Animal Sciences and Technology	2055-0391
serial	International Journal of Bacteriology	2356-6957	2314-596X	2013	2013		2018	2018				container_aiqq3pgsonggzfoefr3os2kr4u	fulltext		Hindawi Limited	2314-596X
serial	ISRN Microbiology	2090-7478	2090-7486	2011	2011		2014	2014				container_pcblosmtrrhthidxr3ld7f62ee	fulltext		Hindawi (International Scholarly Research Network)	2090-7478
serial	Fitopatologia Brasileira	0100-4158	1678-4677	2001	26		2007	32				container_ewsyksdmrrbfjbf7knpaxv4uny	fulltext		SciELO	0100-4158
serial	Journal of Medical Engineering	2314-5129	2314-5137	2013	2013		2017	2017				container_azbs54qz2vdb5d25snmvxdrfxm	fulltext		Hindawi Limited	2314-5129
serial	Summit on translational bioinformatics		2153-6430	2008	2008		2009	2009				container_5xhpnukwtrdadepv5ujpxz4s54	fulltext			2153-6430
serial	The Proceedings of the Circle of Television Engineers		1884-9598	1947	1		1950	4				container_polyovhpizdppdvurelaedoppm	fulltext		The Institute of Image Information and Television Engineers	1884-9598
serial	Social Research Reports	2066-6861	2067-5941	2019	11		2021	13				container_uai32c5mbjb57jfjrf4jfr4aeu	fulltext		Expert Projects	2066-6861
serial	Revista de análisis económico	0716-5927	0718-8870	2009	24		2021	36				container_pubad2ozmfftnoh6zfg3xqlv6i	fulltext		SciELO Comision Nacional de Investigacion Cientifica Y Tecnologica	0716-5927
serial	Jurnal akuntansi bisnis	1412-775X	2541-5204	2018	15		2022	20				container_2wabk2gmxjhn3jpvowxogkca4a	fulltext		Soegijapranata Catholic University	1412-775X
serial	Advances in Biomedicine and Pharmacy		2313-7479	2014	1		2017	4				container_mj5a6r4rpnb43fywwqlobfugna	fulltext		International Scientific Publishers	2313-7479
serial	Jurnal RAP (Riset Aktual Psikologi Universitas Negeri Padang)	2087-8699	2622-6626	2019	10		2022	12				container_mb7xonlri5bpzir6fxqcu7pv4i	fulltext		Universitas Negeri Padang (UNP)	2087-8699
serial	Just TI (Jurnal Sains Terapan Teknologi Informasi)	2085-6458	2579-4310	2019	10		2021	13				container_ndsdec6egjgltj7y6prfs47joy	fulltext		Edutourism Journal Of Tourism Research, Samarinda State Polytechnic	2085-6458
serial	Journal of Theoretical Chemistry	2356-7686	2314-6184	2015	2015		2016	2016				container_2pl4fer4ybeqvkb7b3syhpdrqu	fulltext		Hindawi Limited	2314-6184
serial	Buletin Ekonomi Moneter dan Perbankan	1410-8046	2460-9196	2018	21		2020	23				container_uxzs22lklnfz3gi7cxrn5uh2cy	fulltext		Bank Indonesia, Central Banking Research Department	2460-9196
serial	The Catholic lawyer	0008-8137		1975	21		1995	40				container_mtiza7jjrrhsroofsetwro2umm	fulltext		St. John's University	0008-8137
serial	Jurnal ilmiah hukum dan dinamika masyarakat	0854-2031	2460-9005	2018	15		2021	19				container_hskiidr4gfa5tk7xk2jsv2m64u	fulltext		Fakultas Hukum UNTAG Semarang	2460-9005
serial	JSME international journal. Series B, Fluids and thermal engineering	1340-8054	1347-5371	1993	36		2006	49				container_sjmahfdxsnfppmcvpi6il5h3pi	fulltext		The Japan Society of Mechanical Engineers	1340-8054
serial	Primary	2086-1362	2623-2685	2018	10		2021	13				container_buoiy7schnc6tkk6pzjljmbfci	fulltext		Lembaga Penelitian dan Pengabdian kepada Masyarakat (LP2M) Universitas Islam Negeri (UIN) Sultan Maulana Hasanuddin Banten	2086-1362
serial	Vegetable Crops Research Bulletin	1506-9427	1898-7761	2007	66		2012	77				container_ktd3v2xxh5dhjknhqjsw3vsjuq	fulltext		Instytut Warzywnictwa	1506-9427
serial	ISRN Parasitology		2314-4076	2013	2013		2014	2014				container_df4iik34s5c4phqyxj7f6yfo6y	fulltext		Hindawi (International Scholarly Research Network)	2314-4076
serial	European Journal of Medical and Educational Technologies		2732-4109	2020	13		2021	15				container_r2vhqzrcpncjdalvwufp4dmysm	fulltext		Bastas Publications	2732-4109
serial	Biblionline		1809-4775	2017	13		2021	16				container_7edesopwkbamlg6odpyngjqxre	fulltext		Portal de Periodicos UFPB	1809-4775
serial	JURNAL BUDIDAYA PERTANIAN	1858-4322	2620-892X	2017	13		2021	17				container_exevhiwserdc5geclmtkywn2ri	fulltext		Universitas Pattimura	1858-4322
serial	Revista Brasileira de Engenharia de Pesca	1980-587X	2175-3008	2017	10		2020	12				container_l4dcuhx6lvdinonrdxs46clwt4	fulltext		Universidade Estadual do Maranhao	1980-587X
serial	Bangladesh Journal of Psychiatry	1728-4406		2017	28		2019	31				container_e5cg5xvpwfa2xblmvateblqwaa	fulltext		Bangladesh Journals Online	1728-4406
serial	Development & Reproduction	1226-6752	2287-7967	2012	16		2013	17				container_urx2x2yjvnb3tecqwezym4qcqy	fulltext		Korean Society of Developmental Biology	1226-6752
serial	Jurnal Teknologi Kesehatan (Journal of Health Technology)	0216-4981	2613-9944	2017	13		2021	17				container_2c4g7df26vboza3hsoaooibq6a	fulltext		Poltekkes Kemenkes Yogyakarta	0216-4981
serial	Parafrase : jurnal kajian kebahasaan dan kesastraan	0854-6126	2580-5886	2018	17		2022	22				container_gs6c6glja5hlpc77sx4uv6kjqi	fulltext		Universitas 17 Agustus 1945 Surabaya	1412-6206
serial	ISRN Preventive Medicine		2090-8784	2013	2013		2014	2014				container_ttkh4xl47rb7vowjztnmis5fzm	fulltext		Hindawi (International Scholarly Research Network)	2090-8784
serial	Annals of Behavioural Science		2471-7975	2017	3		2018	4				container_dkuguyyg6bepjcc34yfwlskcim	fulltext		Scitechnol Biosoft Pvt. Ltd	2471-7975
serial	The Medical journal of the South-West	0369-0458		1953	70		1962	77				container_5cgsd47hirbphiryrko6x24saq	fulltext		J. W. Arrowsmith	0369-0458
serial	Probability and Mathematical Statistics	0208-4147	2300-8113	2018	37		2019	39				container_n2nca6owyfaala54l6naklokhu	fulltext		Uniwersytet Wrocławski	0208-4147
serial	Real Estate Management and Valuation	1733-2478	1733-2478	2013	21		2014	22				container_fo2q5gleo5cldddzo7hjy2enaq	fulltext		De Gruyter Open Sp. z o.o.	1733-2478
serial	Alergia, Asma e Inmunología Pediátricas	1405-1699		2019	28		2021	30				container_sqc75nptaffpnixoqcw7w5nty4	fulltext		GRAPHIMEDIC SA DE CV	1405-1699
serial	Referate und Beiträge zur Anatomie und Entwickelungsgeschichte	0177-5154	1432-0568	1892	12		1920	59				container_44wpbbuwc5fcpoo7cba57o3ulm	fulltext		Springer-Verlag	0177-5154
serial	Ciencia & trabajo	0718-0306	0718-2449	2011	13		2018	20				container_xtttpfvlnzbrlg4rqvcu3scwga	fulltext		SciELO Comision Nacional de Investigacion Cientifica Y Tecnologica	0718-0306
serial	Revista Ceuma Perspectiva	1415-3068	2525-5576	2016	27		2020	34				container_maxnacquhrfh5afkc7b7bbk4sm	fulltext		Ceuma Associacao de Ensino Superior	1415-3068
serial	Tribologia - Finnish Journal of Tribology	0780-2285	1797-2531	2019	36		2021	38				container_d3wo44t7xnapffftxth6epvj5a	fulltext		Tribologia - Finnish Journal of Tribology	0780-2285
serial	Nepal Journal of Dermatology Venereology & Leprology	2091-0231	2091-167X	2012	10		2021	19				container_jgeagy7iprg2rn332fcitjcake	fulltext		Nepal Journals Online	2091-0231
serial	Archives of Acoustics	0137-5075	2300-262X	2010	35		2022	42				container_tinfbwdufzcfjoorslmtna6qd4	fulltext		De Gruyter Open Sp. z o.o.	0137-5075
serial	Sri Lanka Journal of Bio-Medical Informatics	2012-6077	2651-0162	2019	10		2020	11				container_4c7krmw65zdaljhqg2kbs32tlu	fulltext		Sri Lanka Journals Online (JOL)	2651-0162
serial	International Proceedings of Chemical Biological and Environmental Engineering	2010-4618	2010-4618	2012	39		2015	95				container_dqbhvi5bybfathmtjcwasu2k7a	fulltext		IACSIT Press	2010-4618
serial	Bioenergetics Open access	NA	2167-7662	2012	1		2016	5				container_5tekmc2n55d5hparmpncg5nxhi	fulltext		OMICS Publishing Group	2167-7662
serial	ISRN Inflammation		2090-8695	2012	2012		2014	2014				container_pveqtg2ktfgi3aqi2vuo2snwgq	fulltext		Hindawi (International Scholarly Research Network)	2090-8695
serial	Experimental Diabetes Research	1687-5214	1687-5303	2007	2007		2012	2012				container_lh7zdaxxprdzzdjeoyjgminoki	fulltext		Hindawi Limited	1687-5214
serial	Economic and Environmental Studies	1642-2597	2081-8319	2017	17		2020	19				container_2c2nt6q6cfgffmnd6ocmdccm3m	fulltext		Uniwersytet Opolski	1642-2597
serial	ISRN Organic Chemistry	2090-5149	2090-5157	2011	2011		2014	2014				container_zlvobdttwjam7k7boawlews7ku	fulltext		Hindawi (International Scholarly Research Network)	2090-5149
serial	Malaria Research and Treatment	2090-8075	2044-4362	2010	2010		2020	2020				container_l3aq3wgiwfgrnlo2auplzb6rju	fulltext		Hindawi Publishing Corporation (Sage-Hindawi Access to Research)	2044-4362
serial	Periodica Polytechnica Architecture	0324-590X	1789-3437	2007	0		2016	47				container_vi22ntrxybey3mziivp2e7xyf4	fulltext		Periodica Polytechnica, Budapest University of Technology and Economics	0324-590X
serial	ISRN Public Health	2090-8008	2090-8008	2012	2012		2014	2014				container_qqmw7eknkjc7njnytz7yse3ipm	fulltext		Hindawi (International Scholarly Research Network)	2090-8008
serial	Physical Disabilities Education and Related Services		2372-451X	2013	32		2019	38				container_vvvxhlg2xbfjzi7cuds7c7plbe	fulltext		IUScholarWorks	2372-451X
serial	Songklanagarind Medical Journal	0125-8435	2465-468X	2016	35		2018	36				container_6l4gafzdyjb63luwrfesmfocy4	fulltext		Faculty of Medicine Prince of Songkla University	2465-468X
serial	BANTAO Journal		2451-3105	2014	12		2017	15				container_xyrn6y7scvgcph4agrp42wmn3u	fulltext		Sciendo	2451-3105
serial	Grønlands Geologiske Undersøgelse Bulletin	0105-3507		1948	10		1996	172				container_n3mkdyhuofeurffa4u5ippovbq	fulltext		Geological Survey of Denmark and Greenland	0105-3507
serial	Acta Universitatis Nicolai Copernici Zarządzanie	0860-1232	0860-1232	2011	38		2015	42				container_pqggulenmvgn3c4lufetpiltjm	fulltext		Uniwersytet Mikołaja Kopernika w Toruniu (Nicolaus Copernicus University in Toruń)	0860-1232
serial	Iranian Society of Crops and Plant Breeding Sciences	1562-5540		2019	21		2020	22				container_xzdexm2gs5b6jj6pwnpbvk3sb4	fulltext		Armenian Green Publishing Co.	1562-5540
serial	Sains Humanika		2289-6996	2020	12		2022	14				container_aoiislhas5f3tabjqa7sw3c27i	fulltext		Penerbit UTM Press	2289-6996
serial	LOA: Jurnal Ketatabahasaan dan Kesusastraan	1907-073X	2714-8653	2019	14		2022	17				container_lhsoqqzrizhodgkw4sulqh4z7e	fulltext		Badan Pengembangan dan Pembinaan Bahasa	1907-073X
serial	Investigação Filosófica		2179-6742	2019	10		2020	11				container_bc4pjscfsncgbitbg5pdfkt5vu	fulltext		Universidade Federal do Amapa	2179-6742
serial	"Научни трудове – Висше военноморско училище ""Н Й Вапцаров"""	1312-0867		2017	31		2018	32				container_anyvgpkahzdfzifjdngvhdngt4	fulltext		Medical University Prof. Dr. Praskev Stoyanov - Varna	1312-0867
serial	Economía UNAM	1665-952X		2013	10		2016	13				container_6t6jershj5gc7mqxx7z2sineny	fulltext		Universidad Nacional Autonoma de Mexico	1665-952X
serial	Permana : Jurnal Perpajakan, Manajemen, dan Akuntansi	2085-8469	2685-600X	2018	10		2021	13				container_fe4rnu7zpvg55jxfto3atbdqgi	fulltext		Universitas Pancasakti	2085-8469
serial	Ecotoxicology and Environmental contamination	2317-9643	2317-9643	2010	10		2023	17				container_le3pej52rremfjsrhywh3344ky	fulltext		Ecototoxicology and Environmental Contamination	2317-9643
serial	Kansei Engineering International Journal	1884-0841	2185-7865	2009	10		2012	11				container_jrcxgpotanbj5ioognstungkoq	fulltext		Japan  Society of Kansei Engineering	1884-0841
serial	UNOPAR Científica Ciências Jurídicas e Empresariais = Revista de Ciências Jurídicas e Empresariais	1517-9427	2317-4005	2015	16		2016	17				container_kwr3p34uo5ezlfcsrjwo5hzszu	fulltext		Editora e Distribuidora Educacional	1517-9427
serial	Miscelânea: Revista de Literatura e Vida Social	0104-3420	1984-2899	2017	21		2018	24				container_5lezx2gwcnbxdmtiwbtr53l32m	fulltext		UNESP - Universidade Estadual Paulista	0104-3420
serial	Japanese Journal of Tropical Medicine	0303-836X	2186-1803	1969	10		1970	11				container_e4rwecbiabagfjybmzwi4vbwm4	fulltext		Japanese Society of Tropical Medicine	0303-836X
serial	Studia Regionalia	0860-3375		2016	46		2017	52				container_uwbtvjhzjnbytoeoxq3tcon5rq	fulltext		Bogucki Wydawnictwo Naukowe	0860-3375
serial	Turkiye Klinikleri Journal of Endocrinology	1304-0529	2146-8923	2015	10		2016	11				container_wnmv3c2cs5fbhjedlpu5tw2gnu	fulltext		Ortadogu Reklam Tanitim Yayincilik Turizm Egitim Insaat Sanayi ve Ticaret A.S	1304-0529
serial	Annual convention of the Japanese Association of Health Psychology proceedings		2189-8812	2018	31		2020	33				container_y2qqbq5tubh5lnmxdutu4hqhqm	fulltext		Japanese Association of Health Pyschology	2189-8812
serial	Journal of Biosafety & Health Education		2332-0893	2012	1		2014	2				container_wsb3hg7445gf3f2vfb4yhjhjnu	fulltext		OMICS Publishing Group	2332-0893
serial	Akuatik Jurnal Sumberdaya Perairan	1978-1652	2656-5498	2019	12		2021	14				container_krjwpucgvrdh3ezffcihgvxbsi	fulltext		Universitas Bangka Belitung	1978-1652
serial	Journal of Artificial Evolution and Applications	1687-6229	1687-6237	2009	2009		2010	2010				container_ad4xyzq6k5ffpcq35v5q5sogxe	fulltext		Hindawi Limited	1687-6229
serial	ISRN Nursing	2090-5483	2090-5491	2011	2011		2014	2014				container_ptn3yvwolzadnfo3guuppb4p2e	fulltext		Hindawi (International Scholarly Research Network)	2090-5483
serial	Manuscrits Revista d història moderna	0213-2397	2014-6000	2012	30		2022	42				container_jjxqcrbwezgnzhxccnuo7arxdy	fulltext		Universitat Autonoma de Barcelona	0213-2397
serial	Ciência e Técnica Vitivinícola	2416-3953	2416-3953	2014	29		2019	34				container_jsjmm6ab7jcplhj4ejze7e4k54	fulltext		EDP Sciences	2416-3953
serial	Papel Político		2145-0617	2014	19		2018	22				container_seyod72wobhqle7fiimrbqsctm	fulltext		Pontificia Universidad Javeriana, Bogota	2145-0617
serial	Malia: jurnal ekonomi Islam Universitas Yudharta Pasuruan	2087-9636	2549-2578	2019	10		2022	13				container_j4hpmkmy65aapkli5vc6eg6zqa	fulltext		Universitas Yudharta Pasuruan	2549-2578
serial	The Philippine Journal of Fisheries	0048-377X		2018	25		2019	26				container_spzaqcjgvvdddp5maebssbs5xe	fulltext		National Fisheries Research and Development Institute	0048-377X
serial	Annales UMCS Biologia	0066-2232	2083-3563	2008	63		2019	73				container_6vk5fi6israbrompw5ndw7uph4	fulltext		Wydawnictwo Uniwersytetu Marii Curie-Skłodowskiej w Lublinie	0066-2232
serial	Majalah Lontar	0853-0041		2020	32		2021	33				container_apgigfbyxjbm5llp3iunenfzgu	fulltext			0853-0041
serial	Jurnal Gizido	2085-6709		2018	10		2020	12				container_iw4sqhofgze2fgsghwrluem3ou	fulltext			2085-6709
serial	Вісник дніпропетровського університету Педагогіка і психологія	2312-8860		2011	19		2013	21				container_d5eizbs7gbf2tdxrxhmjxjddaa	fulltext		Oles Honchar Dnipropetrovsk National University	2312-8860
serial	Materials Science and Applied Chemistry	1407-7353	2255-8713	2013	28		2018	35				container_q5yv7mx6fbdgjnhyb4np6hrq4a	fulltext		Sciendo	2255-8713
serial	The Journal of Korean Institute of Educational Facilities	1227-7258		2012	19		2015	22				container_2ofrng2wqfd5dfnkcsrrpnz5w4	fulltext		Korean Institute of Educational Facilities	1227-7258
serial	Universitas Philosophica	0120-5323	2346-2426	2016	33		2021	38				container_2llnqovjujddhaefhwjhx2hz5u	fulltext		Editorial Pontificia Universidad Javeriana	0120-5323
serial	ISRN Veterinary Science	2090-4452	2090-4460	2011	2011		2014	2014				container_zfqaezrhvjahdm4nhiholn35ca	fulltext		Hindawi (International Scholarly Research Network)	2090-4452
serial	Animal Research/Annales de Zootechnie	1627-3583	1627-3591	2001	50		2006	55				container_r22j7mhitbhizoj5mka7hq2q64	fulltext		EDP Sciences	1627-3583
serial	Chashm/andÄ?z-i mudÄ«riyyat-i dulati	2251-6069		2000	18		2020	19				container_oau22hn3prhs3d3l3wqiuqt3pa	fulltext			2251-6069
serial	Protée	0300-3523	1708-2307	1998	26		2011	39				container_zg3mkvg27newjhk3nytwn3cbp4	fulltext		Consortium Erudit	0300-3523
serial	The UW National Parks Service Research Station Annual Reports	2693-2385	2693-2407	2018	41		2019	42				container_x4qctl2cevexlbfjcscyiaocgm	fulltext		University of Wyoming Libraries	2693-2385
serial	Economicus	1978-7294		2020	12		2022	16				container_mq2aha7v6zfudb5ic2ptuozqxy	fulltext			1978-7294
serial	Hypothesis : the newsletter of the Research Section of MLA	1093-5665	2688-1268	2011	9		2023	35				container_qz22i7magbeyle45ylvogeiclu	fulltext		IUPUI University Library	1093-5665
serial	École thématique de la Société Française de la Neutronique	2107-7223	2107-7231	2007	11		2014	13				container_5p6c5lsmkrgchgif72kphef3vq	fulltext		EDP Sciences	2107-7223
serial	Gripla	1018-5011	2351-4264	2020	31		2021	32				container_oqddyn7vlrfdbbjn23tijpubri	fulltext		Árni Magnússon Institute for Icelandic Studies	1018-5011
serial	ПРОБЛЕМИ ІСТОРІЇ ГОЛОКОСТУ: Український вимір	2617-9113	2617-9121	2018	10		2022	14				container_ndanesbiqbhmfpid2lccyuvtwe	fulltext		TKUMA Ukrainian Institute for Holocaust Studies	2617-9113
serial	Central European Journal of Energetic Materials	1733-7178	2353-1843	2016	13		2020	17				container_237hdsqy6jgybi46pyvi5pdxpq	fulltext		Institute of Industrial Organic Chemistry (IPO)	1733-7178
serial	Poznańskie Studia Polonistyczne Seria Językoznawcza	1233-8672	2450-4939	2009	15		2021	28				container_daey66dnczd65koh3ynts5usna	fulltext		Adam Mickiewicz University Poznan	1233-8672
serial	Bulletin Mineralogie Petrologie	2570-7337	2570-7345	2020	28		2021	29				container_jaqkmcprobenfkoz2lpsac2kiu	fulltext		Bulletin Mineralogie Petrologie	2570-7337
serial	RUDN Journal of Russian and Foreign Languages Research and Teaching	2313-2264	2408-8889	2017	15		2018	16				container_gycuwwkp5vfyppphhbjlgn2q5u	fulltext		Peoples' Friendship University of Russia	2313-2264
serial	Interdisciplinar. Revista de estudos em língua e literatura		1980-8879	2019	31		2022	38				container_qfbk327wx5aybdbjtlyjrziiay	fulltext		Universidade Federal de Sergpipe	1980-8879
serial	Journal of Physics and Electronics	2616-8685	2664-3626	2018	26		2022	30				container_nmrrkvq4nzdcdew6m5qtdrkwdu	fulltext		Oles Honchar Dnipropetrovsk National University	2616-8685
serial	Romanica Silesiana	1898-2433	2353-9887	2019	15		2021	20				container_6nxdqf2snndt5a5aiesyr2gpzi	fulltext		University of Silesia in Katowice	1898-2433
serial	Annales Universitatis Paedagogicae Cracoviensis | Studia ad Bibliothecarum Scientiam Pertinentia	2081-1861	2300-3057	2017	14		2021	19				container_hboqenp44jfkzif525pvxbtacy	fulltext		The Pedagogical University of Cracow/Uniwersytet Pedagogiczny w Krakowie	2081-1861
serial	Studia Katechetyczne	0138-0672		2016	11		2021	17				container_byc6exuczrf7ncgijrdj45df7e	fulltext		Uniwersytet Kardynala Stefana Wyszynskiego	0138-0672
serial	Half-Yearly Persian Language and Literature	2476-6925	2476-6941	2015	23		2021	29				container_hkzrmee4sfgu3oubqz3pr67tau	fulltext		Armenian Green Publishing Co	2476-6925
serial	Studia Językoznawcze synchroniczne i diachroniczne aspekty badań polszczyzny	1730-4180	2353-3161	2015	14		2021	20				container_vpxlpfxh4vf5pkmqp2v5k4uc2a	fulltext		University of Szczecin	1730-4180
serial	La Revista de Derecho	2309-5296		2013	30		2022	43				container_goi4pi5qdrglzpen5vhy34jlgy	fulltext		Latin America Journals Online	2309-5296
serial	Revista Educativa - Revista de Educação	1415-0492	1983-7771	2015	18		2020	23				container_xqyocvcgcvgjrh4vq4g3cml63m	fulltext		Pontifica Universidade Catolica de Goias -PUC Goias	1415-0492
serial	Revista geociências – UnG		1981-741X	2019	18		2022	21				container_g5ka7ck3pbd5fpz5r2kpdja3nm	fulltext		Universidade Guarulhos	1981-741X
serial	Revista Interamericana de Psicología Ocupacional	2539-5238	2500-5669	2016	33		2020	38				container_nmmm5lgehfcubkgkju2f2axykm	fulltext		Centro de Investigación en Comportamiento Organizacional Cincel	2539-5238
serial	Scrinia Slavonica	1332-4853	1848-9109	2019	19		2023	23				container_rdkg3dzzyjd2fdj3wcimnoblyq	fulltext		Hrvatski institut za povijest - Podružnica za povijest Slavonije, Srijema i Baranje	1332-4853
serial	Periódico Psicanálise e Barroco		1679-9887	2018	16		2022	20				container_xclfhd4wbbad5acfbjstnhm5ya	fulltext		Universidade Federal do Estado do Rio de Janeiro	1679-9887
serial	Revista EVS - Revista de Ciências Ambientais e Saúde	0103-0876	1983-781X	2016	43		2023	49				container_ai2d5orfirbr3aarxy5xcnebwu	fulltext		Pontifica Universidade Catolica de Goias -PUC Goias	0103-0876
serial	Journal of Biological Research - Thessaloniki	1790-045X	2241-5793	2014	21		2020	27				container_kga3wj5jurhgflm5yjfqv2bnyy	fulltext		BMC	1790-045X
serial	International Journal of Pediatric Endocrinology	1687-9848	1687-9856	2011	2011		2019	2019				container_mes6pz4vnffrpf4hkvlban7uli	fulltext		Springer (Biomed Central Ltd.)	1687-9848
serial	Lumen	1209-3696	1927-8284	1993	12		2020	39				container_mulkmf4ypffpnbaldt64x42vpi	fulltext		Consortium Erudit	1209-3696
serial	Mathematical journal of Ibaraki University	1343-3636	1883-4353	1997	29		2022	54				container_nrrlfuppejhnlhdiowe56l5dwe	fulltext		Department of Mathematics, Faculty of Science	1343-3636
serial	Kebudayaan	1907-5561	2685-8088	2020	13		2021	16				container_hdsebmcntjennn4bw2zgrpbtau	fulltext		Badan Penelitian dan Pengembangan Kemdikbud	1907-5561
serial	TREUBIA	0082-6340	2337-876X	2019	45		2022	49				container_i3govkmp6jehvcbweeu7a2m7uu	fulltext		Indonesian Institute of Sciences	2337-876X
serial	Geografia	0100-7912	1983-8700	2017	42		2022	47				container_jesmtwt4vrbl7fhikk7ok3nayi	fulltext		Campus de Rio Claro, Universidade Estadual Paulista Júlio de Mesquita Filho	0100-7912
serial	Ictus. Periódico do Programa de Pós-Graduação em Música da Universidade Federal da Bahia	1560-2737	2238-6599	2020	14		2021	15				container_kyyyyxglmfbshicjt7yhs45ooi	fulltext		Programa de Pós-Graduação em Música, Universidade Federal da Bahia	2238-6599
serial	Ekspansi: Jurnal Ekonomi, Keuangan, Perbankan dan Akuntansi	2085-5230	2580-7668	2021	13		2022	14				container_cvr4pgqkdff73l3san4w2wm5tq	fulltext		Politeknik Negeri Bandung	2085-5230
serial	Journal of Friction and Wear	0202-4977		1980	41		2022	43				container_anmkbqqcjvetlm3uwae6qlrbba	fulltext		The State Scientific Institution V.A. Belyi Metal-Polymer Research Institute of National Academy of Sciences	0202-4977
serial	Prilozi Instituta za Arheologiju u Zagrebu	1330-0644	1848-6371	2018	35		2021	38				container_aur76o3mvrcg3j2vysqlbiwnfm	fulltext		Institute of Archaeology	1330-0644
serial	Jurnal Riset Industri Hasil Hutan	2086-1400	2503-0779	2019	11		2021	13				container_q3qi664k2fdmxhdl4xjacvn6t4	fulltext		Jurnal Riset Industri Hasil Hutan	2503-0779
serial	Zoologica Poloniae	0044-510X	2083-6112	2008	53		2014	59				container_42mc5sb27jguvimf2gybfb5cee	fulltext		De Gruyter Open Sp. z o.o.	0044-510X
serial	Construção psicopedagógica	1415-6954	2175-3474	2020	28		2021	30				container_kgwok2x6sfdpnfckmzwhoxu234	fulltext		Departamento de Psicopedagogia, Instituto Sedes Sapientiae	1415-6954
serial	RAIRO Informatique théorique	0399-0540	2777-3337	1977	11		1985	19				container_pujxd6a3tbb2lfcsnaffdtb4rq	fulltext		EDP Sciences	0399-0540
serial	Vestnik Zoologii	0084-5604	2073-2333	2008	42		2019	53				container_zb3jacmxcrbellup2l2z4kxv4m	fulltext		De Gruyter Open Sp. z o.o.	0084-5604
serial	Proceedings of the Latvia University of Agriculture	1407-4427	2255-8535	2012	27		2015	33				container_sb4wflrvcnevndfk3cewkjnyoe	fulltext		De Gruyter Open Sp. z o.o.	1407-4427
serial	Perfiles de Ingeniería	1996-6660	2519-5719	2019	14		2022	18				container_3m6vn2hgcjf27lbitxaboahh6u	fulltext		Universidad Ricardo Palma	1996-6660
serial	The Hoosier Science Teacher	0734-3833	2475-451X	2017	40		2022	45				container_5kl2f5bpr5dpjj2lj2vh7fwcmq	fulltext		IUScholarWorks	0734-3833
serial	Conservative Dentistry Journal	2087-1848	2722-8045	2020	10		2021	11				container_2imllwqhlnbmnkd6ntvc2atf4i	fulltext		Universitas Airlangga	2087-1848
serial	Archaeologia Historica Polona	1425-3534	1425-3534	2015	22		2022	29				container_m6ic7ol6fngb3ji6tabko7ry4a	fulltext		Uniwersytet Mikolaja Kopernika/Nicolaus Copernicus University	1425-3534
serial	Problems of Interaction Between Arts, Pedagogy and the Theory and Practice of Education	2519-4496	2519-4496	2018	49		2022	67				container_hpekbzxnwnfl3n5bom23fxjbyu	fulltext		Kharkiv I.P. Kotlyarevsky National University of Arts	2519-4496
serial	Myrtia	0213-7674	1989-4619	2020	34		2021	36				container_3qb5vfqoync2nl32vyk6btfu7u	fulltext		Universidad de Murcia, Facultad de Letras	0213-7674
serial	Revista Comunicación	0379-3974	1659-3820	2014	23		2022	31				container_o5sb7y5kkvabhplixmzrp5o7ja	fulltext		Instituto Tecnologico de Costa Rica	0379-3974
serial	Anais da Sociedade Entomológica do Brasil	0301-8059	0301-8059	1996	25		2000	29				container_bejuabytnngfna6najqqqszrly	fulltext		SciELO	0301-8059
serial	Cuadernos de filología clásica	0210-0746	1988-8279	2019	39		2022	41				container_7nwpfo5hm5f4denbivtldozg2e	fulltext		Universidad Complutense de Madrid	1131-9062
serial	Manarul Qur'an	1412-7075	2615-4811	2017	17		2022	21				container_ykoi5jmpv5dsdjxejczf6bvgge	fulltext		LP3M Universitas Sains Al Quran	1412-7075
serial	Pravaha	2350-854X		2018	24		2021	27				container_5k2o6ce4rredvb5ml73imly7iy	fulltext		Nepal Journals Online	2350-854X
serial	Anglica Wratislaviensia	0301-7966		2016	54		2022	60				container_wesm3nk7nvazvdul74ehifekxi	fulltext		Uniwersytet Wrocławski	0301-7966
serial	Актуальні проблеми сучасної медицини: Вісник Української медичної стоматологічної академії	2077-1096	2077-1126	2019	19		2022	22				container_e3xgrkq5vjf4zokenaggfwzheq	fulltext		Ukrainian Medical  Stomatological Academy	2077-1096
serial	Revista Latinoamericana de Infectología Pediátrica	2683-1678		2020	33		2022	35				container_i4aktndkeza43eda3bjcyfi5ye	fulltext		GRAPHIMEDIC SA DE CV	2683-1678
serial	Revista Signos	1413-0416	1983-0378	2016	37		2022	43				container_pwqchcgnafbyddnzjgawtuw7si	fulltext		Editora Univates	1413-0416
serial	Baltu filoloģija	1691-0036		2018	27		2022	31				container_c7zmauewerdsvak4goqekjegum	fulltext		University of Latvia	1691-0036
serial	Jatiswara	0853-392X	2579-3071	2017	32		2018	33				container_6afwlcq3erat7midocgswjw6ni	fulltext		Universitas Mataram	0853-392X
serial	Hrvatski časopis za prehrambenu tehnologiju biotehnologiju i nutricionizam	1847-3423	1847-7461	2018	13		2021	16				container_sfo3oximpfenbka64vqa7zn574	fulltext		Croatian Society of Food Technologists Biotechnologists and Nutritionists	1847-3423
serial	Art inquiry. Recherches sur les arts	1641-9278	2451-0327	2018	20		2022	24				container_lhjsnazzmfeixp7eeg6agirse4	fulltext		Łódzkie Towarzystwo Naukowe, Stowarzyszenie	1641-9278
serial	Annals of Warsaw University of Life Sciences, Land Reclamation	1898-8857	2081-9617	2007	38		2017	49				container_7cbg3goc5zhg5eh47am7nsno4y	fulltext		Sciendo	1898-8857
serial	Jurnal Hortikultura	0853-7097	2502-5120	2019	29		2021	31				container_pxrvs6xrhjgepeuwgkagu2q5ci	fulltext		Indonesian Agency For Agricultural Research and Development (IAARD)	2502-5120
serial	Pain Research and Treatment	2090-1542	2090-1550	2010	2010		2019	2019				container_t2jjn35nvzd3lbbu4a25dfsnya	fulltext		Hindawi Limited	2090-1542
serial	Scientific and Technical Bulletin оf State Scientific Research Control Institute of Veterinary Medical Products and Fodder Additives аnd Institute of Animal Biology	2410-9029	2664-5610	2019	20		2020	21				container_3lckvlct5vhmrkhhehtf5fdgpm	fulltext		State Scientific Research Control Institute of Veterinary Medicinal Products and Feed Additives	2410-9029
serial	Fìlosofsʹkì ta metodologìčnì problemi prava	2519-4666	2519-4674	2019	17		2022	25				container_q4bzvwwtgbcjlm4pdxzbz2evte	fulltext		National Academy of Internal Affairs	2519-4666
serial	Pensamento & Realidade	1415-5109	2237-4418	2019	33		2020	35				container_lysuxnwcfvc5riv27g2szsjtqy	fulltext		Portal de Revistas PUC SP	2237-4418
serial	Acta Regionalia et Environmentalica	1336-5452	1336-9253	2013	10		2019	16				container_qetrbd3atrecvoxdvbxku2p7ty	fulltext		De Gruyter Open Sp. z o.o.	1336-5452
serial	Plastic Surgery International	2090-1461	2090-147X	2010	2010		2018	2018				container_idg6mcwqxbbvtgmaube3bjzc54	fulltext		Hindawi Limited	2090-1461
serial	Ûridična psihologìâ	2519-4682	2519-4690	2019	24		2022	32				container_3mcvtk4vvjcj5l4uawkrptv75m	fulltext		National Academy of Internal Affairs	2519-4682
serial	Ziva antika. Antiquite vivante	0514-7727		1972	22		2022	72				container_o447ttgkunaitgajqimzo2htf4	fulltext			0514-7727
serial	Partner	0852-6877		2020	25		2021	26				container_v6s56lw2lfandltjtenq7s7gnu	fulltext			0852-6877
serial	Epidemiology Research International	2090-2972	2090-2980	2011	2011		2014	2014				container_w6fsx6pvrzcpzkumawjesfhque	fulltext		Hindawi Limited	2090-2980
serial	Journal of Nepalese Business Studies	2350-8795	2676-1238	2019	12		2022	15				container_opcaeeudmnbd5pprlcumtirtnq	fulltext		Nepal Journals Online (JOL)	2676-1238
serial	Federal Reserve Bank of St. Louis Review	0014-9187	2163-4505	2015	97		2018	100				container_kvcmtc3klbb77crbze6qq7h3fa	fulltext		Federal Reserve Bank of St. Louis	0014-9187
serial	ISRN Cardiology	2090-5580	2090-5599	2011	2011		2014	2014				container_gis3svvpkzfyxooq4bc3uejpae	fulltext		Hindawi (International Scholarly Research Network)	2090-5580
serial	RIPS: Revista de Investigaciones Políticas y Sociológicas	1577-239X	2255-5986	2017	15		2021	20				container_cgmxpvkbcnbwzl23ldo3g2ofoi	fulltext		University of Santiago de Compostela	1577-239X
serial	Journal of Drug Delivery	2090-3014	2090-3022	2011	2011		2020	2020				container_4gmkujpqa5fvrd76wxi4m4gpru	fulltext		Hindawi Limited	2090-3022
serial	Linguodidactica	1731-6332		2012	16		2022	26				container_4jmttw7l7nanhp5yjhl2h7nboa	fulltext		University of Bialystok	1731-6332
serial	Internatuinal Journal of Radiation Research	2322-3243	2345-4229	2017	15		2021	19				container_qba55ipd6zhiznkwedvvzdwama	fulltext		Armenian Green Publishing Co	2322-3243
serial	Gradjevinski materijali i konstrukcije	0543-0798		2013	56		2016	59				container_7dw64ynoxjhbtlv6dawd3kp5bu	fulltext		Centre for Evaluation in Education and Science	0543-0798
serial	Cuadernos do Laboratorio Xeolóxico de Laxe	0213-4497	2173-6936	2013	37		2022	44				container_lklkhtlod5advjjfpl3ezy4lyy	fulltext		Seminario de Estudos Galegos. Area de Xeoloxía e Minería	0213-4497
serial	Acta Facultatis Pharmaceuticae Universitatis Comenianae	0301-2298	1338-6786	2011	58		2015	62				container_4lxpfu76nrh2dlrpv623h7jtd4	fulltext		De Gruyter Open Sp. z o.o.	0301-2298
serial	Biological Letters	1644-7700	1734-7467	2009	46		2019	54				container_xwyglykl5fddhp2dpwytvsegey	fulltext		Sciendo	1644-7700
serial	Germanistische Mitteilungen	0771-3703	2698-4873	2011	37		2020	46				container_ovns4gs54bgjfg44yjdnjqak3e	fulltext		Universitätsverlag Winter	0771-3703
serial	Construction Science	2255-8551	2255-8551	2012	13		2017	20				container_bhuld7d4wjhlhn7nyv6f5fddha	fulltext		Sciendo	2255-8551
serial	Ring	0035-5429	2083-3520	2002	24		2021	43				container_vxnmt6ocfjd4le46lqwl7ort2a	fulltext		De Gruyter Open Sp. z o.o.	0035-5429
serial	Scientific Proceedings. Faculty of Mechanical Engineering	1338-1954	1338-5011	2011	19		2015	23				container_yx56kidbunfuhhdsakcorpg7g4	fulltext		De Gruyter Open Sp. z o.o.	1338-1954
serial	Slovak Journal of Political Sciences	1338-3140	1335-9096	2012	12		2017	17				container_ijxyuntwijfjvn2kdkkk7icdta	fulltext		De Gruyter Open Sp. z o.o.	1335-9096
serial	Masalah-Masalah Hukum	2086-2695	2527-4716	2019	48		2020	49				container_i4pzy3wmwjartcgz6z4akm6l2y	fulltext		Institute of Research and Community Services Diponegoro University (LPPM UNDIP)	2527-4716
serial	Research Works of Air Force Institute of Technology	1234-3544	2083-8573	2007	22		2018	41				container_6vzs6jey6bhdzlxovmhjrskmzi	fulltext		De Gruyter Open Sp. z o.o.	1234-3544
serial	Croatian International Relations Review	1331-1182	1848-5782	2013	19		2020	26				container_6v2asyxb7rag3obdih5asulzee	fulltext		De Gruyter Open Sp. z o.o.	1331-1182
serial	Polish Botanical Journal	1641-8190	2084-4352	2013	58		2017	62				container_4twvjag5ifdo3mpm5cyxesqfru	fulltext		De Gruyter Open Sp. z o.o.	1641-8190
serial	Archives of Mechanical Technology and Materials	1233-9709	2450-9469	2016	36		2019	39				container_n4ug6dhp4ndl5od2iw7rf4hyne	fulltext		Walter de Gruyter GmbH	1233-9709
serial	Annual of Navigation	1640-8632	2300-6633	2012	19		2019	26				container_dtt7pequzvejlft65onekfagpy	fulltext		De Gruyter Open Sp. z o.o.	1640-8632
serial	Bulletin of the Veterinary Institute in Pulawy	0042-4870	2300-3235	2012	56		2015	59				container_2ctffcp4orajfm2fuqwoa2wtsu	fulltext		De Gruyter Open Sp. z o.o.	0042-4870
serial	The Canadian Review of Art Education / Revue canadienne d'éducation artistique	2290-3747	2563-6383	2018	45		2022	49				container_emat62l2dzdlflm5sm3hoc52sa	fulltext		McGill University Library and Archives	2290-3747
serial	Jurnal Akuntansi dan Keuangan	1411-0288	2338-8137	2020	22		2021	23				container_xjxg6tfmwjgf7j2mxhuhqekxfu	fulltext		Petra Christian University	2338-8137
serial	Télos	1132-0877	2255-596X	1971	18		2022	24				container_pm5p56b3jndt3ecqdtkljmtone	fulltext		University of Santiago de Compostela	1132-0877
serial	Bulletin of the South Ural State University Series 'Metallurgy'	1990-8482	2411-0906	2015	15		2018	18				container_e3ducholdbe4lkergap2psltea	fulltext		FSAEIHE South Ural State University (National Research University)	1990-8482
serial	SPEKTRUM HUKUM	1858-0246	2355-1550	2010	14		2018	15				container_anxuimclwbfu7ppkdluw67rmmu	fulltext		PMIH Untag Semarang	1858-0246
serial	AGRIEKSTENSIA	1412-4866	2656-5978	2016	16		2019	18				container_3jem54n4gredhl274w3nvaf75m	fulltext		Politeknik Pembangunan Pertanian Malang	1412-4866
serial	Water and Ecology	2305-3488		2017	19		2021	26				container_ldwqnqxpwfdg5ckdqox423bttu	fulltext		Saint Petersburg State University of Architecture and Civil Engineering (SPSUACE)	2305-3488
serial	University of Pitesti Scientific Bulletin - Automotive Series	1453-1100	2601-0380	2017	27		2021	31				container_eqo4rhejizgzphn7sha3rj7yx4	fulltext		University of Pitesti	1453-1100
serial	NIHON HEIKATSUKINGAKKAIZASSI	1884-507X	1884-8761	2006	10		2012	16				container_o2o6y2dufvhfrmmd55toakbvxa	fulltext		Japan Society of Smooth Muscle Research	1884-507X
serial	Acta historiae medicinae stomatologiae pharmaciae medicinae veterinariae	0352-7840	2466-2925	2013	32		2022	41				container_zlnbz7oeybavpddp4wxmhwb6hy	fulltext		Scientific Society for History of Health Culture, Belgrade	0352-7840
serial	Korean Journal of Veterinary Research	1225-0198		2013	53		2015	55				container_ohc3sep2lbaudgvlj23gyodzjq	fulltext		The Korean Society of Veterinary Science (KJVR)	1225-0198
serial	Journal of Korean Endocrine Society	1015-6380		2008	23		2009	24				container_vhu2qhic7bcbbcci55i7fx53ei	fulltext		Korean Endocrine Society (KAMJE)	1015-6380
serial	Sri Lanka Journal of Urology	1391-6343		2010	10		2020	14				container_chqnggu3qrf2xbubiyccnu45fu	fulltext		Sri Lanka Journals Online	1391-6343
serial	Revista Brasileira de Zoociências	1517-6770	2596-3325	2019	20		2020	21				container_tuucnkhs3jaupdpytbruyljpwq	fulltext		Universidade Federal de Juiz de Fora	1517-6770
serial	História Unisinos	1519-3861	2236-1782	2008	12		2020	24				container_ydgbvtgyvbadllhmza6rip5hwm	fulltext		Universidade do Vale do Rio Dos Sinos - UNISINOS	1519-3861
serial	Journal of Management and Development Studies	2392-4888	2392-4896	2013	25		2021	30				container_bcbu2xfyqjhpnmpawbavsmqy3m	fulltext		Nepal Journals Online (JOL)	2392-4888
serial	Ελληνική Επιθεώρηση Πολιτικής Επιστήμης	1105-8366	2585-3031	2017	10		2020	46				container_xa5dyjpbtjfl5miak4l4l5k64m	fulltext		National Documentation Centre	1105-8366
serial	INTERNATIONAL JOURNAL OF ELECTRONICS & COMMUNICATION ENGINEERING & TECHNOLOGY	0976-6464	0976-6472	2020	11		2021	12				container_i3ki7xhmlfhv3jsnrh6zerfwp4	fulltext		IAEME Publication Chennai	0976-6464
serial	Scientific Messenger of LNU of Veterinary Medicine and Biotechnologies	2519-2701		2019	21		2022	24				container_snvhfy3jubdxlo4oobv2x7brqi	fulltext		Stepan Gzhytskyi National University of Veterinary Medicine and  Biotechnologies Lviv	2519-2701
serial	Disciplinarum Scientia - Ciências Humanas	2179-6890	2179-6890	2020	21		2021	22				container_gode6b6yjzedhnipegehhstssq	fulltext		Disciplinarum Scientia: Serie Ciencias Humanas	1981-1381
serial	Elkom Jurnal Elektronika dan Komputer	1907-0012	2714-5417	2018	11		2021	14				container_2x5ben2ygvcn5pkkmw3lwrfz3u	fulltext		Universitas Sains dan Teknologi Komputer	1907-0012
serial	Nelumbo	0976-5069	2455-376X	2017	59		2019	61				container_ckcl3wrgzvah7ogimmd7laqb4e	fulltext		Botanical Survey of India	0976-5069
serial	Insight Urology		2730-3217	2021	42		2022	43				container_buc5kjidvfdrhfid3wjsnwtp3y	fulltext		Thai Urological Association under the Royal Patronage	2730-3217
serial	Shipping & Navigation	2306-5761	2618-0073	2018	28		2022	33				container_lo44742ldnarlf5a3emery3eqa	fulltext		National University Odessa Maritime Academy	2306-5761
serial	Journal of the Ruhunu Clinical Society	1391-1244		2016	21		2021	26				container_z2quaqknuncfnge2p5b3s7qo3m	fulltext		Sri Lanka Journals Online	1391-1244
serial	Rendvédelem-történeti hírlevél = Nuntiotones historiae preasidii ordinis	1785-3257	2560-0893	2008	17		2020	30				container_wwm46pzjlvg7nlj465ivmmkece	fulltext		Rendvedelem-torteneti hirlevel	1785-3257
serial	Studies in Business and Economics	1818-1228	1995-0586	2018	21		2023	26				container_xktec25bdvc3nodf4c4zqewnte	fulltext		Qatar University	1818-1228
serial	Jurnal Planologi	1829-9172	2615-5257	2018	14		2022	19				container_7shcvuyjmrcvlgpiyki4wqfjvu	fulltext		Universitas Islam Sultan Agung	1829-9172
serial	Tirosh Jewish Slavic & Oriental Studies	2658-3380		2018	18		2020	20				container_ejhx5nxcqffwvkficmgic6tuam	fulltext		Institute of Slavic Studies of the Russian Academy of Sciences	2658-3380
serial	Sociae polites	1410-3745	2620-4975	2017	15		2021	22				container_zhtd3huukze33iq3vuwy56wnum	fulltext		UKI Press	1410-3745
serial	Jurnal Manajemen Informatika (JAMIKA)	2088-4125	2655-6960	2020	10		2022	12				container_zkdvbqnwd5avpowzpdfn556nc4	fulltext		Universitas Komputer Indonesia	2088-4125
serial	Investigaciones Andina	0124-8146	2538-9580	2015	18		2020	21				container_s766pdi7azfjjlkd5cmevtrmxu	fulltext		SciELO	0124-8146
serial	Mediaevalia Textos e estudos	2183-6884	2183-6884	2016	35		2018	37				container_2g6vw7btg5dxlbnjpv5tkkkyze	fulltext		Universidade do Porto, Faculdade de Letras	2183-6884
serial	Law. Human. Environment	2663-1350	2663-1369	2019	10		2021	12				container_z5wsx2hmuje45jkt3kpmwwap2a	fulltext		National University of Life and Environmental Sciences of Ukraine	2663-1350
serial	PRANATA HUKUM	1907-560X	2685-3213	2015	10		2021	16				container_hmmddf2tljgczkix6bzhjwttlq	fulltext		Universitas Bandar Lampung Publication Center	1907-560X
serial	Journal of the Korean Home Economics Association	1225-0937		2010	48		2012	50				container_rtoiua3lq5bofammhd24zjfnuq	fulltext		The Korean Home Economics Association	1225-0937
serial	Revista CINTEX	0122-350X	2422-2208	2018	23		2019	24				container_j3vc4qye6jea3pidnmlqyikehe	fulltext		Institución Universitaria Pascual Bravo	0122-350X
serial	Memoirs of the Museum of Victoria	0814-1827		1985	46		1998	57				container_7dqy4h7x4rbtxiuq4ohx3zuloy	fulltext		Museums Victoria	0814-1827
serial	Oikos Família e Sociedade em Debate		2236-8493	2018	29		2021	32				container_2usskfavzvggjcfzx4mnjcucja	fulltext		Familia e Sociedade em Debate	2236-8493
serial	IADIS International Journal on WWW/Internet	1645-7641	1645-7641	2018	16		2021	19				container_3jxemjzaq5c7ddvibtbow7aqg4	fulltext		IADIS - International Association for the Development of the Information Society	1645-7641
serial	Reference materials	2687-0886		2020	16		2022	18				container_qwksah5qmncmbj5sdpp5aakkdu	fulltext		Ural Research Institute of Metrology (UNIIM)	2687-0886
serial	Association of Mexican American Educators Journal	2377-9160	2377-9187	2018	12		2021	15				container_3khglj4a3nbevferzanta6b6uq	fulltext		Association of Mexican American Educators Journal	2377-9160
serial	Media Keperawatan	2087-0035	2622-0148	2019	10		2022	13				container_gn2b2tbmpnd7bblap3sij2xoke	fulltext		Poltekkes Kemenkes Makassar	2087-0035
serial	International Journal of Management & Information Systems	1546-5748	2157-9628	2010	13		2018	22				container_x2k7p4g6cnbjrmlbutikszrp64	fulltext		Clute Institute	2157-9628
serial	RURAL DEVELOPMENT 2019	1822-3230	2345-0916	2020	2019		2023	2022				container_6rrkbvj3ovb3tadt6iyxcdaj5i	fulltext		Vytautas Magnus University	1822-3230
serial	tuahtalino	0216-079X	2685-3043	2019	13		2020	14				container_2vnb4uthyfe2jbo47s6y4xyznu	fulltext		Badan Pengembangan dan Pembinaan Bahasa	0216-079X
serial	Agroland Jurnal Ilmu-ilmu Pertanian	0854-641X	2407-7607	2019	26		2022	29				container_2v46fftc5jc7bc5nnsg55par3q	fulltext		Universitas Tadulako	0854-641X
serial	ISLAMIKA	1858-0386	2686-5653	2019	11		2020	13				container_sbalf4b2qrf7xipvrj4hiv7wni	fulltext		Lembaga Penelitian dan Pengabdian Masyarakat, Universitas Islam Syekh-Yusuf Tangerang	1858-0386
serial	Rozprawy Komisji Językowej	0076-0390	2450-9310	2019	67		2022	70				container_4nbmgng54zbjhfzn5seza2f5de	fulltext		Lodzkie Towarzystwo Naukowe	0076-0390
serial	Archives of Electrical Engineering	0004-0746	2300-2506	2010	59		2014	63				container_zebmr54gurh3zegqu3iy4o2ixe	fulltext		De Gruyter Open Sp. z o.o.	0004-0746
serial	Visnik ukrains'kogo tovaristva genetikiv i selekcioneriv	1810-7834	2415-3680	2016	14		2021	18				container_tyflqaika5erbnuxq2wewcmzka	fulltext		Institute of Molecular Biology and Genetics (NAS Ukraine)	1810-7834
serial	Majalah Kedokteran Sriwijaya	0852-3835		2019	49		2021	53				container_tb3zk3ub3jgevpoajqehlgcyu4	fulltext		Fakultas Kedokteran Universitas Sriwijaya	0852-3835
serial	Известия Юго-Западного государственного университета	2223-1560	2686-6757	2020	24		2022	26				container_w2pznxccvbgplievv4ajdpzane	fulltext		Science and Education, Ltd	2223-1560
serial	Journal of Geophysics & Remote Sensing		2169-0049	2014	3		2015	4				container_c72iiyki7jaxtadll3mlfldpvy	fulltext		OMICS Publishing Group	2169-0049
serial	Angiology Open Access		2329-9495	2013	1		2016	4				container_uuu3mclgdzhwrnqpvfxn2brfcy	fulltext		OMICS Publishing Group	2329-9495
serial	South Asian Journal of Food Technology and Environment	2394-5168	2454-6445	2016	2		2019	5				container_oqkkghjbnjbfbb7p5r7vfnaeqm	fulltext		Society for World Environment, Food and Technology	2394-5168
serial	Bulletin of the Japan Association for Comparative Economic Studies	1348-4060	1883-9800	2002	39		2005	42				container_mdavd5n32rgghjxcwfflizkcku	fulltext		Japan Association for Comparative Economic Studies	1348-4060
serial	Papers on Philosophy Psychology Sociology and Pedagogy	0352-6798		2017	24		2018	41				container_nrn2ajhravgxpby6ukdngzp2ym	fulltext		University of Zadar	0352-6798
serial	IMK-14 - Istrazivanje i razvoj	0354-6829		2014	20		2021	27				container_suktnpfubbcibd6wusuzjsegaq	fulltext		Centre for Evaluation in Education and Science (CEON/CEES)	0354-6829
serial	Organization & Management Scientific Quartely	1899-6116		2017	2017		2019	2019				container_2ntjdd6uzzcy5j5i2vebfr2e44	fulltext		Silesian Technical University	1899-6116
serial	Acta historiae artis Slovenica	1408-0419	2536-4200	2019	24		2022	27				container_wiozgwa35bfotiekpodhxc2fne	fulltext		Scientific Research Centre ZRC-SAZU	1408-0419
serial	The Review of Finance and Banking	2067-2713	2067-3825	2019	11		2022	14				container_tgmr7534gbfg5fjvdz3irojkjq	fulltext		Bucharest University of Economic Studies	2067-3825
serial	Gravitasi	1412-2375	2654-4318	2019	17		2021	20				container_v4opzyh2ljeptlcnge4qmb5lam	fulltext		Fakultas MIPA Universitas Tadulako Palu	1412-2375
serial	MAKSIGAMA	1410-8763		2015	10		2019	13				container_rk5qe6bblng2blt4dxzr6r3t5q	fulltext		LPPM Universitas Wisnuwardhana	1410-8763
serial	Jurnal Akuntansi Profesi	2338-6177	2686-2468	2022	13		2023	14				container_ca65hstbifbo7e5zbmrugcw6hu	fulltext		Universitas Pendidikan Ganesha	2338-6177
serial	̒Ulūm-i muḥīṭī	1735-1324		2000	17		2020	18				container_t2wanovglzdmdddzeb6q57tewq	fulltext			1735-1324
serial	Revista Mexicana de Astronomía y Astrofísica Serie de Conferencias	1405-2059		2019	51		2022	54				container_hksb2cpj25eyjcoqbd7fzua5xi	fulltext		Universidad Nacional Autonoma de Mexico	1405-2059
serial	Endokrynologia	1680-1466	2524-0439	2018	23		2022	27				container_7blk5txpg5aftgbokptcx7y25e	fulltext		LLC Publishing house Medknyha	1680-1466
serial	ANIMA Indonesian Psychological Journal	0215-0158	2620-5963	2014	30		2023	38				container_y5exqxdzyvhj5die64ylwgkuue	fulltext		University of Surabaya	0215-0158
serial	Scientific Bulletin of Civil Engineering	2311-7257		2019	92		2022	108				container_vfk33bt76rcwvn5scy2hndzwiu	fulltext		Kharkiv National University of Civil Engineering and Architecture	2311-7257
serial	ROTASI	1411-027X	2406-9620	2013	15		2017	19				container_sthxpf7mrvda3f5bygaevl75ze	fulltext		Institute of Research and Community Services Diponegoro University (LPPM UNDIP)	1411-027X
serial	Journal of Pure and Applied Mathematics: Advances and Applications	0974-9381	0974-9381	2010	13		2022	25				container_kahgi2dg75gc5c5r7fjuxfjwvi	fulltext		Scientific Advances Publishers	0974-9381
serial	Historica. Revue pro historii a příbuzné vědy	1803-7550	2695-060X	2020	11		2022	13				container_2otmcv4fljg5rdybxca6cwfze4	fulltext		University of Ostrava	1803-7550
serial	Jurnal Hukum Samudra Keadilan	2615-3416	2615-7845	2019	14		2022	17				container_adyvqsepqzbofdsqmfqjsdq24y	fulltext		Fakultas Hukum Universitas Samudra	2615-7845
serial	"Annals of the ""Dunarea de Jos"" University of Galati. Fascicle II, Mathematics, Physics, Theoretical Mechanics"	2067-2071	2668-7151	2018	3		2022	45				container_2qnjezhstbh57f66fqiehzcgoa	fulltext		Universitatea Dunarea de Jos din Galati	2067-2071
serial	Forestry: Journal of Institute of Forestry, Nepal	2631-2425		2018	15		2021	18				container_vs4elsgncnbf7dqtmii7xjimuq	fulltext		Nepal Journals Online (JOL)	2631-2425
serial	Науковий вісник Ужгородського університету. Серія Медицина	2415-8127		2018	57		2020	62				container_w54lvtzjtjajnkuvhvtdvwmiva	fulltext		Uzhhorod National University	2415-8127
serial	Acta herbologica	0354-4311		2014	23		2022	31				container_fmnxqoehordtxnuaf2cmx4jnhy	fulltext		Centre for Evaluation in Education and Science (CEON/CEES)	0354-4311
serial	Bulletin of South Ural State University series Economics and management	1997-0129	2413-1016	2015	11		2020	14				container_mrj6ck4y2ffxxav6ftyoma3rlq	fulltext		FSAEIHE South Ural State University (National Research University)	1997-0129
serial	Ukrainian Journal of Forest and Wood Science	2664-4452	2664-4460	2019	10		2021	12				container_cri7f2aeuvef3oebut7fxogndu	fulltext		National University of Life and Environmental Sciences of Ukraine	2664-4452
serial	Food Industry	2225-2916		2019	25		2022	30				container_jrfqed5mnnbrjlqvwru43hdghm	fulltext		National University of Food Technologies	2225-2916
serial	Bulletin of Taras Shevchenko National University of Kyiv Series Problems of Physiological Functions Regulation	1728-2624	2616-6410	2017	22		2019	29				container_rohqe5eup5f45hlflpymjvl6ri	fulltext		Taras Shevchenko National University of Kyiv	1728-2624
serial	Journal of Statistics: Advances in Theory and Application	0975-1262	0975-1262	2016	13		2021	25				container_67jiwq6eozb5zb2j5glstsyyay	fulltext		Scientific Advances Publishers	0975-1262
serial	Journal of Materials Science and Engineering with Advanced Technology	0976-1446	0976-1446	2015	12		2021	23				container_7grp3n4ccjc2jhgnztarbzlbei	fulltext		Scientific Advances Publishers	0976-1446
serial	Animal Science and Food Technology	2706-8331	2706-834X	2019	10		2020	12				container_sceunbf2hjgfzpdlprjofcj4nq	fulltext		National University of Life and Environmental Sciences of Ukraine	2706-8331
serial	Folia Musei rerum naturalium Bohemiae occidentalis Geologica et Paleobiologica	1805-2371	1805-286X	2012	46		2021	55				container_m6ekzye5pjbltdwcl5miwi22si	fulltext		De Gruyter Open Sp. z o.o.	1805-2371
serial	Gogoa	1577-9424		2016	14		2021	22				container_hdbfohl4nfhe5ofrtoiawludsm	fulltext		UPV/EHU Press	1577-9424
serial	Hospital Medicine and Clinical Management	2604-000X		2019	12		2022	13				container_ua44z3tgznbrlgfr3wul6nalyi	fulltext		Permanyer Publications	2604-000X
serial	Journal of the National Museum (Prague), Natural History Series	1802-6842	1802-6850	2017	186		2021	190				container_ukohs56vmzgu3px2dmxeydaaqq	fulltext		Walter de Gruyter GmbH	1802-6842
serial	The journal of Sustainable Design and Educational Environment Research	1598-3765		2012	11		2016	15				container_rrirlgrnanc4dfhcdhs6cgurfa	fulltext		Korean Institute of Educational Environment	1598-3765
serial	Polish Journal of Educational Studies		2657-3628	2019	72		2021	73				container_dklj4svpizftffagqghsrqu43u	fulltext		De Gruyter Open Sp. z o.o.	2657-3628
serial	"Наукові праці Національного університету ""Одеська юридична академія"""	2367-3427	2663-6131	2019	12		2022	28				container_kopemzgyfvfhrht7kwn3pfburi	fulltext		National University - Odessa Law Academy	2663-6123
serial	Practical oncology	1726-9814		2017	18		2022	22				container_ojk6v5fyebbu3n6wwswuya3uzi	fulltext		LLC Center TOMM	1726-9814
serial	Visipena Journal	2086-1397	2502-6860	2020	11		2021	12				container_3nlkpvvzlbhujc2stq5hy7bk2i	fulltext		STKIP Bina Bangsa Getsempena	2086-1397
serial	JURNAL ILMIAH MOMENTUM	0216-7395	2406-9329	2018	14		2021	17				container_siw4dbspz5gydicxjtvxg2dzem	fulltext		Fakultas Teknik Universitas Wahid Hasyim	2406-9329
serial	Ingenierías	1405-0676		2020	23		2023	26				container_y5vgacpmtjgtjl6qgeud6h24p4	fulltext		Facultad de Ingeniería Mecánica y Eléctrica	1405-0676
serial	Проблеми політичної психології	2411-1449	2707-868X	2020	23		2022	26				container_mneqf4ikybhwtczhpbo4ocwvra	fulltext		Institute for Social and Political Psychology, National Academy of Educational Science of Ukraine	2411-1449
serial	Edukasi Lingua Sastra	1693-9263	2621-0673	2017	15		2022	20				container_v2t55u26bvf45ddyeteyw7nwza	fulltext		Universitas Muhammadiyah Kotabumi	1693-9263
serial	The Pure and Applied Mathematics	1226-0657	2287-6081	2011	18		2015	22				container_kwcaky5gl5g6vgmv475tuqwkci	fulltext		Korea Society of Mathematical Education	1226-0657
serial	Cadernos de Ciência & Tecnologia	0104-1096	0104-1096	2019	36		2021	38				container_r6j4e65jajb2lhew3kczpypffq	fulltext		10.35977	0104-1096
serial	Norteamérica	1870-3550	2448-7228	1969	14		2022	17				container_g2wirqfvrvcnjltrrsfmjipoty	fulltext		Universidad Nacional Autonoma de Mexico	2448-7228
serial	At-Taqaddum	1979-4703	2527-9726	2019	11		2021	13				container_5v3rdsmfyvedvbei4yjopiu25q	fulltext		UIN Walisongo Semarang	2527-9726
serial	Revista latinoamericana de filosofía	0325-0725	1852-7353	2019	45		2022	48				container_yfnxcdqlwrbvvltgsngkxxtzz4	fulltext		Centro de Investigaciones Filosóficas	0325-0725
serial	Analele Universităţii din Craiova	1224-8150		2022	25		2023	26				container_pjhxb5yklzhz7dojd6otssbfkq	fulltext		Facultatea de Litere, Universitatea din Craiova	1224-8150
serial	Jurnal Teknik Mesin	1410-9867	1410-9867	2010	12		2022	19				container_ojjubkc6xnexpixrktojc47qoa	fulltext		Petra Christian University	1410-9867
serial	Archives of Head and Neck Surgery		2595-2544	2018	47		2021	50				container_xev7wqsx5bcjjhkzm4jqrtnov4	fulltext		Editora Cubo Multimidia	2595-2544
serial	Revista de Ciências Ambientais		1981-8858	2015	10		2022	16				container_bnmlscjbvbgevos3t6gn3ylfxe	fulltext		Centro Universitario La Salle - UNILASALLE	1981-8858
serial	Automation of ship technical facilities	1819-3293	2415-3915	2017	23		2021	27				container_2hl3nnjs6rfhzfolurx2wan4tu	fulltext		National University Odessa Maritime Academy	1819-3293
serial	Tokovi osiguranja	1451-3757		2019	35		2021	37				container_vizfantimvcnjla2hl7e4r5zpi	fulltext		Centre for Evaluation in Education and Science (CEON/CEES)	1451-3757
serial	Revista Peruana de Investigación Educativa	2076-6300	2077-4168	2020	12		2022	14				container_mdl2ae27rvczzgopcyl565w2ky	fulltext		Revista Peruana de Investigacion Educativa	2076-6300
serial	Odrodzenie i Reformacja w Polsce	0029-8514		2011	55		2023	66				container_cew65xesv5bujhp7ckugzqa3pa	fulltext		Uniwersytet Mikolaja Kopernika/Nicolaus Copernicus University	0029-8514
serial	Pro Musica Sacra	2083-4039	2391-6729	2012	10		2022	20				container_ir53fw2lxna6jlypyxhj5xvzxy	fulltext		Pontifical Universtiy of John Paul II in Krakow	2083-4039
serial	LEKSIKA	1978-1695	2620-4037	2019	13		2021	15				container_7fir6oiqzjdgfh4ipc5iosh2qy	fulltext		Lembaga Publikasi Ilmiah dan Penerbitan Universitas Muhammadiyah Purwokerto	1978-1695
serial	Ethnologia Fennica	0355-1776	2489-4982	2016	42		2022	49				container_a4eaw4zwavcbzh4j5jtcvid2ga	fulltext		Ethnologia Fennica	0355-1776
serial	Jurnal Bimas Islam	1978-9009	2657-1188	2019	12		2021	14				container_pymdjxhb5ret5mayi3yllwcnje	fulltext		Jurnal Bimas Islam, Kementerian Agama RI	1978-9009
serial	Acta Universitatis Wratislaviensis. Kształcenie językowe	1642-5782		2018	15		2021	19				container_ijhmlrdh45gqpalyfsgrqfwiue	fulltext		Uniwersytet Wrocławski	1642-5782
serial	Estudos Universitários: revista de cultura	0425-4082	2675-7354	2020	37		2021	38				container_j466pkis7fdwbaboyy3iyy7wby	fulltext		Universidade Federal de Pernambuco	0425-4082
serial	Multilingual	1412-4823	2620-6250	2018	17		2021	20				container_xseschx5yzhoffoesegh2lcpiy	fulltext		Badan Pengembangan dan Pembinaan Bahasa	1412-4823
serial	Journal of Sericultural and Entomological Science	2234-8174		2012	50		2013	51				container_q2t743raobbbpj35avlncebo6i	fulltext		Korean Society of Sericultural Science	2234-8174
serial	Bulletin of the Hokkaido Geographical Society		2186-5418	1951	1951		1959	1959				container_ecghjnbtszcrjfirsjzc3hzk2a	fulltext		J-STAGE	2186-5418
serial	Menara. Jurnal kewirausahaan	2085-8833	2407-1668	2020	14		2021	15				container_k27wml35rzhanmytis6fhdepdy	fulltext		Lembaga Penelitian dan Pengabdian kepada Masyarakat, Universitas Islam Negeri Sultan Syarif Kasim Riau	2085-8833
serial	Jurnal pendidikan dan kebudayaan Missio	1411-1659	2502-9576	2020	12		2022	14				container_7iwjycnk6rem3f4coez4ekzdxq	fulltext		Universitas Katolik Indonesia Santu Paulus	1411-1659
serial	Revista de História Regional	1414-0055	1414-0055	2010	14		2021	26				container_nyxj7qma75ae3isk3mbwspzg4y	fulltext		Universidade Estadual de Ponta Grossa	1414-0055
serial	Eurasian physical technical journal	1811-1165	2413-2179	2019	16		2021	18				container_suafu5upxzbs7dnovwrynhynt4	fulltext		Buketov Karaganda State University	1811-1165
serial	ARHE	1820-0958	1821-4940	2020	18		2022	27				container_a5eyebfqovdbxkog5qxpy4lagu	fulltext		Faculty of Philosophy, University of Novi Sad	1820-0958
serial	Revista de Psicologia da UNESP		1984-9044	2020	19		2021	20				container_42bbpjll6zaphmawdbctixuqqq	fulltext		Universidade Estadual Paulista de Assis	1984-9044
serial	Jurnal Al-Hikmah	1907-4328	2685-4376	2019	17		2021	19				container_jvcjjjzhojhq3ie34upd4wpurm	fulltext		IAIN Jember	1907-4328
serial	Revy	1904-1969	1904-1977	2019	42		2021	44				container_iba3xtecfbd4bdrwhgsefjanhu	fulltext		DNotearks Forskningsbiblioteksforening	1904-1977
serial	PUNTO DE VISTA	0123-580X	2027-5153	2020	11		2021	12				container_m37outb4fzehlhq63d6gcwcwmy	fulltext		Institucion Universitaria Politecnico Grancolombiano	2027-5153
serial	Practical English Studies	1883-230X	1884-4413	1991	1991		2009	2009				container_pflpjsbvknetrf2j6lmrlc36yi	fulltext		J-STAGE	1883-230X
serial	Scholarly Notes of Transbaikal State University Series Pedagogical Sciences	2542-0089	2542-0070	2016	11		2018	13				container_gw3t3argefdwdfolfgmqbdx7u4	fulltext		Transbaikal State University	2542-0089
serial	Kyungpook Mathematical Journal	1225-6951		2008	48		2016	56				container_zysb7euzgvahbczf7jwclozaqa	fulltext		Kyungpook National University	1225-6951
serial	Nihon EC Kenkyuusha Taikai		1884-2712	1976	1976		1979	1979				container_l5tkjjxm5vhufkhmytzkdv5sdu	fulltext		The European Union Studies Association - Japan	1884-2712
serial	Hypatia Reviews Online	2753-9067		2013	2013		2020	2020				container_p3q4j4i2hrg6lhmuowhejbkopq	fulltext		Cambridge University Press	2753-9067
serial	Bulletin de la Société des sciences et des lettres de Lódz	0459-6854	2450-9329	2017	67		2018	68				container_aap6rehiznejnm3cf62jp3b6vm	fulltext		La Société des sciences et des lettres de Lódz	0459-6854
serial	Soil Rens Jurnal Ilmiah Lingkungan Tanah Pertanian	1411-4224	2685-4058	2019	14		2023	20				container_fywdemjvp5b65byocjguqu2y4m	fulltext		Universitas Padjadjaran	1411-4224
serial	Russian Management Journal	1729-7427	2618-6977	2016	14		2022	20				container_3vnog4kdprb55brlkbgdsuqwdq	fulltext		Saint Petersburg State University	1729-7427
serial	Journal of Electrophoresis	1349-9394	1349-9408	2005	49		2022	66				container_mddzcxardnhongbj3mjvk3elvy	fulltext		Japanese Electrophoresis Society	1349-9394
serial	MEDIA BINA ILMIAH	1978-3787	2615-3505	2018	13		2022	16				container_3v7teml3rnf3nozvf5lja26fdq	fulltext		LPSDI Bina Patria	1978-3787
serial	Journal of the Society for the Study of Architecture in Canada	1486-0872	1486-0872	2018	43		2020	45				container_soyrp4fwyreqvjeg2wkprqzz7e	fulltext		Consortium Erudit	1486-0872
serial	Suomalais-Ugrilaisen Seuran Aikakauskirja	0355-0214	1798-2987	2006	2006		2023	2023				container_twmfrkrd4vds7d4h77jjda3wju	fulltext		Suomalais-Ugrilaisen seuran Aikakauskirja	0355-0214
serial	"Братство часопис Друштва ""Свети Сава"	1451-2386		2017	21		2021	25				container_4jmnkyyexfbxrmpebx55i32ooi	fulltext		Faculty of Philology, University of Belgrade	1451-2386
serial	Kaj	0453-1116	1848-7920	2018	51		2022	54				container_wyqwxhgbzfbk7febpcbq7sq46i	fulltext		Kajkavian Parliament	0453-1116
serial	New Zealand journal of employment relations		1176-4716	2020	45		2021	46				container_th7drq5lejbchp4us3fdanezwi	fulltext		ER Publishing Ltd	1176-4716
serial	Агрознање	1512-6412	2233-0070	2012	13		2021	22				container_ic5gp4xeordqlnkjfxpb6va3fq	fulltext		National and University Library of the Republic of Srpska	1512-6412
serial	Cadernos do Tempo Presente		2179-2143	2020	11		2022	12				container_zuxqz4ohwnbnfcyfztkdqbz7ge	fulltext		Cadernos do Tempo Presente	2179-2143
serial	The Chittagong University Journal of Science	1561-1167		2020	40		2022	43				container_hbbe32727ndvhdyguxlm6dncu4	fulltext		Bangladesh Journals Online (JOL)	1561-1167
serial	Ruwa Jurai Jurnal Kesehatan Lingkungan	1978-6204	2723-7796	2021	12		2023	16				container_y7j4wp45qfhm7b6gzwvncmdie4	fulltext		Politeknik Kesehatan Tanjungkarang	1978-6204
serial	Liturgia Sacra	1234-4214	2391-9353	2017	51		2022	60				container_pidjiivllndpjjauu3uoqlgfqy	fulltext		Uniwersytet Opolski	1234-4214
serial	Annales Universitatis Mariae Curie-Skłodowska sectio H Oeconomia	0459-9586	2449-8513	2014	48		2022	56				container_koctve37ovfrxdhzcy34xnpbty	fulltext		Wydawnictwo Uniwersytetu Marii Curie-Skłodowskiej w Lublinie	0459-9586
serial	ГОДИШЊАК ФИЛОЗОФСКОГ ФАКУЛТЕТА У НОВОМ САДУ	0374-0730	2334-7236	1970	43		2020	45				container_zdwffudjaravdoiuezpajti2bm	fulltext		Faculty of Philosophy, University of Novi Sad	0374-0730
serial	Rechtidee	1907-5790	2502-762X	2019	14		2020	15				container_mnziwaxoc5clvjb6ehoulqm34q	fulltext		University of Trunojoyo Madura	2502-762X
serial	Pensar Acadêmico	1808-6136	2674-7499	2016	13		2022	20				container_3rwi7ka7hrbq3fg4wgdn55zfly	fulltext		Pensar Academico	1808-6136
serial	Uganda Journal of Agricultural Sciences	1026-0919	2410-6909	2016	16		2022	21				container_4mw66cbyuvafbjxixso5a6sp2e	fulltext		African Journals Online	1026-0919
serial	Mechanics and Mechanical Engineering	1428-1511	2354-0192	2019	22		2020	24				container_fjpcpdh3m5gjdeocd3ww3kianu	fulltext		Politechnika Łódzka	1428-1511
serial	The Korean Journal of Laboratory Medicine	1598-6535		2006	26		2011	31				container_uzrisbbc6rhv3c72czsnklvvre	fulltext		Korean Society for Laboratory Medicine (KAMJE)	1598-6535
serial	JOURNAL OF THE UNIVERSITY OF LATVIA LAW	1691-7677		2018	11		2020	13				container_rlg2haswifambcxgjemad2fs7m	fulltext		University of Latvia	1691-7677
serial	Természetvédelmi Közlemények	1216-4585		2016	22		2022	28				container_wutgtlbhsjcini6z6a6vcmouzi	fulltext		Termeszetvedelmi Kozlemenyek	1216-4585
serial	Педагошка стварност	0553-4569	2620-2700	1970	63		2022	67				container_r4i2qvpc5bhszeaevpmpshy22a	fulltext		Faculty of Philosophy, University of Novi Sad	0553-4569
serial	Jurnal Sains dan Teknologi: Jurnal Keilmuan dan Aplikasi Teknologi Industri	1412-5455	2615-2827	2017	17		2022	22				container_fnn5eiosl5buhkaxu7z3zs4cl4	fulltext		Sekolah Tinggi Teknologi Industri (STTIND) Padang	1412-5455
serial	Jurnal Yustika: Media Hukum dan Keadilan	1410-7724	2655-7479	2019	22		2023	25				container_256etpedv5gdvnvywngcvbgsje	fulltext		University of Surabaya	1410-7724
serial	Strategic impact	1841-5784		2022	80		2023	87				container_6loxiyv7bvdx7dthgqmfnc2oke	fulltext		"Universitatea Naţională de Apărare ""Carol I"". Centrul de Studii Strategice de Apărare şi Securitate"	1841-5784
serial	JURNAL AGROTROPIKA	0216-7662	2745-7737	2020	19		2022	21				container_2e65ivv52jblxlmdksaycjnkz4	fulltext		Universitas Lampung	0216-7662
serial	JURNAL TAHURI	1693-7481	2685-4198	2019	16		2022	19				container_2znw6unbh5fc7noildeu3ifpui	fulltext		Universitas Pattimura	1693-7481
serial	Ideação	1518-6911	1982-3010	2007	22		2023	25				container_k76trza3cnctzoxlwi6djmqwqm	fulltext		Centro de Educação e Letras, Universitade Estadual de Oeste do Paraná	1518-6911
serial	Filozofski Vestnik	0353-4510	1581-1239	2020	41		2022	43				container_acqqsz3pjnbj3ipvgls67kjp3a	fulltext		Scientific Research Centre of the Slovenian Academy of Sciences and Arts, Institute of Philosophy	0353-4510
serial	Revista TEOPRAXIS	1677-860X	2763-5201	2021	38		2022	39				container_emplv2v6fbbgljh3pkkxfsqsku	fulltext		Revista Teopraxis	2763-5201
serial	Bulletin of Butsuryo College of Osaka	2187-6517	2433-4758	2014	2		2018	6				container_x6kgpiep6ffndab2g4d52xo42q	fulltext		Butsuryo College of Osaka	2187-6517
serial	Jurnal ISIP	1693-9506	2655-1985	2017	14		2020	17				container_gkofzh2q5fh65l5azkl65ahqii	fulltext		Institut Ilmu Sosial dan Ilmu Politik (IISIP Jakarta)	1693-9506
serial	Ijtihad : Jurnal Hukum dan Ekonomi Islam	1907-4514	2614-8471	2020	14		2022	16				container_mq3njwxb3nesbohurchmc6bwry	fulltext		Universitas Darussalam Gontor	1907-4514
serial	Ribla	1676-3394		2017	76		2022	89				container_as66scpuvbbthilczmhgvad5ei	fulltext		Instituto Metodista de Ensino Superior	1676-3394
serial	JLTA Journal		2433-0051	1998	1		2000	3				container_algd6uc2hbdzvjimzpfl7l5nme	fulltext		J-STAGE	2433-0051
serial	Prace Polonistyczne	0079-4791	2450-9353	2019	74		2021	76				container_rqnpmhioezcsvbylmteebcvwxe	fulltext		Lodzkie Towarzystwo Naukowe	0079-4791
serial	Studia Philosophica et Theologica	1412-0674	2550-0589	2019	11		2022	22				container_xyh4n5m6efevfcscnsyahvkuim	fulltext		Sekolah Tinggi Filsafat Teologi Widya Sasana	1412-0674
serial	Al-Adl. Jurnal hukum dan pranata sosial	1979-4916	2615-5540	2020	13		2022	15				container_hm5dcl3finggvhh5mvmwm5uvyi	fulltext		Institut Agama Islam Negeri Kendari	1979-4916
serial	JURNAL PENELITIAN KOMUNIKASI DAN OPINI PUBLIK	1978-2462	2527-4554	2020	24		2021	25				container_5stoaysltra73cu7ol7k424iiu	fulltext		BPSDMP Kominfo Manado	1978-2462
serial	Proceedings of Japan Society of Regional Science	0287-6248		1962	1962		1968	1968				container_cjdul5etnjcb3luynku637kkfy	fulltext		The Japan Section of the Regional Science Association International	0287-6248
serial	Lexonomica	1855-7147	1855-7155	2018	10		2020	12				container_kh5zvqzto5dvvigdqn6myageb4	fulltext		Universtiy of Maribor	1855-7155
serial	Contabilidade Vista & Revista	0103-734X	0103-734X	2018	29		2022	33				container_s2yjoxsopjfthbclkmjpeclwki	fulltext		Contabilidade Vista e Revista	0103-734X
serial	Al-Awqaf	2085-0824		2020	11		2022	15				container_dkqeqx4xyrbvjo2cjtgeg2tlei	fulltext			2085-0824
serial	Aspects of Historical Musicology	2519-4143	2519-4143	2019	14		2022	27				container_jzya5zdxmze63gbwgcgceuuxtm	fulltext		Kharkiv I.P. Kotlyarevsky National University of Arts	2519-4143
serial	Ceylon Journal of Medical Science	0011-2232	2659-2002	1996	39		2019	56				container_cydgrusx7fgjpjnf4tuvsujjji	fulltext		Sri Lanka Journals Online (JOL)	2659-2002
serial	"Kêtêg. Jurnal Pengetahuan Pemikiran dan Kajian tentang ""Bunyi"""	1412-2065	2714-6367	2019	18		2022	21				container_crxrw376orcv5nsb5zisr63v7i	fulltext		Institut Seni Indonesia Surakarta	1412-2065
serial	O publico e o privado : caderno dos nucleos e grupos de pesquisa vinculados ao Mestrado Academico em Politicas Publicas e Sociedade da Universidade Estadual do Ceara	1519-5481	2238-5169	2010	18		2022	20				container_zgdsyninbrh7jgxxnsch34r3qi	fulltext		Programa de Pós-Graduação em Políticas Públicas e Sociedade, Universidade Estadual do Ceará	1519-5481
serial	Revista Mythos	1984-0098		2019	10		2021	17				container_miee5kwtpvg7jg6zwzvfjiakl4	fulltext		Revista Mythos	1984-0098
serial	Jurnal Ilmiah Rekayasa Sipil	1858-3695	2655-2124	2018	15		2022	19				container_moqgv3oeure45pvn5pzm6eh4ze	fulltext		Politeknik Negeri Padang	1858-3695
serial	Jurnal Communio Jurnal Jurusan Ilmu Komunikasi	2252-4592	2745-5769	2021	10		2022	11				container_nqaqlfqlmrgupkotigj272gjlq	fulltext		Universitas Nusa Cendana	2252-4592
serial	Dermatology Case Reports		2684-124X	2017	2		2019	4				container_lkssijenzrhlze4dmz5lhqkpz4	fulltext		Longdom Group	2684-124X
serial	VITTALLE - Revista de Ciências da Saúde	1413-3563	2177-7853	2018	30		2022	34				container_q677ua73xrgv5d2ejjwsjc4x7m	fulltext		Lepidus Tecnologia	1413-3563
serial	Revista ComCiência	1807-0124	2595-1890	2018	1		2019	4				container_45qh5ml3lvgpbdc5dsz7lpxuby	fulltext		Revista ComCiencia	1807-0124
serial	Journal of Algebra Number Theory Advances and Applications	0975-1548	0975-1548	2015	14		2021	24				container_yjmc3l2cg5bmhl6owmypa7kmr4	fulltext		Scientific Advances Publishers	0975-1548
serial	مجله علوم و فنون هسته ای	1735-1871	2676-5861	2018	39		2020	41				container_62m6yv2pvfeexban25kx3aa34e	fulltext		SciTech Solutions	1735-1871
serial	Bulletin of Osaka Prefectural Institute of Public Health	1343-2923	2185-4076	2009	47		2016	54				container_kzv5bl73v5g5vi6fonnid5vcjm	fulltext		Osaka Institute of Public Health	1343-2923
serial	Educere et Educare	1809-5208	1981-4712	2019	14		2020	15				container_7h4d6ssb65g63cebykeuq5r54m	fulltext		Galoa Events Proceedings	1809-5208
serial	AITI	1693-8348	2615-7128	2018	15		2021	18				container_s2qkps6a5ffitk3cxeut4rbxom	fulltext		Universitas Kristen Satya Wacana	1693-8348
serial	Revista de filosofía (México)	0185-3481		2020	53		2021	54				container_civdogcxjraodgakzuca5qe6su	fulltext		Departamento de Filosofía, Universidad Iberoamericana	0185-3481
serial	Studia Historiae Oeconomicae	0081-6485	0081-6485	2013	31		2022	40				container_cezpnxkw35d3lp6fbxwishpwae	fulltext		De Gruyter Open Sp. z o.o.	0081-6485
serial	Groninger Opmerkingen en Mededelingen	0168-7018		2018	35		2020	37				container_ntcz4qiajjfv5h7dwprviudoga	fulltext		University of Groningen Press	0168-7018
serial	Journal of Rafsanjan University of Medical Sciences	1735-3165	2008-7268	2021	20		2022	21				container_fdztvdjcifacxijb6xkia2awiy	fulltext		Armenian Green Publishing Co	1735-3165
serial	Prace historyczno-archiwalne	1231-3335		2020	32		2022	34				container_7d6nr7bw25dmtg64m2u37j4raa	fulltext		Archiwum Państwowe (Rzeszów) ; Polskie Towarzystwo Historyczne. Oddział Rzeszów	1231-3335
serial	Perspectivas da educação matemática	1982-7652	1982-7652	2020	12		2021	14				container_ionv63kbdba5vm4zhgwnye67vq	fulltext		Programa de Pós-graduação em Educação Matemática, Universidade Federal de Mato Grosso do Sul	1982-7652
serial	Revista Saber Digital		1982-8373	2021	14		2022	15				container_62v5ngwwbnbnjhvq7dce5hsitq	fulltext		Centro Universitário de Valenca	1982-8373
serial	Revista Sa�de - UNG-Ser		1982-3282	2020	13		2022	16				container_w4zdfxmsxrfnhgyhxo42o2otaq	fulltext		Revistas Cientificas Eletronicas UNG	1982-3282
serial	Financial and economic review	2415-9271	2415-928X	2019	18		2022	21				container_fqqnudu6y5edfn7irdftb3qnle	fulltext		Financial and Economic Review	2415-9271
serial	Stočarstvo	0351-0832	1848-9044	2017	71		2022	76				container_lbslg4vlqfartc3cqgv7gfysga	fulltext		Hrvatsko Agronomsko Drustvo	0351-0832
serial	Animal Psyche		1883-6275	1933	1		1938	4				container_fwveuos24bdk7pwgukz62onoei	fulltext		The Japanese Society for Animal Psychology	1883-6275
serial	Chemija	0235-7216	2424-4538	2018	29		2021	32				container_twkpbsglrrhn5f5ykh4sjjzvya	fulltext		Lithuanian Academy of Sciences	0235-7216
serial	Российский химический журнал	1024-6215		1970	63		2021	65				container_qswewoebj5de3hv3fm6dj6wfx4	fulltext		Ivanovo State University of Chemistry and Technology	1024-6215
serial	THE ASIAN JOURNAL OF HORTICULTURE	0973-4767	0976-724X	2014	10		2020	15				container_6qrq4bs3bvfldp7kmi5y645ihu	fulltext		Hind Agri Horticultural Society	0973-4767
serial	Problems of Information Technology	2077-4001	2304-0157	2015	6		2022	13				container_mvw6elm5enc45bicz7hwchpxkm	fulltext		Institute of Information Technology of Azerbaijan National Academy of Sciences	2077-4001
serial	Revista de gestão dos países de língua portuguesa	2183-7678	1677-2067	2019	18		2022	21				container_i3ggukzcrzgobdh4iwyxq73b7q	fulltext		Fundacao Getulio Vargas	2183-7678
serial	Sjemenarstvo	1330-0121	1848-9036	2017	30		2023	34				container_fzw7jme4c5bpjismb4362qb3xm	fulltext		Hrvatsko Agronomsko Drustvo	1330-0121
serial	Caderno de Ciências Agrárias	1984-6738	2447-6218	2019	11		2022	14				container_xx24fxn7ifdydnwvcndzalqyni	fulltext		Universidade Federal de Minas Gerais - Pro-Reitoria de Pesquisa	1984-6738
serial	Estudios Hispánicos	2084-2546	2545-0980	2018	25		2022	30				container_guycw2pxxbgndnq3k7ym3j2fma	fulltext		Zakładu Iberystyki Instytutu Filologii Romańskiej Uniwersytetu Wrocławskiego	2084-2546
serial	Journal of Computational and Applied Mechanics	1586-2070	1586-2070	2014	10		2020	15				container_5k3vfy4j55fsjbubcnggl35pse	fulltext		Miskolci Egyetemi Kiadó	1586-2070
serial	Culture of Central Asia written sources	2304-1838		2019	12		2021	14				container_yoijdblqubgkdc66y5cxft2fji	fulltext		Institute for Mongolian, Buddhist and Tibetan Studies of the SBRAS	2304-1838
serial	The Journal of Society for e-Business Studies	1226-3931		2012	17		2013	18				container_2uzrrexegje6bnauhk3qda2w4e	fulltext		Society for e-Business Studies	1226-3931
serial	Iranian Journal of Mathematical Sciences and Informatics	1735-4463	2008-9473	2020	15		2022	17				container_qpsxovbo7bblphniithys6ed44	fulltext		Armenian Green Publishing Co.	1735-4463
serial	Pena Akuatika Jurnal Ilmiah Perikanan dan Kelautan	0216-5449	2301-640X	2018	17		2022	21				container_lo4raifs3faxrgq663yuia6ug4	fulltext		Universitas Pekalongan	0216-5449
serial	Revista SAAP	1666-7883	1853-1970	2020	14		2022	16				container_nxkcy3gyt5hv5hq2vormceg5uq	fulltext		Sociedad Argentina de Análisis Político	1666-7883
serial	Vestnik of Nosov Magnitogorsk State Technical University	1995-2732	2412-9003	2019	17		2021	19				container_nswhtswcufe6nk2aordgdzq7cy	fulltext		Nosov Magnitogorsk State Technical University	1995-2732
serial	Journal of the Korea institute for structural maintenance inspection	2234-6937		2011	15		2013	17				container_frqrfcaluvdgfioqiu7ioj4blu	fulltext		Korea Institute for Structural Maintenance Inspection	2234-6937
serial	Jurnal materi dan pembelajaran fisika	2089-6158		2021	11		2022	12				container_enxmixe4o5g2hk3ziq7kzcymoq	fulltext		Universitas Sebelas Maret	2089-6158
serial	History and Historians in the Context of the Time	2078-1296	2310-6239	2015	14		2022	31				container_5baoev7st5gqjac4n2posvi2p4	fulltext		Academic Publishing House Researcher	2078-1296
serial	International Journal of Operations an Quantitative Management	1082-1910		2020	25		2022	27				container_u3xw75e63rgjtd37yxwbj3u42u	fulltext		Indiana University Northwest	1082-1910
serial	TEKNIK HIDRO	1979-9764		2019	12		2020	13				container_cjti4z43obgxnh7wdu3cnhjaum	fulltext		Publikasi Jurnal Ilmiah Akademik Universitas Muhammadiyah Makassar	1979-9764
serial	Majalah ilmiah Dian Ilmu	0853-2516	2620-7451	2018	11		2022	21				container_mp4nuk5t5nhr5nqtoaratv3w6m	fulltext		Sekolah Tinggi Ilmu Administrasi Pembangunan Jember	0853-2516
serial	Adaptive Fodder Production		2222-5366	2020	2020		2021	2021				container_vanf5zsevvfazdikjr5d45xj7m	fulltext		Federal Williams Research Center of Forage Production and Agroecology	2222-5366
serial	Jurnal rekayasa mesin	1411-6863	2540-7678	2019	14		2021	16				container_d7rluenjnbgjxng6wbawx4xpxq	fulltext		Politeknik Negeri Semarang	1411-6863
serial	Gestión y Política Públicia	1405-1079	2448-9182	2017	27		2022	31				container_k2rsbc4sbva3zdnrdiziszytli	fulltext		Revista Gestion y Politica Publica	1405-1079
serial	Prace Literackie	0079-4767		2017	56		2021	60				container_sze26g7beng6flgkgddz6ar6nm	fulltext		Wydawnictwo Uniwersytetu Wroclawskiego	0079-4767
serial	Geografski vestnik	0350-3895	1580-335X	2019	91		2020	92				container_cjnn7zrx6nhn7lecqusbxz7rby	fulltext		Scientific Research Centre ZRC-SAZU	1580-335X
serial	Ekonomia		2658-1310	2016	22		2023	28				container_47cm2rdxjzhuzclv6pt6m6aj4a	fulltext		Wydawnictwo Uniwersytetu Wroclawskiego	2084-4093
serial	Dereito revista xurídica da Universidade de Santiago de Compostela	1132-9947	2174-0690	2015	24		2021	30				container_h7mgx3ax7nfxvmyw2u2br7iada	fulltext		University of Santiago de Compostela	1132-9947
serial	Media syari'ah	1411-2353	2579-5090	2013	15		2021	23				container_2fpbr2gvnzhd5hi5wmw4omc5ku	fulltext		Universitas Islam Negeri Ar-Raniry	1411-2353
serial	Revista Expectativa	1676-045X	1982-3029	2014	13		2021	20				container_fxxniw3avvcffkwcjqvz4caydq	fulltext		Universidade Estadual do Oeste do Paraná	1676-045X
serial	Ingeniería y Región	1657-6985	2216-1325	2018	19		2021	27				container_tdx7yf6qrveyfdhhhpiztpsnha	fulltext		Universidad Surcolombiana	1657-6985
serial	Treballs del Museu de Geologia de Barcelona	1130-4995	2385-4499	2011	18		2021	23				container_tohfbqfrszdmxkk2utuisgn6xq	fulltext		Consorci del Museu de Ciencies Naturals de Barcelona	1130-4995
serial	European Journal of Applied Economics	2406-2588	2406-3215	2015	12		2021	18				container_5zeojmqdkfhsfhzotikgcy36hm	fulltext		Singidunum University	2406-2588
serial	Annales Universitates Paedagogicae Cracoviensis. Studia ad Didacticam Mathematicae Pertinentia	2080-9751	2450-341X	1970	10		2021	13				container_e6bz647rmvfzhl7acuvwpyrkne	fulltext		Uniwersytet Pedagogiczny im. Komisji Edukacji Narodowej (Kraków)	2080-9751
serial	Animal blood-group research information		1884-3859	1980	1980		1982	1982				container_ivoz67gqavehfardsrerxbyblq	fulltext		Japanese Society of Animal Breeding and Genetics	1884-3859
serial	Teknodika	1693-9107	2656-6621	2018	16		2022	20				container_mncr7lx26jgsljvg72lkcj6rmu	fulltext		Universitas Sebelas Maret	1693-9107
serial	CHUUGOKU GOGAKU		1884-6033	1947	1947		1950	1950				container_luu6bqmpcja2jh5ewma5ojybm4	fulltext		The Chinese Linguistic Society of Japan	1884-6033
serial	Archivos de Investigación Materno Infantil	2007-3194		2019	10		2021	12				container_t2yud2nkavbq7epqw6w3y35dlm	fulltext		GRAPHIMEDIC SA DE CV	2007-3194
serial	INTERNATIONAL JOURNAL OF MANAGEMENT	0976-6502	0976-6510	2019	10		2021	12				container_gmgq2fyawfgmbc2lo42lk5ftpq	fulltext		IAEME Publication Chennai	0976-6502
serial	Bunkakeizaigakkai-Nihon Ronbunshu	0919-4738	1884-2194	1995	1995		1997	1997				container_cnqhpn6r3fg7leiyphpkyg2lby	fulltext		J-STAGE	0919-4738
serial	Japanese journal of AMHTS	0386-135X	1884-4081	1975	2		1984	11				container_rc6jpv4m3bbgtb7v4a6ltb7scm	fulltext		Japan Society of Health Evaluation and Promiotion	0386-135X
serial	Journal of Agrobiotechnology	1985-5133	2180-1983	2020	11		2022	13				container_dlpdjlqhhnhqhcko4zm4smn4fi	fulltext			2180-1983
serial	Transmisi	0216-3233	2580-2283	2020	15		2022	18				container_fnz3ghp6ynfdnpq27ferehf72m	fulltext		Universitas Merdeka Malang	0216-3233
serial	Acta Universitatis Wratislaviensis. Literatura i kultura popularna	0867-7441		2017	22		2022	28				container_3dmcgmgmjncangdpx6ma3zj5pq	fulltext		Uniwersytet Wrocławski	0867-7441
serial	The Journal Of Psychological Science	1735-7462	2676-6639	2020	19		2021	20				container_atugbvzcmrhwbhh22xqdgvtfq4	fulltext		Armenian Green Publishing Co.	1735-7462
serial	Kwartalnik Historyczny	0023-5903		1971	78		2022	129				container_5dlwsq3rzrdj3jysqquqnsuihy	fulltext		Uniwersytet Mikolaja Kopernika/Nicolaus Copernicus University	0023-5903
serial	Urogenital Tract Infection	2465-8243	2465-8510	2015	10		2022	17				container_65nfr4p5j5b7lkibfsibvooqfm	fulltext		Korean Association of Urogentital Tract Infection and Imflammation (KAMJE)	2465-8243
serial	Salingka (Padang)	0216-1389	2615-3963	2019	15		2022	19				container_mbo3xthombhi7dxwe5pdpfiav4	fulltext		Badan Pengembangan dan Pembinaan Bahasa	0216-1389
serial	Revista mexicana de astronomía y astrofísica	0185-1101		2015	46		2021	57				container_yj6w3m3i6fewdb3qnmv476dyuy	fulltext		Universidad Nacional Autonoma de Mexico	0185-1101
serial	Korean Journal of Schizophrenia Research	2287-6995	2671-7786	2012	15		2022	25				container_vivwsk5xdvfgxh3xbsfqugc3ki	fulltext		Korean Society for Schizophrenia Research (KAMJE)	2287-6995
serial	Pitannja borot'bi zі zlochinnіstju	2079-6242		2019	37		2021	42				container_hkiyq4mx4ra6vhlydnidodayo4	fulltext		Іnstitut vivchennja problem zlochinnostі	2079-6242
serial	Bulletin of the Research Institute of Agricultural Resources Ishikawa Agricultural College	0915-3268	2433-6513	1989	1		1999	6				container_szomkv3g4jgefpmmhmpawbspda	fulltext		J-STAGE	0915-3268
serial	Warta Industri Hasil Pertanian	0215-1243	2654-4075	2017	34		2021	38				container_rur4w2mtt5gtjcdmx2dxwljinu	fulltext		Balai Besar Industri Agro	0215-1243
serial	Journal of Korean Society of Archives and Records Management	1598-1487		2013	13		2017	17				container_nggwlmcdpzhbhcym2vcbuabvtq	fulltext		Korean Society of Archives and Records Managmenet	1598-1487
serial	E-Journal Ilmu dan Teknologi Kelautan Tropis	2087-9423	2085-6695	2018	10		2021	12				container_blodmdjybzdr7pwdwnywhkz5ra	fulltext		Institut Pertanian Bogor	2087-9423
serial	Elektrika: Journal of Electrical Engineering	0128-4428		2018	17		2021	20				container_vinqvsbazjfb3jynqcqhu6zsmy	fulltext		Faculty of Electrical Engineering, University Tekn	0128-4428
serial	JOURNAL OF JAPANESE ASSOCIATION OF CERTIFIED ORTHOPTIST	0385-5341	1884-362X	1972	1		1977	5				container_wklnihzh2bd65nwsfwix4ybrhi	fulltext		Japan Society of Engineering Geology	0385-5341
serial	Popular Music Studies	1343-9251	1883-5945	1997	1		2007	11				container_dfgpnurbtbekvli3sr6ha6ahcu	fulltext		J-STAGE	1343-9251
serial	The journal of the Japanese Society of Lymphoreticular Tissue research	1342-9248	1883-681X	1997	37		2000	40				container_7wqhoraduvayzk2guolucxp45q	fulltext		Japanese Society for Lymphoreticular Tissue Research	1342-9248
serial	Jurnal Ilmu Administrasi Media Pengembangan Ilmu dan Praktek Administrasi	1829-8974	2614-2597	2017	14		2022	19				container_bjvsxxphvrbb5gh7gsv3h7fdha	fulltext		STIA Lan Bandung	1829-8974
serial	EKOLOGIA	1411-9447	2686-4894	2019	18		2022	22				container_rz6bt6c5qbecfdrkih276qedzy	fulltext		Universitas Pakuan	1411-9447
serial	Quivera. Revista estudios urbanos, regionales, territoriales, ambientales y sociales	1405-8626		2019	21		2022	24				container_kda2q4pk4veznhm4q2ueggyqu4	fulltext		Facultad de Planeación Urbana y Regional, Universidad Autónoma del Estado de México	1405-8626
serial	Zhurnal Economicheskoj Teorii	2073-6517		2018	15		2021	18				container_aw67pufzerdsrpzhonzppiwpve	fulltext		Ural Branch of the RAS	2073-6517
serial	Educação, Escola & Sociedade	1983-2540	2594-4002	2020	13		2023	18				container_vbvhxbkvczgendjbf4zhqamd5a	fulltext		Universidade Estadual de Montes Claros (UNIIMONTES)	1983-2540
serial	JURNAL SAINS DAN TEKNOLOGI MARITIM	1412-6826	2623-2030	2014	19		2023	24				container_atz4iz6dt5eyljftej27gjrrmi	fulltext		STIMART AMNI Semarang	1412-6826
serial	ARS Medica Tomitana	1223-9666	1841-4036	2012	18		2019	25				container_g4lrfjqaurenxfsvoclt42x6iy	fulltext		De Gruyter Open Sp. z o.o.	1223-9666
serial	Gakukansetsu Kenkyukaishi	0914-4870	1884-4294	1982	1982		1988	1988				container_copcdtxmt5gxzc4h3a5a6flt64	fulltext		J-STAGE	0914-4870
serial	NOTARIUS	2086-1702	2686-2425	2020	13		2021	15				container_bowywwyu5fdzzbp6z37g67fjae	fulltext		Institute of Research and Community Services Diponegoro University (LPPM UNDIP)	2086-1702
serial	Pracya	2278-4004	2278-4004	2018	10		2019	11				container_3eegip4umnbg7lh4ic3sroxn3y	fulltext		AkiNik Publications	2278-4004
serial	Revista Brasileira de Nutrição Funcional	2176-4522	2176-4522	2018	41		2019	44				container_aor26t7pnjfnzine3tjifpe2za	fulltext		Revista Brasileira de Nutricao	2176-4522
serial	Balkan Journal of Medical Genetics	1311-0160	1311-0160	2007	10		2019	22				container_s6ux4lwlxvh6vesgihxgxicgsa	fulltext		De Gruyter Open Sp. z o.o.	1311-0160
serial	SANCTUM DOMINE JURNAL TEOLOGI	2088-8236	2722-0079	2020	10		2022	12				container_q2iu6vfe6jhg7frk63edwxrqye	fulltext		Sekolah Tinggi Theologia Nazarene Indonesia	2088-8236
serial	Eksergi: Jurnal Teknik Energi	0216-8685	2528-6889	2018	14		2022	18				container_oku7kylx5jgqxf5lof5zfzmxgi	fulltext		Politeknik Negeri Semarang	0216-8685
serial	مجلة بحوث ودراسات الطفولة .کلیة التربیة للطفولة المبکرة. جامعة الفیوم		2735-3001	2020	12		2022	17				container_alyq474ebvfktnanepcfvju4gu	fulltext		Egypts Presidential Specialized Council for Education and Scientific Research	2682-4736
serial	Akuntabilitas	1979-858X	2461-1190	2020	13		2022	15				container_kggu7siqobc6zmhhxyeoojxw7m	fulltext		LP2M Universitas Islam Negeri (UIN) Syarif Hidayatullah Jakarta	2461-1190
serial	RECENT - REzultatele CErcetărilor Noastre Tehnice	1582-0246	2065-4529	2018	19		2021	22				container_hrp2iozzkjcs5gglvjs3r2wu5a	fulltext		Universitatea Transilvania Brasov	1582-0246
serial	Reformasi Hukum	1693-9336	2686-1593	2019	23		2020	24				container_dovh3i2nuvgtxadligzbu72pda	fulltext		Universitas Islam Jakarta	1693-9336
serial	Pesquisa Operacional para o Desenvolvimento	1518-2851	1984-3534	2017	10		2023	16				container_6opiltxd65g2njh4tpfopm2ssq	fulltext		Editora Cubo	1984-3534
serial	TONIL: Jurnal Kajian Sastra, Teater dan Sinema	1411-6464	2685-8274	2020	16		2022	19				container_aqoxqjru3jhurhekor56jpeujm	fulltext		Institut Seni Indonesia Yogyakarta	1411-6464
serial	Tourism	1332-7461	1849-1545	2020	68		2021	69				container_ycn3luin2rcgxdb6dmaltttyti	fulltext		Institut za turizam	1332-7461
serial	Tiltai	1392-3137	2351-6569	2014	66		2022	89				container_tnhr2wju7rhcvg3o4ywgzc3yra	fulltext		Klaipeda University Press	1392-3137
serial	Technologia Jurnal Ilmiah	2086-6917	2656-8047	2019	10		2021	12				container_i6vp7py425gzbawzi4bpopqsou	fulltext		Universitas Islam Kalimantan MAB Banjarmasin	2086-6917
serial	المجلة العلمیة لبحوث الصحافة		2682-4620	2015	2015		2019	2019				container_sftsxujbd5gjfkmytiuxgx5kza	fulltext		Egypts Presidential Specialized Council for Education and Scientific Research	2356-9158
serial	Egeszsegtudomany	0013-2268		1962	6		2022	66				container_kiq5f3yy3fbmxdvtzlrvypfmyq	fulltext		Egeszsegtudomany	0013-2268
serial	CIAN-Revista de Historia de las Universidades	1139-6628	1988-8503	2018	21		2022	25				container_pgat22urwvanlgza3xifxfeq6i	fulltext		Universidad Carlos III de Madrid	1139-6628
serial	Ciência e cultura (Barretos)	1980-0029		2016	12		2022	18				container_6cfxlq2eprepfokyfeaj5injqm	fulltext		Editora Cubo	1980-0029
serial	Paradigma - Jurnal Komputer dan Informatika	1410-5063	2579-3500	2019	21		2021	23				container_63nw4ceotrcbnibf2huqc3a35m	fulltext		Universitas Bina Sarana Informatika	1410-5063
serial	Magyar Traumatológia Ortopédia Kézsebészet Plasztikai Sebészet	1217-3231		2014	57		2021	64				container_7dioawpn7bb4hol7fyiiaya6mm	fulltext		Magyar Traumatologia Ortopedia Kezsebeszet Plasztikai Sebeszet	1217-3231
serial	Tekmapro : Journal of Industrial Engineering and Management	1907-5146	2656-6109	2020	14		2022	17				container_twnnwigyqzb3nmgvqbnkf2mrf4	fulltext		University of Pembangunan Nasional Veteran Jawa Timur	1907-5146
serial	Zdrowie Publiczne i Zarządzanie	1731-7398	2084-2627	2017	15		2020	18				container_2ouf4kw2svgwdbtzz3zuexx7b4	fulltext		Uniwersytet Jagiellonski – Wydawnictwo Uniwersytetu Jagiellonskiego	1731-7398
serial	Tekniikan waiheita - Teknik i tiden	0780-5772	2490-0443	2019	36		2021	39				container_iciysk4tz5b43f5wyzsalhd3xe	fulltext		Tekniikan waiheita	0780-5772
serial	Journal of the Turkish Academy of Dermatology	1307-394X	1307-394X	2021	15		2022	16				container_yurakjhhmba37bcr5tuxi75hqe	fulltext		Society of Academy of Dermatology in Turkey	1307-394X
serial	Actual problems of automation and information technology	2312-119X	2313-5301	2011	15		2020	24				container_54sa4dlfjncphidwe3zffb2w6u	fulltext		Oles Honchar Dnipropetrovsk National University	2312-119X
serial	KERTHA WICAKSANA	0853-6422	2621-3737	2019	13		2021	15				container_n7wwic3csrgcxek3hwom4jj4fu	fulltext		Universitas Warmadewa	0853-6422
serial	Sinapse	1645-281X		2020	20		2022	22				container_oqkh2zekvfaipihd7stog4wjfm	fulltext		Sociedade Portuguesa de Neurologia	1645-281X
serial	Virgil Madgearu Review of Economic Studies and Research	2069-0606		2020	13		2022	15				container_yfp725sbibdenf3xsv2c73o4pu	fulltext		Babes-Bolyai University	2069-0606
serial	Asia-Pacific management accounting journal	1675-3194		2020	15		2022	17				container_u5mdtzthp5d3fnnxnsx53wwvzm	fulltext		Asia-Pacific Management Accounting Association	1675-3194
serial	Üroonkoloji bülteni	2147-2122	2147-2270	2014	1		2023	22				container_ogxqph4iungcth67pyiviuhnye	fulltext		Galenos Yayinevi	2147-2270
serial	Studia vernacula	1736-8138		2017	10		2021	13				container_bcfqwvzvbza2bdhdshva3pu62a	fulltext		Tartu Ülikool	1736-8138
serial	Journal of Manufacturing Engineering	0973-6867	0973-6867	2020	15		2022	17				container_7k5zg7s6pvheneh5lutgjtfl3a	fulltext		Society for Manufacturing Engineers	0973-6867
serial	Український радіологічний та онкологічний журнал	2708-7166	2708-7174	2020	28		2022	30				container_xl5qkbwhj5dg5mps6hpockw5ta	fulltext		Institute for Medical Radiology and Oncology of NAMS of Ukraine	2708-7166
serial	Journal of the Principles of Home Economics	0916-9164	2432-9851	1979	12		1999	33				container_wy4yyskldnhzri54tug5qdskii	fulltext		J-STAGE	0916-9164
serial	MBIA	2086-5090	2655-8262	2019	18		2022	21				container_hqkmjzqnpveehe7nfcd36y4ii4	fulltext		Universitas Bina Darma	2086-5090
serial	Economic Profile	1512-3901	2587-5310	2020	15		2021	16				container_27dzm5xkczfe7g7ivt2jfgrbfq	fulltext		LLC Kutaisi University	2587-5310
serial	International Journal of Biological Innovations		2582-1032	2019	1		2021	3				container_a4tvqdsyone5to45trdnlg3lwq	fulltext		International Journal of Biological Innovations	2582-1032
serial	Studia Maritima	0137-3587	2353-303X	2011	24		2022	35				container_rwnik2vjangi7kggarxbak7v6y	fulltext		University of Szczecin	0137-3587
serial	Circuits and Systems	2153-1285	2153-1293	2010	1		2022	13				container_7xp3xydesfgwbon56mgufqzvea	fulltext		Scientific Research Publishing (SCIRP)	2153-1285
serial	Vestnik SSUGT (Siberian State University of Geosystems and Technologies)	2411-1759		2019	24		2020	25				container_zyupspd7rreonghuubtcxdxe6u	fulltext		Siberian State University of Geosystems and Technologies	2411-1759
serial	Majallah-i kuntrul	2008-8345	2538-3752	2018	12		2022	16				container_l4p5n24rfzg4fh7crinurjjps4	fulltext		Armenian Green Publishing Co	2008-8345
serial	Jema: Jurnal Ilmiah Bidang Akuntansi dan Manajemen	1693-7864	2597-4017	2018	15		2020	17				container_lfmjsu3uwvca3acmiukcso52ve	fulltext		Universitas Islam Malang	1693-7864
serial	POLITICO	1829-6696	2549-4716	2018	18		2021	21				container_xfccjiaacbfjtblqqigin7rdnq	fulltext		Universitas Muhammadiyah Jember	1829-6696
serial	Comparative Economic Research	1508-2008	2082-6737	2009	12		2022	25				container_sh7kmxwynfgbzil5pvlskrq5xm	fulltext		Sciendo	1508-2008
serial	Acta Iassyensia Comparationis	1584-6628	2285-3871	2019	23		2023	30				container_2ltfnpqwkrdh3b6cls5hoqew5u	fulltext		"Editura Universităţii ""Alexandru Ioan Cuza"" Iaşi"	1584-6628
serial	SCIÉNDO	1681-7230	2617-3735	2017	20		2021	24				container_m6fceemvqnhu5j3pd4us4pq67e	fulltext		Scientia Agropecuaria	1681-7230
serial	Journal of gender and power	2391-8187	2391-8187	2019	10		2020	14				container_nwha5wg2lbdefgwyxwqgy5emte	fulltext		Faculty of Educational Studies, Adam Mickiewicz University	2391-8187
serial	Rivista Italiana di Educazione Familiare	1973-638X	2037-1861	2021	18		2023	23				container_rcruhvc3onctddmgw4tl7dz75y	fulltext		Firenze University Press	1973-638X
serial	Acta Palaeobotanica	0001-6594	2082-0259	2013	53		2021	61				container_rhhjdxyzpvdtzi2zxurcac4oy4	fulltext		De Gruyter Open Sp. z o.o.	0001-6594
serial	Al-Bidayah: Jurnal Pendidikan Dasar Islam	2085-0034	2549-3388	2018	10		2022	13				container_wmttnfq3dvec3iv74iiepsbrfi	fulltext		Al-Jamiah Research Centre	2549-3388
serial	Crystal Structure Theory and Applications	2169-2491	2169-2505	2012	1		2019	8				container_evrzhdqqbjfzvoxd2rmth35vwa	fulltext		Scientific Research Publishing, Inc	2169-2491
serial	Multimed		1028-4818	2016	20		2018	22				container_oqco7oysyrdo7gwmzw3r5hqouq	fulltext		Universidad de Ciencias Médicas de Granma	1028-4818
serial	Geodesy and Cartography	2080-6736	2300-2581	2010	59		2017	66				container_2apha4mrsvhdpibim3jspxquaa	fulltext		De Gruyter Open Sp. z o.o.	2080-6736
serial	Journal of Pathogens	2090-3057	2090-3065	2011	2011		2022	2022				container_hbisiamrqjfmdhek2oevytc6jy	fulltext		Hindawi Limited	2090-3057
serial	Mongolian Journal of Chemistry	2226-6739	2414-0082	2014	12		2022	23				container_ngjrhcfbajgrhj6w3fmidkmw7m	fulltext		Mongolia Journals Online	2226-6739
serial	Germanistische Beiträge	1454-5144	2247-4633	2019	44		2020	46				container_d2jzquuxgvhlbmqadhpzrysesa	fulltext		De Gruyter Open Sp. z o.o.	1454-5144
serial	Entrelinhas		1806-9509	2017	11		2022	14				container_iksm4vkddbffxpkmjv6synpiq4	fulltext		Universidade do Vale do Rio Dos Sinos - UNISINOS	1806-9509
serial	Ultrasound International Open	2509-596X	2199-7152	2015	1		2021	7				container_qmovilil4vcund34aej624gncm	fulltext		Georg Thieme Verlag	2199-7152
serial	Open Journal of Organ Transplant Surgery	2163-9485	2163-9493	2011	1		2022	10				container_oah7ppyo7zgonasmcjsw6vjvde	fulltext		Scientific Research Publishing, Inc	2163-9485
serial	General mathematics	1221-5023	1584-3289	2019	27		2020	28				container_s3rri7u5vngmjg3ixm2onhzqe4	fulltext		"Department of mathematics, ""Lucian Blaga"" University of Sibiu"	1221-5023
serial	Investigación Agraria	1684-9086	2305-0683	2017	19		2022	24				container_tbxlid5vlve5fix2525wvcnvgq	fulltext		Universidad Nacional de Asunción	1684-9086
serial	International Journal of Vascular Medicine	2090-2824	2090-2832	2010	2010		2022	2022				container_qb7sjcwqbfbs5cznuulatqaxz4	fulltext		Hindawi Limited	2090-2824
serial	The Journal of the Japanese Landscape Architectural Society		2185-3045	1925	1		1927	3				container_ayrx5aj65vbjbjjxhn5jo45ncu	fulltext		Japanese Institute of Landscape Architecture	2185-3045
serial	Acta Zoologica Academiae Scientiarum Hungaricae	1217-8837	2064-2474	2015	61		2020	66				container_kp2lsry2dveolnhdkbtabp4ane	fulltext		Acta Zoologica Hungarica	1217-8837
serial	Revista Médica de Risaralda	0122-0667	2539-5203	2017	23		2021	27				container_34if6qi4b5cpte4ocg5nxsdjga	fulltext		Universidad Tecnologica de Pereira - UTP	0122-0667
serial	Ágora revista de divulgação científica	0104-7507	2237-9010	2013	18		2022	27				container_d4btpulxpjgobclxihsa5er2qe	fulltext		Universidade do Contestado - UnC	0104-7507
serial	Sri Lankan Journal of Medical Administration	1391-2909		2013	13		2021	22				container_m4ipccp2vrewbfwpl4ekkom5fq	fulltext		Sri Lanka Journals Online	1391-2909
serial	Faṣlnāmah-i Akhlāq-i Pizishkī	2008-4374	2423-7604	2016	10		2017	11				container_4gnsa34na5g2vg2v3duzk2kjj4	fulltext		Shahid Beheshti University of Medical Sciences	2008-4374
serial	Inovasi	2615-3815	2614-8935	2019	16		2022	19				container_qzlenqzrijhmfprzfyr54jt5ni	fulltext		Badan Penelitian dan Pengembangan Provinsi Sumatera Utara	1829-8079
serial	Revista Filosófica de Coimbra	0872-0851	2184-7584	2021	30		2023	32				container_3pp46zyus5f37gyb6oc4uhnyw4	fulltext		Coimbra University Press	2184-7584
serial	Georgia Journal of College Student Affairs		2330-7269	2013	29		2023	39				container_nrdeczgasbdofgrjj2tce5slcm	fulltext		Georgia Southern University	2330-7269
serial	Politička Misao	0032-3241	1846-8721	2018	55		2021	58				container_eihgxrmiszcvlfpeoybpr62t5y	fulltext		Faculty of Political Science, University of Zagreb	0032-3241
serial	International journal of public health research	2232-0253	2232-0245	2019	3		2022	12				container_ynho6bv45ncx7bt537mlfe6kce	fulltext			2232-0253
serial	Multicultural Shakespeare	2083-8530	2300-7605	2011	10		2021	24				container_minwh3ygnfgl7biynacqa4qxoi	fulltext		Uniwersytet Lodzki (University of Lodz)	2083-8530
serial	Jurnal Teknoinfo	1693-0010	2615-224X	2016	10		2023	17				container_fhlxldvgdfdvjhs6xnbrvy4gne	fulltext		Universitas Teknokrat Indonesia	1693-0010
serial	Konwersatorium Wiedzy o Mieście	2543-9421	2544-1221	2017	30		2022	34				container_dgunrdesv5bd7fls52xeu7qn44	fulltext		Uniwersytet Lodzki (University of Lodz)	2543-9421
serial	Eiseigaku oyobi saikingaku jiho		1883-6933	1904	1		1914	6				container_zwmhmtdgmbcedpx5rurj3h7kby	fulltext		Japanese Society for Bacteriology	1883-6933
serial	Journal of Thyroid Research	2090-8067	2042-0072	2010	2010		2023	2023				container_wjjqgamw75drff3dpsapjqrjce	fulltext		Hindawi Limited	2042-0072
serial	Alcoholism and Psychiatry Research	1849-8582	2459-542X	2016	52		2017	53				container_jmfu6gbuczbftiqpuohnkuomcu	fulltext		Sestre Milosrdnice University Hospital Center (KBC Sestre milosrdnice)	1849-8582
serial	Minbar Islamic Studies	2618-9569	2712-7990	2020	13		2022	14				container_xmp57vpj2zggtb5usjjvdv7ipi	fulltext		Russian Islamic Institute	2618-9569
serial	Zosen Kiokai Nenpo		1884-2046	1897	1897		1902	1902				container_4apyqjxptjc5posew5jckq2f2m	fulltext		Japan Society of Naval Architects and Ocean Engineers	1884-2046
serial	Dimensi: Journal of Architecture and Built Environment	0126-219X	0126-219X	1999	27		2014	41				container_5gv3t46ntrgtxnek4gzgnfy7pq	fulltext		Petra Christian University	0126-219X
serial	Computational Chemistry	2332-5968	2332-5984	2013	1		2020	8				container_53sfsugx7zgkth47ptvx7yvw3u	fulltext		Scientific Research Publishing, Inc	2332-5968
serial	مجلة الدراسات المالیة والتجاریة	1687-3440	2682-3349	2016	26		2021	31				container_ij76jq7vtvcgzpqyw75iuhrwnm	fulltext		Egypts Presidential Specialized Council for Education and Scientific Research	1687-3440
serial	Journal of Surface Engineered Materials and Advanced Technology	2161-4881	2161-489X	2011	1		2020	10				container_g5qliyh3xnhithkczbxzmgagji	fulltext		Scientific Research Publishing, Inc	2161-4881
serial	Anales de Historia Antigua, Medieval y Moderna	1514-9927	1853-1555	2018	52		2022	56				container_6qhkszajwjhvlj4vfygot7mtwa	fulltext		Editorial de la Facultad de Filosofia y Letras - Universidad de Buenos Aires	1514-9927
serial	Contemporary Mathematics. Fundamental Directions	2413-3639		2017	63		2021	67				container_zrlycu4befguvam6wwrll4rf4y	fulltext		Peoples' Friendship University of Russia	2413-3639
serial	Discrete and Continuous Models and Applied Computational Science	2658-4670	2658-7149	2019	27		2022	30				container_nfajb3h5yrhn5ljxxkek2vvuha	fulltext		Peoples' Friendship University of Russia	2658-4670
serial	Development Management	2413-9610	2663-2365	2018	16		2020	18				container_bjqhn7viurejfjrmzpctj7abdq	fulltext		LLC CPC Business Perspectives	2413-9610
serial	Revista Vitae	0121-4004	2145-2660	2015	22		2022	29				container_yxkdqdphprbzllfv2najw3a7v4	fulltext		Universidad de Antioquia	2145-2660
serial	Sexual Offending: Theory, Research, and Prevention		2699-8440	2020	15		2022	17				container_euaqw7ktjvc4lf7dktbd45ormq	fulltext		Leibniz-Institute for Psychology Information (ZPID)	2699-8440
serial	Jurnal Agroekoteknologi	2085-7985	2548-7108	2015	10		2022	14				container_ugcwwxdzqnd6tlescowdilwvee	fulltext		Fakultas Pertanian Universitas Sultan Ageng Tirtayasa	2085-7985
serial	Russian Journal of Multilingualism and Education	2500-3267	2500-0748	2019	11		2021	13				container_czyp5xwt3vcznhrjo7yanfup6m	fulltext		Udmurt State University	2500-3267
serial	BCES Conference Books	1314-4693	2534-8426	2017	15		2020	18				container_d72vqyx3r5gx3aom3tnjfxn7cy	fulltext		Bulgarian Comparative Education Society (BCES)	1314-4693
serial	Information Technology and Management Science	2255-9086	2255-9094	2012	15		2021	24				container_dlwvk7ko2bbfdgs6cbzmo3xu7q	fulltext		Sciendo	2255-9086
serial	Izvestiya: Journal of Varna University of Economics	2367-6361	2367-6957	2020	64		2022	66				container_ead2utrsbbdtrpqtjoeq3ew2ma	fulltext		University of Economics Varna	2367-6361
serial	Revista Estudo & Debate	0104-7132	1983-036X	2016	23		2022	29				container_p4gwweyb3vfxlknb3nu7wfjawe	fulltext		Editora Univates	0104-7132
serial	Annales UMCS Politologia	1428-9512	2300-7567	2016	22		2022	28				container_eay33z7rcbbonb6hnoy5qapt24	fulltext		Wydawnictwo Uniwersytetu Marii Curie-Skłodowskiej w Lublinie	1428-9512
serial	Archives of Metallurgy and Materials	1733-3490	2300-1909	2010	55		2022	62				container_5mkeqcfoyrajlkshps4uwdxwd4	fulltext		De Gruyter Open Sp. z o.o.	1733-3490
serial	Formação	1517-543X	2178-7298	2017	24		2021	28				container_zecwfxmsfrgq3koq6wtulhvoge	fulltext		Revista Formacao	1517-543X
serial	Colección. Revista del Instituto de Ciencias Políticas y Relaciones Internacionales de la Pontificia Universidad Católica Argentina	0328-7998	1850-003X	2020	31		2022	33				container_wdy6qz5mdreezkzmfqcne45qmi	fulltext		Instituto de Ciencias Políticas y Relaciones Internacionales, Pontificia Universidad Católica Argentina	0328-7998
serial	Toplum Bilimleri Dergisi	1306-7877	1306-7877	2007	10		2022	33				container_hi4zwqlchzgnxhcafysholtr7m	fulltext		ASOS Yayinevi	2147-5644
serial	Jurnal ekonomi	2087-8133		2021	12		2022	13				container_wtjpbyx7ynashn3aig4j2sspga	fulltext			2087-8133
serial	Криміналістичний вісник	1992-4437		2018	30		2021	36				container_hln3f2zyuren5crwj2pxshnonq	fulltext		State Scientific Research Forensic Centre of the Ministry of Internal Affairs of Ukraine	1992-4437
serial	Jurnal Ledalero	1412-5420	2503-4316	2019	18		2022	21				container_yan5hyrsybd3vm5x24tfzah2sy	fulltext		Jurnal Ledalero	2503-4316
serial	QWERTY - Interdisciplinary Journal of Technology, Culture and Education	1828-7344	2240-2950	2018	1		2023	18				container_fc7csmtttvdqdmb77kusig4q2e	fulltext		Progedit - Progetti Editoriali srl	1828-7344
serial	بحوث فی علم المکتبات والمعلومات		2682-4418	2021	26		2022	29				container_inev4ydzfbfw7f6zw5pcoc5xia	fulltext		Egypts Presidential Specialized Council for Education and Scientific Research	2090-0988
serial	Among Makarti	1979-7400	2774-5163	2021	14		2022	15				container_qp7zfjpgsnfyteurbyu3tqkmmi	fulltext		Jurnal Ilmiah Among Makarti, STIE AMA Salatiga	1979-7400
serial	Educación Lenguaje y Sociedad	1668-4753	2545-7667	2014	11		2022	21				container_5m3htt5ffvgtvpsbb4kpzgsvei	fulltext		Universidad Nacional de La Pampa	1668-4753
serial	Caietele Echinox	1582-960X	1582-960X	2017	32		2022	44				container_b6uysjdn7jbdfp66wmmts6mdza	fulltext		Babes-Bolyai University	1582-960X
serial	Transmisi	1411-0814	2407-6422	2019	21		2021	23				container_w55eydp3p5efra7jao3plwvpra	fulltext		Institute of Research and Community Services Diponegoro University (LPPM UNDIP)	2407-6422
serial	Kairos	1846-4599	1848-2511	2018	12		2021	15				container_yy3nulxbsrfudcvxyhccopkbjm	fulltext		Biblijski institut	1846-4599
serial	Paradigma Jurnal Filsafat Sains Teknologi dan Sosial Budaya	0852-3185	2657-1803	2020	26		2022	28				container_q2e7scpt7bcc3m35jq5sg23ylq	fulltext		IKIP Budi Utomo Malang	0852-3185
serial	Regional and Business Studies	2061-2311	2732-2726	2019	10		2022	14				container_ycy7jf7utfezlmpgpolctmz6jy	fulltext		Regional and Business Studies	2061-2311
serial	Jurnal Desain Idea Jurnal Desain Produk Industri Institut Teknologi Sepuluh Nopember Surabaya	1411-3023	2580-0264	2016	16		2021	20				container_s2mibwsennhzxipbdvyam56a5y	fulltext		Lembaga Penelitian dan Pengabdian kepada Masyarakat ITS	1411-3023
serial	Proceedings of the International Association of Hydrological Sciences	2199-8981	2199-899X	2014	364		2021	384				container_6wnm6r2gffhthgvpxqssprpfbq	fulltext		Copernicus GmbH	2199-899X
serial	Current Issues in Middle Level Education		1938-1611	2019	24		2022	27				container_pvtf5vmmqrfmnilg7a2443vdbu	fulltext		Georgia Southern University	1059-7107
serial	Opus Magna Constitucional		2707-9856	2020	16		2022	19				container_ai2x4fdke5hrpgytaoln5jswja	fulltext		Corte de Constitucionalidad de Guatemala	2707-9856
serial	Ultima Década	0717-4691	0718-2236	2000	10		2020	28				container_lsmldmisl5brrminnzkmfr5bxy	fulltext		SciELO Comision Nacional de Investigacion Cientifica Y Tecnologica	0717-4691
serial	Filosofija Sociologija	0235-7186	2424-4546	2018	29		2022	33				container_m7sl663j2vbtrg5eld3zvex6tm	fulltext		Lithuanian Academy of Sciences	0235-7186
serial	Revista Odontológica do Brasil Central	0104-7914	1981-3708	2019	28		2022	31				container_vnvm6imoerax7fc7fsucjpjlxu	fulltext		Revista Odontologica do Brasil Central - ROBRAC	0104-7914
serial	TRITON Jurnal Manajemen Sumberdaya Perairan	1693-6493	2656-2758	2019	15		2022	18				container_moo2oc5hdnazzngfzk2obmk4nm	fulltext		Universitas Pattimura	1693-6493
serial	Āyinah-i ma̒rifat	2251-8010		2020	20		2022	21				container_nf47jstepnewzdlqf7g3irbe6i	fulltext			2251-8010
serial	Archives of Orofacial Sciences	1823-8602	2231-7163	2019	14		2020	15				container_idh7i5u76feh5jrzj6zhsoafdi	fulltext		Universiti Sains Malaysia	1823-8602
serial	Central European Review of Economics & Finance	2082-8500	2083-4314	2017	17		2022	41				container_gucd5xazwnce3jc4iiquu7nkya	fulltext		Instytut Badan Gospodarczych / Institute of Economic Research	2083-4314
serial	Revista de la Asociación Colombiana de Dermatología y Cirugía Dermatológica	1657-0448	2590-843X	2019	27		2022	30				container_ysun6qktqnentioxfkkcnxljjq	fulltext		Asociacion Colombiana de Dermatologia y Cirugia Dermatologica	1657-0448
serial	Journal of STEM Teacher Education	2158-6586	2158-6594	2010	47		2022	57				container_d6j7c5o76zd6hprfgiimc32gcu	fulltext		Illinois State University	2158-6594
serial	The American Journal of Applied Sciences		2689-0992	2019	1		2020	2				container_sfktz2sfejeepczwmievab2z2a	fulltext		The USA Journals	2689-0992
serial	The Journal of Japanese Society of Lumbar Spine Disorders	1345-9074	1882-1863	2000	6		2009	15				container_7yjz2qkmebfl7dujxnxedintfa	fulltext		The Japanese Society of Lumbar Spine Disorders	1345-9074
serial	Jurnal Ilmiah Bina Edukasi	1979-8598	2655-8378	2019	12		2022	15				container_kiisbbu76je2jhwhogvqrpslhi	fulltext		Universitas Bina Darma	1979-8598
serial	International Journal of Education and Social Science Research		2581-5148	2019	2		2022	5				container_3wufgmylpvebto6vcv3owhivuu	fulltext		Chronopub Publications	2581-5148
serial	Jurnal Kesehatan Masyarakat Indonesia	1693-3443	2613-9219	2019	14		2022	17				container_z2ovqdcbybh2jid4ds2sh677gu	fulltext		LPPM Universitas Muhammadiyah Semarang	1693-3443
serial	Journal of Contemporary History	0590-9597	1848-9079	2002	34		2021	53				container_dfshuqra7vdfpp26xyui37j6ai	fulltext		Croatian Institute of History (Hrvatski Institut za Povijest)	0590-9597
serial	Journal of Physical Education and Sports Studies	2602-3644		2018	10		2021	14				container_5fah6x3sq5aqnolkdxhl7edaw4	fulltext		Journal of Physical Education and Sports Studies	2602-3644
serial	Revista de teoria da história		2175-5892	2020	23		2022	24				container_skofpwugcjci3nxkhstsq2jzd4	fulltext		Universidade Federal de Goiás	2175-5892
serial	Psychology of Language and Communication	1234-2238	2083-8506	2008	12		2019	23				container_o4mxj6wlefaeblpwsnemljlg6e	fulltext		De Gruyter Open Sp. z o.o.	1234-2238
serial	Revista de Ciências Sociais	0041-8862	2318-4620	2018	50		2021	52				container_cjx5ebcegbfbnpt2d6uicvesx4	fulltext		Universidade Federal do Ceará	0041-8862
serial	Revista Hospitalidade	1807-975X	2179-9164	2016	13		2018	15				container_egyviy2m35d3hmffdenmvoqjny	fulltext		ANPAD	1807-975X
serial	Journal of Theoretical and Applied Mechanics	1314-8710	1314-8710	2012	42		2022	52				container_nonngxdzvnbwtnn2posfbeecye	fulltext		De Gruyter Open Sp. z o.o.	0861-6663
serial	Veterinarska stanica	0350-7149	1849-1170	2020	51		2021	53				container_apezysiklrapjn24277bxe6p3m	fulltext		Croatian Veterinary Institute, Zagreb	0350-7149
serial	Advances in Medicine	2356-6752	2314-758X	2014	2014		2022	2022				container_2dp3avgseff37bgcdjjlewisxi	fulltext		Hindawi Limited	2314-758X
serial	Distúrbios da Comunicação	0102-762X	2176-2724	2021	33		2022	34				container_n64jbk276jgfpcbhskwamcz74a	fulltext		Portal de Revistas PUC SP	0102-762X
serial	Ekonomiczne Problemy Turystyki	1644-0501	2353-3188	2015	29		2019	46				container_fotdwsdw2vg7boeiepkvnjmdhy	fulltext		Wydawnictwo Naukowe  Uniwersytetu Szczecińskiego	1644-0501
serial	Przeszłość Demograficzna Polski	0079-7189	2719-4345	1980	12		2023	45				container_dirnqape4jex7l7keky7fyiufa	fulltext		University of Szczecin	0079-7189
serial	Revista Linhas	1984-7238	1984-7238	2012	13		2021	22				container_hor4mlk5w5dgvaavrkhc532x7u	fulltext		Universidade do Estado de Santa Catarina	1984-7238
serial	Rozprawy Społeczne	2081-6081	2657-9332	2017	11		2023	17				container_xyejazo6fzenldxepd7367ls4m	fulltext		Pope John Paul II State School of Higher Education in Biala Podlaska	2081-6081
serial	Case Reports in Genetics	2090-6544	2090-6552	2011	2011		2021	2021				container_menqkrfsgnhadjq4k6slaz6kae	fulltext		Hindawi Limited	2090-6552
serial	Depression Research and Treatment	2090-1321	2090-133X	2010	2010		2023	2023				container_k7k4lp6xc5f33aea54xua3b3cm	fulltext		Hindawi Limited	2090-1321
serial	Gema Kesehatan	2088-5083	2654-8100	2018	10		2022	14				container_cxfh6jiflnfadh3xixqz24xkvq	fulltext		Poltekkes Kemenkes Jayapura	2088-5083
serial	Educação, Ciência e Cultura	1413-7321	2236-6377	2015	20		2021	26				container_6jbmzg2gnrdf5dmsk5a2jbpotq	fulltext		Centro Universitario La Salle - UNILASALLE	1413-7321
serial	Revista de la Facultad de Agronomía	0041-8676	1669-9513	2019	118		2021	120				container_jyx4swizqzf7pnxo5vru6vnfmy	fulltext		Universidad Nacional de La Plata	0041-8676
serial	Romanian Journal of Applied Psychology	2392-8441	2392-845X	1999	19		2021	23				container_kqtoperxkzatjpn36drbi2tl3a	fulltext		Romanian Journal of Applied Psychology, West University of Timisoara	2392-8441
serial	Anales de Veterinaria de Murcia	0213-5434	1989-1784	2011	27		2021	35				container_rbsezckwsbbvxi7iwz4e2ctrri	fulltext		Servicio de Publicaciones de la Universidad e Murcia	0213-5434
serial	DENTA	1907-5987	2615-1790	2015	10		2023	17				container_qk6oixyygbcsthpnagti36qraa	fulltext		Universitas Hang Tuah	1907-5987
serial	St Petersburg University Journal of Economic Studies	1026-356X	2542-226X	2016	32		2021	37				container_rw42izyc2ngsnnspiarhgrewp4	fulltext		Saint Petersburg State University	1026-356X
serial	Communication of the Imaging Group of the JSRT	1345-319X	2189-3047	1999	22		2013	36				container_kh5iqed3yndp3a5idzr5d5hhdq	fulltext		J-STAGE	1345-319X
serial	Revista Interamericana de Ambiente y Turismo	0717-6651	0718-235X	2018	14		2021	17				container_dc6y4hgcnfcofnnpx5gk6fr2au	fulltext		SciELO Comision Nacional de Investigacion Cientifica Y Tecnologica	0717-6651
serial	Reflektika	2337-6821	2580-4006	2017	12		2021	16				container_fid7c4aajjgbja7vdorla3dvxy	fulltext		Institut Dirosat Islamiyah Al-Amien Prenduan	2337-6821
serial	Lazaroa	0210-9778	1988-3307	2010	31		2016	37				container_aw727pf3kzhzhgvxgrgpdkjuae	fulltext		Universidad Complutense de Madrid	0210-9778
serial	Veredas do Direito	1806-3845	2179-8699	2014	10		2022	19				container_jkhstrf6wvc6fpwtraqrjanpu4	fulltext		Editora Dom Helder	1806-3845
serial	Agric	0854-9028	2549-9343	1970	25		2020	32				container_xexjxg2hsbhatcyegdi6nzh4hq	fulltext		Universitas Kristen Satya Wacana	0854-9028
serial	Marketing i Zarządzanie	2450-775X	2543-5574	2016	42		2018	54				container_ufw3mx2usnhitprlrdutm4thw4	fulltext		Wydawnictwo Naukowe Uniwersytetu Szczecińskiego	2450-775X
serial	Autism Research and Treatment	2090-1925	2090-1933	2010	2010		2023	2023				container_oycppqoodbcmjiy45cmmhp3quq	fulltext		Hindawi Limited	2090-1933
serial	Disciplinarum Scientia - Ciências Sociais Aplicadas	2318-678X	2318-678X	2020	16		2022	18				container_or5es3vpbfenvdyofxccekwsom	fulltext		Disciplinarum Scientia: Sociais Aplicadas	1981-5778
serial	Известия Крымской астрофизической обсерватории	0367-8466		2018	114		2022	118				container_m2lkc6u7x5cv7epky7xzj7uwiy	fulltext		Crimean Astrophysical Observatory	0367-8466
serial	Jurnal Ilmiah Keperawatan Sai Betik	1907-0357	2655-2310	2018	13		2019	15				container_r3tj56ngfnbm5cudw2xf6tv2fe	fulltext		Politeknik Kesehatan Tanjungkarang	1907-0357
serial	Politiikka	0032-3365	2669-8617	2020	62		2021	63				container_efycr72krjfgvbvpwqm2ztai4e	fulltext		Valtiotieteellinen yhdistys (Finnish Political Science Association)	0032-3365
serial	Archivos de Medicina del Deporte	0212-8799		2019	36		2022	39				container_qw7nswtuczeybp27yam7gvn66a	fulltext			0212-8799
serial	Journal of the Heat Transfar Society of Japan	1344-8692	2185-5072	1999	38		2003	42				container_jysh3h7i6jeuhdyyfraw5fvvqu	fulltext		J-STAGE	1344-8692
serial	Tikhookeanskaya Geologiya	0207-4028		2019	38		2022	41				container_xq7qir2hrfdkdn52urkrwlk6im	fulltext		Yu. A. Kosygin Institute of Tectonics and Geophysics, Far Eastern Branch, RAS	0207-4028
serial	Mimbar Ilmu	1829-877X	2685-9033	2019	24		2020	25				container_zcorq62h5vbwzdvoyhxdv475ai	fulltext		Universitas Pendidikan Ganesha	1829-877X
serial	Product Management & Development	1676-4056	1676-4056	2011	10		2021	19				container_nxx77muefbd4hfgul2moyogyr4	fulltext		Editora Cubo Multimidia	1676-4056
serial	المجلة العلمیة للإقتصاد و التجارة		2636-2562	2018	48		2021	51				container_msq7d5gwnnaadkwamwkrolohqa	fulltext		Egypts Presidential Specialized Council for Education and Scientific Research	2636-2562
serial	Journal of Science and Technology in Civil Engineering (STCE) - NUCE	1859-2996	1859-2996	2019	13		2022	16				container_gfiywqiwkzflhbjgnpcrsn4vrq	fulltext		National University of Civil Engineering (NUCE)	1859-2996
serial	Revista Mexicana de Ciencias Geológicas	1026-8774	2007-2902	2018	35		2021	38				container_bteazfdr5fextgh6wtbzsp3fhq	fulltext		Universidad Nacional Autonoma de Mexico	2007-2902
serial	Majalah Ilmiah Matematika dan Statistika	1411-6669	2722-9866	2018	18		2022	22				container_j6brdhuppbbkfbqsvalah3o4wy	fulltext		UPT Penerbitan Universitas Jember	1411-6669
serial	Jurnal Teknik Sipil dan Arsitektur	2301-668X		2021	26		2023	28				container_edbnfuzulrg5jblxbl27mskn2u	fulltext			2301-668X
serial	International journal of medical laboratory research		2456-4400	2018	3		2021	6				container_t3v3wc6wzrawngvel3q5fotsne	fulltext		International Journal of Medical Laboratory Research	2456-4400
serial	Faṣlnāmah-i ̒ulūm va fanāvarī-i faz̤āyī	2008-4560		2019	12		2022	15				container_heaabtjen5eohkcscyw5muqu5m	fulltext			2008-4560
serial	Techne Series: Research in Sloyd Education and Craft Science A	1238-9501	1893-1774	2021	21		2023	30				container_j3gqrfnfpzdb5iedwxn7bea2tq	fulltext		Høgskolen i Oslo og Akershus	1893-1774
serial	Revista da Associação Brasileira de Pesquisador s Negr s - ABPN	2177-2770	2177-2770	2020	12		2021	14				container_xpq36axi2rc7npvan754z7isye	fulltext		Revista da ABPN	2177-2770
serial	European Spatial Research and Policy	1231-1952	1896-1525	2009	16		2021	28				container_tgyonejppvfyfejbbi6wosocse	fulltext		Uniwersytet Lodzki (University of Lodz)	1231-1952
serial	JAPANESE JOURNAL of ELITE SPORTS SUPPORT	2188-8183	2188-8191	2008	1		2017	8				container_qimgezxci5aldi5fd3zcxugyoq	fulltext		Japan Institute of Sports Sciences, Japan Sport Council	2188-8183
serial	Studia Białorutenistyczne	1898-0457	2449-8270	2015	10		2023	16				container_et4jrredtnhg7mnmz4upmvva64	fulltext		Wydawnictwo Uniwersytetu Marii Curie-Skłodowskiej w Lublinie	1898-0457
serial	Journal of Nucleic Acids	2090-0201	2090-021X	2010	2010		2021	2021				container_jdobinqq2nf5doipz5kfntsjha	fulltext		Hindawi Limited	2090-0201
serial	Jurnal ILMU DASAR	1411-5735	2442-5613	2020	21		2022	23				container_u6tn56u255cnfe3a3v5azzpgiy	fulltext		UPT Penerbitan Universitas Jember	2442-5613
serial	Journal of Rocket-Space Technology	2409-4056		2018	26		2022	30				container_cpzw7p27erg3dihjxx7qa2kczy	fulltext		Oles Honchar Dnipropetrovsk National University	2409-4056
serial	South African Journal of Agricultural Extension (SAJAE)	2413-3221	2413-3221	2015	43		2021	49				container_ij5ijd5yxrbjbf6jqvpapqmbaa	fulltext		Academy of Science of South Africa	0301-603X
serial	Süleyman Demirel Üniversitesi Eğirdir Su Ürünleri Fakültesi Dergisi	1300-4891	1308-7517	2014	10		2019	15				container_srn2wqurtfferhdhrrbznwifre	fulltext		Süleyman Demirel University	1300-4891
serial	Bulletin of Ishikawa Agricultural College	0389-9977	2433-6491	1972	1		2004	33				container_vqtvdtd3tret5prthjyji4ka6i	fulltext		J-STAGE	0389-9977
serial	Revista de Nefrología, Diálisis y Trasplante	0326-3428	2346-8548	2014	34		2019	39				container_zawm6zul7zd6xozrgryelhwzra	fulltext		Asociación Regional de Diálisis y Trasplantes Renales de Capital Federal y Provincia de Buenos Aires	0326-3428
serial	Revista (Con)textos Linguísticos	1982-291X	2317-3475	2020	14		2021	15				container_5t7i4edqmjey5izc3v6duqej4m	fulltext		Universidade Federal do Espírito Santo	1982-291X
serial	ISRN Toxicology	2090-6188	2090-6196	2011	2011		2014	2014				container_jwssoltadneobdrvevvsugb5dq	fulltext		Hindawi (International Scholarly Research Network)	2090-6188
serial	Folia Toruniensia	1641-3792	2657-4837	2011	11		2022	22				container_xz6u6ybznzczjlxg6pirp6jxe4	fulltext		Uniwersytet Mikolaja Kopernika/Nicolaus Copernicus University	1641-3792
serial	Cuadernos de Rusística Española	1698-322X	2340-8146	2019	15		2021	17				container_ldjqvbd3kjgrlpotufo542f5cm	fulltext		Editorial de la Universidad de Granada	1698-322X
serial	Bulletin of the Polish Academy of Sciences: Technical Sciences	0239-7528	2300-1917	2009	57		2022	65				container_gw7kalohf5dsdag2u3svsyd66y	fulltext		De Gruyter Open Sp. z o.o.	0239-7528
serial	KEMANUSIAAN:  The Asian Journal of Humanities	1394-9330	2180-4257	2010	17		2022	29				container_q4rdugnoczgrlcktdk4pea6gne	fulltext		Penerbit Universiti Sains Malaysia	1394-9330
serial	Acta Angiologica	1234-950X	1644-3276	2015	21		2022	28				container_zzmym24nobee5oux2b624nsk64	fulltext		VM Media sp. z o.o. VM Group sp.k. Grupa Via Medica	1234-950X
serial	KRTHA BHAYANGKARA	1978-8991	2721-5784	2020	14		2022	16				container_dornj2r47za6hf3pncqpns4fbm	fulltext		Universitas Bhayangkara Jakarta Raya	1978-8991
serial	Phytoprotection (Québec)	0031-9511	1710-1603	1990	71		2018	98				container_6jhqr6gvtbg7zlbgcq2kdn2rru	fulltext		Consortium Erudit	0031-9511
serial	Ekonomska Misao i Praksa	1330-1039	1848-963X	2018	29		2022	31				container_edol66afivf3ljsvobgkvltusq	fulltext		University of Dubrovnik	1330-1039
serial	International Journal of Genomics	2314-436X	2314-4378	2013	2013		2022	2022				container_qe5jsynkezfovmnttfiupg7j3m	fulltext		Hindawi Limited	2314-436X
serial	Bullettin of the Gioenia Academy of Natural Sciences of Catania		0393-7143	2015	48		2022	55				container_c4qa5odw7bcy7kisknjt3znile	fulltext		Accademia Gioenia di Scienze Naturali di Catania	0393-7143
serial	Hungarian Journal of Industry and Chemistry	0133-0276	2450-5102	2015	43		2022	50				container_sajitzgkenc43bg54rhxwcsmnm	fulltext		University of Pannonia	0133-0276
serial	Reports of Morphology	1818-1295	2616-6194	2018	24		2022	28				container_6oivyov4qvdbfkrmmvlcp63ihu	fulltext		Vinnytsia National Pyrogov Memorial Medical University	1818-1295
serial	Jurnal Tekno	1907-5243	2655-8416	2019	16		2022	18				container_li3s4jtl2vdkjls55loljkg4zq	fulltext		Universitas Bina Darma	1907-5243
serial	Acta Scientiarum Human and Social Sciences	1679-7361	1807-8656	2000	22		2022	44				container_u6j3ugwxvrcltht2g7qqhoffn4	fulltext		Universidade Estadual de Maringa	1679-7361
serial	Revista da Sociedade Brasileira de Fonoaudiologia	1516-8034	1982-0232	2008	13		2012	17				container_m6f3ovus5fhanccyscu5v6rgam	fulltext		SciELO	1516-8034
serial	Revista Teoria e Evidência Econômica	0104-0960	2318-8448	2013	19		2021	27				container_jo43kvli5fhplnfq6lhbxn66iu	fulltext		Universidade de Passo Fundo	0104-0960
serial	Informatics and Automation	2713-3192	2713-3206	2021	20		2022	21				container_uivmlmonz5hatf5xkuvdosd6wu	fulltext		SPIIRAS	2713-3192
serial	Lingüística y Literatura	0120-5587	2422-3174	2016	36		2022	43				container_mudzgdgqlzdqjhm773q5m6evza	fulltext		Universidad de Antioquia	0120-5587
serial	Journal of Optimization	2356-752X	2314-6486	2013	2013		2022	2022				container_hyddt2ogyzdgzojhwwnoa64kca	fulltext		Hindawi Limited	2314-6486
serial	Jurnal Bidang Ilmu Kesehatan	1693-6868		2021	11		2022	12				container_ylrw5g3qc5bc5hnomqjbvxwyvu	fulltext			1693-6868
serial	Fauna Norvegica	1502-4873	1891-5396	2008	26		2022	41				container_4th4wwfuljgghmj57ys3tl2koy	fulltext		Norwegian University of Science and Technology Library	1502-4873
serial	Language Circle	1858-0157	2460-853X	2020	14		2021	16				container_v3fthaoixrhcdnan7ypj2j2gy4	fulltext		Universitas Negeri Semarang	1858-0157
serial	Trends in Computational and Applied Mathematics		2676-0029	2021	22		2022	23				container_35oq6mafgbgjzegeual6jvtrii	fulltext		Brazilian Society for Computational and Applied Mathematics	2676-0029
serial	Revista Educación en Ingeniería	1900-8260	1900-8260	2017	12		2021	16				container_fizlupsa2nfjhdjbtg2kpz2bsq	fulltext		Asociacion Colombiana de Facultades de Ingenieriia (ACOFI)	1900-8260
serial	International Journal for Studies in Mathematics Education		2176-5634	2016	10		2022	15				container_i6pbdp4llfcola5lbbppgl57sy	fulltext		Editora e Distribuidora Educacional	2176-5634
serial	ISRN Gastroenterology	2090-4398	2090-4401	2011	2011		2014	2014				container_aryz6osfc5cbrmte3arbbupdfu	fulltext		Hindawi (International Scholarly Research Network)	2090-4398
serial	International Journal of Asia-Pacific Studies	1823-6243	1823-6243	2016	12		2023	19				container_2dj67v4llzbdvphchzn64jqkuq	fulltext		Penerbit Universiti Sains Malaysia	1823-6243
serial	Eko-Regional	1907-6827	2620-8849	2017	12		2021	16				container_okwjrnsc6jckxkwhjsjfgbhnuy	fulltext		Universitas Jenderal Soedirman	1907-6827
serial	Arqueologia	0327-5159	1853-8126	2019	25		2022	28				container_sz6fzb53cjezndfx6wgu5jvene	fulltext		Editorial de la Facultad de Filosofia y Letras - Universidad de Buenos Aires	0327-5159
serial	Revista Brasileira de Segurança Pública	1981-1659	2595-0258	2019	13		2022	16				container_qpjhqlwl5bgp7avjxbom63rme4	fulltext		Revista Brasileira de Seguranca Publica	1981-1659
serial	Asy-Syari'ah	2086-9029	2654-5675	2016	18		2021	23				container_6tkrqvwkmbhbpgjzigw6lqxbzu	fulltext		Sunan Gunung Djati State Islamic University of Bandung	2086-9029
serial	Linguagem e Ensino	1415-1928	1983-2400	2019	22		2022	25				container_4cade5u3djbyja4fj7chbvhe5y	fulltext		Universidade Federal de Pelotas	1415-1928
serial	Egyptian Journal of Genetics and Cytology	0046-161X	0046-161X	2010	39		2018	46				container_64pumuud6zg43fjdyek5cwj22i	fulltext		Egypts Presidential Specialized Council for Education and Scientific Research	0046-161X
serial	Personality Neuroscience		2513-9886	2018	1		2022	5				container_p6m2rpguqbdstjadsltx73dw3a	fulltext		Cambridge University Press	2513-9886
serial	Pulmonary Medicine	2090-1836	2090-1844	2010	2010		2023	2023				container_ookhc6xooveo5awmrzxnvcx7ue	fulltext		Hindawi Limited	2090-1844
serial	Journal of Crystallization Process and Technology	2161-7678	2161-7686	2011	1		2021	10				container_7sowjd23hfdpto7mewj57jmajq	fulltext		Scientific Research Publishing, Inc	2161-7678
serial	Agricultura		1581-5439	2015	12		2022	19				container_6fn7w7xwfbetdj6t4bhwlfynlm	fulltext		Sciendo	1580-8424
serial	Communitas	1023-0556	2415-0525	2017	22		2021	26				container_xz62y6nwebearexokitkzzkjiq	fulltext		AFRICAN SUN MeDIA	1023-0556
serial	Al-Ta'dib. Jurnal kajian ilmu kependidikan	1979-4908	2598-3873	2020	13		2023	15				container_ctzcjczj7fhwjefm3g6fgappcm	fulltext		Institut Agama Islam Negeri Kendari	1979-4908
serial	Studia Philosophiae Christianae	0585-5470	2720-0531	2016	51		2022	58				container_axadc7bih5hw7g6i5ng5nawt3m	fulltext		Uniwersytet Kardynala Stefana Wyszynskiego	0585-5470
serial	Case Reports in Vascular Medicine	2090-6986	2090-6994	2011	2011		2021	2021				container_nvdd6us3wfdzdmhoamiokvqzg4	fulltext		Hindawi Limited	2090-6994
serial	Herald of Kiev Institute of Business and Technology	2707-1820	2707-1839	2019	39		2022	48				container_ghxmhzj4wjgjxemqikhxqyctki	fulltext		Kiev Institute of Business and Technology LLC	2707-1820
serial	Pediatría (Asunción)	1683-979X	1683-9803	2018	45		2022	49				container_ftedtbwrknhwpliwhhpvu2guma	fulltext		Sociedad Paraguaya de Pediatría	1683-979X
serial	Služba Božja	0037-7074	1849-1057	2019	59		2022	62				container_mdtllv2ofvekznplqnijeaxu5i	fulltext		Katolicki bogoslovni fakultet Sveucilista u Splitu	0037-7074
serial	Molecular Case Studies	2373-2865	2373-2873	2018	4		2021	8				container_vr52omacmbd27ilxbmtacnil3a	fulltext		Cold Spring Harbor Laboratory	2373-2873
serial	Archives of Psychiatry Research	2671-1079	2671-2008	2019	55		2021	57				container_hsyyywy5ozgxpmh2y4clociqhi	fulltext		Sestre Milosrdnice University Hospital Center (KBC Sestre milosrdnice)	2671-1079
serial	Jurnal Administrasi Negara	1410-8399	2615-3424	2017	23		2022	28				container_wdtldqxr2jbnzkrxtvsmqdg5ua	fulltext		Sekolah Tinggi Ilmu Administrasi-Lembaga Adminstrasi Negara - STIA LAN - Makassar	1410-8399
serial	Fordítástudomány	1419-7480		2020	21		2021	23				container_4xffjmcxwbeczetm7md6jvmgr4	fulltext		Forditastudomany	1419-7480
serial	Psikovidya	0853-8050	2502-6925	1970	22		2022	25				container_d7ie27wedzbm7prxlp5mhlzq3m	fulltext		LPPM Universitas Wisnuwardhana	2502-6925
serial	Politėks. Političeskaja ėkspertiza	1818-4499	2618-9577	2019	15		2022	18				container_f24qieut3jbzdnfw2ou2ms6eym	fulltext		Izdatelstvo Sankt-Peterburgskogo Universiteta	1818-4499
serial	Malaysian Journal of Public Health Medicine	1675-0306	2590-3829	2002	17		2020	20				container_yggyf7mopvgztbauur4btin6mq	fulltext		Malaysian Public Health Physicians' Association	2590-3829
serial	Jurnal Ekonomi dan Industri	0853-5248	2656-3169	2009	14		2022	23				container_tsnjc77cdvebjnjrntdy3lpvci	fulltext		Program Studi Magister Manajemen Universitas Krisnadwipayana	0853-5248
serial	WSEAS Transactions on Heat and Mass Transfer	1790-5044	2224-3461	2020	15		2022	17				container_ijfynrarubejphbqy4hwan4ome	fulltext		World Scientific and Engineering Academy and Society (WSEAS)	1790-5044
serial	Current Gerontology and Geriatrics Research	1687-7063	1687-7071	2008	2008		2023	2023				container_2jyjtkaauzf6rctkmsfz6tgrvm	fulltext		Hindawi Limited	1687-7063
serial	Social Transformations in Contemporary Society	2345-0126	2345-0126	2013	2013		2016	2016				container_nrxbypi57rccxjqqwqgjlnvzqy	fulltext		Mykolas Romeris University	2345-0126
serial	Critique and Semiotics	2307-1737		2019	10		2022	40				container_yvq74jhhsvc4rfcwobqkrr7jwe	fulltext		Novosibirsk State University (NSU)	2307-1737
serial	Attanwir. Jurnal kajian keislaman dan pendidikan	2252-5238		2020	11		2022	13				container_np6rsysx2ncibli3lpctvt3se4	fulltext		LP3M Sekolah Tinggi Agama Islam Attanwir Bojonegoro	2252-5238
serial	Median : Jurnal Ilmu Ilmu Eksakta	1979-7540	2614-4298	2019	11		2022	14				container_mvaxhym4zfamrkyoe2rfbspwfm	fulltext		Universitas Muhammadiyah Sorong	1979-7540
serial	Central European Public Administration Review	2591-2240	2591-2259	2019	17		2022	20				container_kvz5tynfjbgqbcrzkslzgogtmy	fulltext		Faculty of Administration, University of Ljubljana	2591-2240
serial	Media komunikasi FIS. Jurnal ilmiah ilmu sosial	1412-8683	2714-7800	2020	19		2021	20				container_ctdchojwvbbexp7phc3hsdmoia	fulltext		Fakultas Ilmu Sosial, Universitas Pendidikan Ganesha	1412-8683
serial	Archives of Civil Engineering	1230-2945	1230-2945	2010	56		2022	65				container_z25fzkznibfgbbp3cevhrutnaq	fulltext		De Gruyter Open Sp. z o.o.	1230-2945
serial	Revista de Ciências Exatas e Tecnologia	1980-1793	2178-6895	2016	11		2020	14				container_r77juntm45cn5izttwp4wi6qqe	fulltext		Editora e Distribuidora Educacional	1980-1793
serial	Revista Chilena de Educación Matemática	0718-1213	2452-5448	2020	12		2022	14				container_lrsw5a52bfeivlftqevrcrfeeq	fulltext		Sociedad Chilena de Educacion Matematica	2452-5448
serial	Journal of Environmental Sciences. Mansoura University	1110-192X		2018	47		2020	49				container_yfb3kbxex5b4bg42xdqsif56hu	fulltext			1110-192X
serial	Migraciones Internacionales	1665-8906	1665-8906	2019	10		2020	11				container_f3id6ysjf5fd7gnuuzgay5xaee	fulltext		El Colegio de la Frontera Norte A.C	1665-8906
serial	Vilnius University Proceedings		2669-0233	2019	10		2022	38				container_ceorj4rugvdwfefumnjt33wy6i	fulltext		Vilnius University	2669-0233
serial	Endovascular Neuroradiology	2304-9359	2663-6964	2018	20		2020	34				container_7t3yn7hta5hv3pnp3xbpcgejdy	fulltext		NGO Allukrainian Association of Endovascular Neuroradiology	2304-9359
serial	Huitzil	1870-7459	1870-7459	2009	10		2022	23				container_qkz5bggv7rbjxlatj5litlq2hu	fulltext		Huitzil - Revista Mexicana de Ornitologia	1870-7459
serial	Tuberculosis Research and Treatment	2090-150X	2090-1518	2010	2010		2022	2022				container_ccsibsifxngdlckd6qkknzebte	fulltext		Hindawi Limited	2090-150X
serial	Annales UMCS Physica	0137-6861	2300-7559	2013	68		2017	71				container_iqeb5svwpjfpnjhxuh4llk4kze	fulltext		Wydawnictwo Uniwersytetu Marii Curie-Skłodowskiej w Lublinie	0137-6861
serial	Vìsnik Dnìpropetrovsʹkogo Unìversitetu: Serìâ Psihologìâ	2414-9268	2415-7244	2007	16		2017	23				container_wxj6kygcnjanvoihb3dx3wtesm	fulltext		Oles Honchar Dnipropetrovsk National University	2414-9268
serial	Relaciones de la Sociedad Argentina de Antropología	0325-2221	1852-1479	2021	46		2022	47				container_hdg6aiws5ncojih5i7tlgailzi	fulltext		Sociedad Argentina de Antropología	0325-2221
serial	Democrazia e diritti sociali		2610-9166	2018	2018		2019	2019				container_bjsnl5453zew5lkv2butcugceq	fulltext		Edizioni Università di Cassino	2610-9166
serial	Information Impact: Journal of Information and Knowledge Management	2141-4297	2360-994X	2021	11		2022	12				container_mnziek3ra5eyznubqpczmhwmay	fulltext		Information Practioners Network, Nigeria	2360-994X
serial	Cuadernos de prehistoria y arqueología de la Universidad de Granada	2174-8063	2659-9295	2019	29		2021	31				container_e5273htvare5xk3tilqckldhi4	fulltext		Departamento de Prehistoria y Arqueología, Universidad de Granada	2174-8063
serial	Revista Electrónica Gestión de las Personas y Tecnología	0718-5693	0718-5693	2020	13		2022	15				container_wq54v2d3trfxbjh4xv54dg26im	fulltext		Universidad de Santiago de Chile	0718-5693
serial	Ask: Research and Methods	1234-9224	2544-0799	2018	26		2020	29				container_m7rofwkqmbdhnlcj3q2kevb5xa	fulltext		The Ohio State University Libraries	1234-9224
serial	Scientific Bulletin of Valahia University: Materials and Mechanics	1844-1076	2537-3161	2016	14		2022	18				container_hzei5g2buba4pbqpqzptwjitmu	fulltext		Valahia University Press	1844-1076
serial	JEPI (Jurnal Ekonomi dan Pembangunan Indonesia)	1411-5212	2406-9280	2018	19		2022	22				container_cugjssa6knbmhawaid6fq4ilze	fulltext		Department of Economics	1411-5212
serial	Etnološka Tribina	0351-1944	1848-9540	2014	44		2022	52				container_qtnn2uzrrbbtnoejl4czhzawoi	fulltext		Croatian Ethnological Society	0351-1944
serial	Entremeios		2179-3514	2016	12		2019	22				container_du6yp3j6dfcppjnrcvxsd35yte	fulltext		Programa de Pos-Graduacao em Ciencias da Linguagem - PPGCL/UNIVAS	2179-3514
serial	Naucni casopis urgentne medicine - Halo 194	2334-6477	2334-6477	2021	27		2022	28				container_6ulioemmqzhg3fvqdj2fg72fna	fulltext		Centre for Evaluation in Education and Science	2334-6477
serial	Estudos Linguísticos	1413-0939	1413-0939	2017	46		2022	51				container_xno7nbj5kzhfvfivgrszgqqe44	fulltext		Grupo de Estudos Linguisticos do Estado de Sao Paulo	1413-0939
serial	Ostrava Journal of English Philology	1803-8174	2571-0257	2020	12		2023	14				container_42km7lvm3zg6rjriurkulfhmaq	fulltext		University of Ostrava	1803-8174
serial	Revista Processus de Estudos de Gestão, Jurídicos e Financeiros	2237-2342	2178-2008	2019	10		2020	11				container_mszebvbh6fdptjtj4ywlyv7qya	fulltext		Jonas Rodrigo Gonçalves	2178-2008
serial	Política	0716-1077	0716-1077	2011	44		2020	58				container_7hbk624s35fbnmsgro47pssgiq	fulltext		Universidad de Chile	0716-1077
serial	Tsantsa: Zeitschrift der Schweizerischen Ethnologischen Gesellschaft	1420-7834	2673-5377	2015	20		2022	27				container_puusf5pnqrh3lhawphnf5qb34u	fulltext		University of Bern	1420-7834
serial	Semina Scientiarum	1644-3365	2391-6850	2011	10		2019	17				container_fypywuqgsbeq7pzvooeau6rc6u	fulltext		Pontifical Universtiy of John Paul II in Krakow	1644-3365
serial	Media, culture and public relations	1333-6371	1848-8374	2018	10		2021	12				container_eifr4bkj2bdgrmgy5ato3g72rq	fulltext		Croatian Communication Association	1333-6371
serial	Journal of the Foot & Ankle		2675-2980	2020	14		2022	16				container_2bis66ux4vh4niemlszaxh5zua	fulltext		Associacao Brasileira de Medicina e Cirurgia do Tornozelo e Pe (ABTPe)	2675-2980
serial	Case Reports in Oncological Medicine	2090-6706	2090-6714	2011	2011		2022	2022				container_ewjpdspcifa6xowcdq6oaxeare	fulltext		Hindawi Limited	2090-6706
serial	Gestalt Theory	0170-057X	2519-5808	2008	30		2020	42				container_kwzqj4zkanebxnygzzw74zu3au	fulltext		Walter de Gruyter GmbH	0170-057X
serial	International journal of computers and communications		2074-1294	2020	14		2022	16				container_baxmrsds5bcrhfe7tma54dssmy	fulltext		North Atlantic University Union (NAUN)	2074-1294
serial	Mekanika	1412-7962	2579-3144	2017	16		2021	20				container_wbxiribhajbk5l7qts777egg44	fulltext		Universitas Sebelas Maret	1412-7962
serial	Sleep Disorders	2090-3545	2090-3553	2011	2011		2022	2022				container_cm4mjoqnmjbufndencn67q64gu	fulltext		Hindawi Limited	2090-3553
serial	Acta Biologica	1230-3976	2353-3013	2015	22		2021	28				container_t2oqar7s3vb5bgguyoumr5ddp4	fulltext		University of Szczecin	1230-3976
serial	Profesi (Profesional Islam): Media Publikasi Penelitian	1907-512X	2548-9933	2016	14		2023	21				container_bptpd6locrgthjbggpyzwq2cri	fulltext		STIKES PKU Muhammadiyah Surakarta	1907-512X
serial	Open Journal of Antennas and Propagation	2329-8421	2329-8413	2013	1		2020	8				container_6wuiyyy5lzhvbmctn2dxerunk4	fulltext		Scientific Research Publishing, Inc	2329-8421
serial	MOZAIK HUMANIORA	2442-8469	2442-935X	2020	19		2022	22				container_duszfynvpjgwxjxu3q6xzdxyni	fulltext		Universitas Airlangga	2442-935X
serial	Treballs d Arqueologia	1134-9263	2339-6490	2010	17		2022	24				container_32qax3rd3vgqvisznujzmlanue	fulltext		Universitat Autonoma de Barcelona	1134-9263
serial	Journal of Educational Sciences	1454-7678	2457-8673	2018	37		2022	47				container_sfps5k3wdvcmjffed5pft6b5rq	fulltext		Universitatea Vest din Timisoara	1454-7678
serial	Memorandum		1676-1669	2019	36		2020	37				container_rzedlg4uk5e37ikbbi5t6om6cu	fulltext		"Grupo de Pesquisa ""Estudos em Psicologia e Ciências Humanas: História e Memória"", Universidade Federal de Minas Gerais"	1676-1669
serial	Vascular Biology	2516-5658	2516-5658	2019	1		2021	3				container_k65kupfqana7jhtn3zkwd63mty	fulltext		Bioscientifica	2516-5658
serial	Cuadernos.info	0719-3661	0719-367X	2013	32		2018	41				container_g3p5auoqrnapjmmzxynb7mcgh4	fulltext		Pontificia Universidad Catolica de Chile	0719-3661
serial	Jurnal Tarbiyah	0854-2627	2597-4270	2017	24		2022	29				container_aboqqi6yt5e7dhvpkj23yv2bze	fulltext		UIN Sumatera Utara Medan	0854-2627
serial	International Journal of Inflammation	2090-8040	2042-0099	2010	2010		2021	2021				container_tn3jewoo25brroe5ndfec7dl4e	fulltext		Hindawi Limited	2042-0099
serial	Kastamonu Üniversitesi Orman Fakültesi Dergisi	1303-2399	1309-4181	2014	14		2016	16				container_cmfe3vwbszdklc3qiyxxvbmfbi	fulltext		Kastamonu University	1309-4181
serial	Differential Equations and Nonlinear Mechanics	1687-4099	1687-4102	2006	2006		2010	2010				container_zzwnghqabveazlkjqmnm5fuoim	fulltext		Hindawi Limited	1687-4099
serial	Journal of Menopausal Medicine	2288-6478	2288-6761	2013	19		2020	26				container_dfnmr2rxt5cvflt4sevzai77si	fulltext		The Korean Society of Menopause (KAMJE)	2288-6478
serial	Rehabilitation Research and Practice	2090-2867	2090-2875	2010	2010		2021	2021				container_yulrsfychvcixpynp5iqxh3tpy	fulltext		Hindawi Limited	2090-2867
serial	Data Envelopment Analysis and Decision Science	2195-4496	2195-4496	2012	2012		2018	2018				container_gathceca45fzdjpjxbi5xu2zfu	fulltext		ISPACS GmbH	2195-4496
serial	História & Perspectivas	0103-409X	2176-4352	2017	30		2019	58				container_xclv7aqjjzfxxpgfptfmhvxkvi	fulltext		EDUFU - Editora da Universidade Federal de Uberlandia	0103-409X
serial	Indonesian Journal of Educational Studies	2621-6736	2621-6744	2019	22		2020	23				container_zzt7mykd6jbtljbnd5hqz7eww4	fulltext		Universitas Negeri Makassar	2621-6736
serial	Kanagawa Kenritsu Kokusai Gengo Bunka Akademia kiyo	2186-7348	2424-189X	2012	1		2020	9				container_kwyhumhucndkjd5thzq4igmkwe	fulltext		J-STAGE	2186-7348
serial	Doboku Gakkai Ronbunshuu B		1880-6031	2008	64		2009	65				container_fsjik56usbaijkl5cnsazt2q4u	fulltext		Japan Society of Civil Engineers	1880-6031
serial	Loading ..		1923-2691	2019	12		2021	13				container_rcd7zxbmsrbrnlodvpwu2dmaai	fulltext		Consortium Erudit	1923-2691
serial	Journal of Nonlinear Analysis and Application		2193-3472	2011	2011		2018	2018				container_omc5gv26mngcvjpbt7supprh2i	fulltext		ISPACS GmbH	2193-3472
serial	Schizophrenia Research and Treatment	2090-2085	2090-2093	2011	2011		2022	2022				container_cthxbo7gd5cfhjjs4hahvysyey	fulltext		Hindawi Limited	2090-2093
serial	Revista Universitaria de la Educación Física y el Deporte	1688-4949	2393-6444	2017	11		2021	14				container_qlnlvcuxnrg65h5marjjfulfoi	fulltext		Revista Universitaria de la Educacion Fisica y el Deporte	1688-4949
serial	Advances in Pharmacological Sciences	1687-6334	1687-6342	2008	2008		2020	2020				container_kv2icilqz5gevemu4ndgfwdnca	fulltext		Hindawi Limited	1687-6334
serial	The Indonesian Journal of Accounting Research	2086-6887	2655-1748	2019	22		2022	25				container_ezdlxvvmlrcereoezpexks7xwy	fulltext		Indonesian Accountant Association - Compartment Educator Accountant	2086-6887
serial	Iniciação Científica Cesumar	1518-1243	2176-9192	2016	18		2022	24				container_zc5sfptg7ba6xoqbsedbfon72m	fulltext		Centro Universitario de Maringa	1518-1243
serial	GOING CONCERN : JURNAL RISET AKUNTANSI	1907-9737	2686-4215	2019	14		2021	16				container_a4loehjhzzcwjeotpxt6rybv7i	fulltext		Universitas Sam Ratulangi	1907-9737
serial	Warasan Witthayasat Lae Theknoloyi Mahawitthayalai Mahasarakham	1686-9664		2019	38		2020	39				container_q2jljoxqkvd73io6ovreh7hsya	fulltext		Mahasarakham University	1686-9664
serial	Annals of West University of Timisoara: Physics	1224-9718	1224-9718	2012	56		2020	62				container_jjstmevbbjhmrj5qbautstmqci	fulltext		Sciendo	1224-9718
serial	Polish Psychological Bulletin	0079-2993	1641-7844	2008	39		2022	48				container_2oiesosjeff6pjuntkomhynbzm	fulltext		De Gruyter Open Sp. z o.o.	0079-2993
serial	Communications in Numerical Analysis	2193-4215	2193-4215	2011	2011		2018	2018				container_cmifzv6iibdjfpr272dno6kk5e	fulltext		ISPACS GmbH	2193-4215
serial	Law Journal of NBU		1314-5797	2020	15		2021	16				container_ehnywttebng6pjurx7o6bjsglm	fulltext		New Bulgarian University	1314-5797
serial	bionature	1411-4720	2654-5160	2019	19		2022	23				container_wsjhhnp6bbdfhhd5q4mfi2qzve	fulltext		Fakultas MIPA Universitas Negeri Makassar	1411-4720
serial	Coopetition	2086-4620	2615-4978	2020	10		2023	14				container_g4cgx37cfrfl3lr6cha3dfn2bq	fulltext		Institut Manajemen Koperasi Indonesia	2086-4620
serial	Estudios del hábitat		2422-6483	2017	15		2021	19				container_duh3ng6rkfazlfut2cfftw334y	fulltext		Universidad Nacional de La Plata	0328-929X
serial	Media informatika	1412-8675	2550-0104	2018	17		2022	21				container_kedawortcrhmll3pydkhv5c3sm	fulltext		Sekolah Tinggi Manajemen Informatika and Komputer (STMIK) LIKMI	1412-8675
serial	Nova mehanizacija sumarstva	1845-8815	1848-9834	2019	40		2021	42				container_seq7pxybzndnpgma2homgw4nbe	fulltext		Faculty of Forestry, University of Zagreb	1845-8815
serial	Korean Journal of Clinical Neurophysiology	1229-6414	2288-1026	2013	15		2016	18				container_53khfvh4hjdz5eu4dkxsutp4hm	fulltext		The Korean Society of Clinical Neurophysiology (KAMJE)	1229-6414
serial	Communications on Advanced Computational Science with Applications		2196-2499	2013	2013		2019	2019				container_2pyilrhsrzfllhbiaqr5topaqm	fulltext		ISPACS GmbH	2196-2499
serial	Media Konservasi	0215-1677	2502-6313	2010	15		2022	27				container_dyus6bl3rvbmnmxqbp2fv6245y	fulltext		Institut Pertanian Bogor	0215-1677
serial	Revista Ecuatoriana de Pediatría	1390-3497	2737-6494	2020	21		2021	22				container_hsvmcta7nzat7jzjdwtwo2xpim	fulltext		Ecuadorian Society of Pediatrics	1390-3497
serial	Rocznik Biblioteki Naukowej PAU i PAN w Krakowie	0079-3140	2544-0500	2019	64		2022	67				container_owoo6qfnzbctvhyp6jdtjmli54	fulltext		Uniwersytet Jagiellonski – Wydawnictwo Uniwersytetu Jagiellonskiego	1642-2503
serial	Galician Medical Journal	2306-4285	2414-1518	2017	24		2019	26				container_2t4gmymnznf6ta3igwm4o4b5z4	fulltext		Ivano-Frankivsk National Medical University	2306-4285
serial	Studia Teologiczno-Historyczne Śląska Opolskiego	0137-3420	2391-937X	2017	36		2022	42				container_tboh4vd7zfakpf6d3doq6flgoa	fulltext		Uniwersytet Opolski	0137-3420
serial	Modelling Measurement and Control C	1259-5977		2019	80		2021	82				container_5kqhixcfujf6hd5mxrdf7r54um	fulltext		International Information and Engineering Technology Association	1259-5977
serial	STUDIA HISTORYCZNE	0025-1429		2018	60		2023	62				container_s5ggrd5swjgadh4mg6gnp5lgrm	fulltext		Ksiegarnia Akademicka Sp. z.o.o	0025-1429
serial	World Journal of Nano Science and Engineering	2161-4954	2161-4962	2011	1		2019	9				container_3c3cot747ff4dhebcdalyhgcru	fulltext		Scientific Research Publishing, Inc	2161-4954
serial	Jurnal pengajian media Malaysia	1511-2284	2231-8143	2018	20		2022	24				container_3n6im5lqjfcz5mxljkoe56trqm	fulltext		University of Malaya	1511-2284
serial	Revista del Centro de Investigación de la Universidad la Salle	1405-6690	1665-8612	2018	12		2021	14				container_67sdcswvgnh57acephjhvjhaxa	fulltext		Universidad La Salle, Mexico	1665-8612
serial	OUSL Journal	1800-3621	2550-2816	2018	13		2021	16				container_pjeebv454zhqhf5rzawbb4mt2u	fulltext		Sri Lanka Journals Online (JOL)	2550-2816
serial	Asian Journal of Business and Accounting	1985-4064	2180-3137	2018	11		2022	15				container_ah4k4ho6vjc3dja2afcsxn65pq	fulltext		Univ. of Malaya	1985-4064
serial	Ceylon Journal of Medical Science	0011-2232	2659-2002	1997	40		2018	55				container_5aoe4de6unh55apvn3z4meu5oa	fulltext		Sri Lanka Journals Online	0011-2232
serial	Politikatudományi szemle	1216-1438	2064-6550	2018	27		2020	29				container_3lqzcxqphrajbbnx5pn4xhfgzi	fulltext		Politikatudomanyi szemle	1216-1438
serial	Reflexión Política	0124-0781	2590-8669	2019	21		2022	24				container_qm2f7dcrdzasvo4dliyxuqfyr4	fulltext		Universidad Autonoma de Bucaramanga	0124-0781
serial	JPUD - Jurnal Pendidikan Usia Dini	2503-0566	1693-1602	2017	11		2021	15				container_3w5bsuimdzcapcyeirzhs4pkve	fulltext		Universitas Negeri Jakarta	1693-1602
serial	Zbornik Matice srpske za knjizevnost i jezik	0543-1220		2020	68		2021	69				container_nvkcev4bkzgghpjorpiuyfkamq	fulltext		Matice srpska	0543-1220
serial	International journal of interdisciplinary dentistry		2452-5588	2020	13		2021	14				container_ho2pba777rcmjax33anjalonnu	fulltext		SciELO Agencia Nacional de Investigacion y Desarrollo (ANID)	2452-5596
serial	Journal of KATHA	1823-2159		2015	11		2022	18				container_zg4tvzd4h5bb5f25oyiovqsuzu	fulltext		Univ. of Malaya	1823-2159
serial	Jurnal respirologi Indonesia	0853-7704	2620-3162	2017	37		2021	41				container_gvezm2ziffat5oertux5464mle	fulltext		Perhimpunan Dokter Paru Indonesia	0853-7704
serial	Journal of Gandaki Medical College	2070-4240	2070-4259	2017	10		2021	14				container_in2aqqgtyzannjafknb2ulmvzm	fulltext		Nepal Journals Online	2070-4240
serial	JURNAL MANAJEMEN DAN BISNIS SRIWIJAYA	1412-4521		2018	15		2022	20				container_ipzrt3ejmve67ndw6plmq5mdlm	fulltext		Faculty of Economics, Universitas Sriwijaya	1412-4521
serial	Open Journal of Ophthalmology	2165-7408	2165-7416	2011	1		2019	9				container_stely2ibtffmpo2qqnnjzxdwgi	fulltext		Scientific Research Publishing, Inc	2165-7408
serial	Przegląd Geologiczny	0033-2151		2018	66		2020	68				container_eoi6aeprrfazfgjyssfo6gozei	fulltext		Polish Geological Institute	0033-2151
serial	Chronos	1608-7526		2018	17		2020	40				container_4mzler44crhsrbtcyz5mr4ilae	fulltext		Avicenna Journals	1608-7526
serial	Journal of Animal Environmental Science	1226-0274		2013	19		2022	24				container_fiabm46ptjgkxg7lbw5wv3usae	fulltext		The Korean Society for Livestock Housing and Environment	1226-0274
serial	Journal of Geographic Information System	2151-1950	2151-1969	2009	1		2019	11				container_jc7m3hv5efgrtjnhgiptx3iqli	fulltext		Scientific Research Publishing, Inc	2151-1950
serial	Imaging Science in Dentistry	2233-7822	2233-7830	2011	41		2018	48				container_kzlx74xuqjd7bdve43x2lhymwi	fulltext		Korean Academy of Oral and Maxillofacial Radiology (KAMJE)	2233-7822
serial	BioTech		2673-6284	2020	9		2021	10				container_vpf7nmd7wjgazazkwrf7ghks2m	fulltext		MDPI AG	2673-6284
serial	Revista Interamericana de Comunicação Midiática	1677-907X	2175-4977	2010	10		2021	20				container_zcuxbopm3jgvpbit5tbjn6bufu	fulltext		Universidade Federal de Santa Maria	1677-907X
serial	Journal of Applied and Service Climatology	2643-0223		2007	2007		2021	2021				container_lfuisif2xjfgtnedbv4wljdjii	fulltext		American Association of State Climatologists	2643-0223
serial	Media Gizi Indonesia	1693-7228	2540-8410	2016	10		2021	16				container_3qp2fphz2ffo7nqc7retpwwvma	fulltext		Universitas Airlangga	1693-7228
serial	Stilistika: Jurnal Pendidikan Bahasa dan Sastra	1978-8800	2614-3127	2018	11		2022	15				container_adc2372sfza45lvrouwmjjfmee	fulltext		Universitas Muhammadiyah Surabaya	1978-8800
serial	Asian Ethnology	1882-6865		2014	73		2017	76				container_uvfqgnel2re7jhjpcbdpes7nui	fulltext		Nanzan University	1882-6865
serial	Sehat Masada	1979-2344	2502-5414	2018	12		2022	16				container_p2ajwwfhmremzltj73cx3q4vlu	fulltext		STIKes Dharma Husada Bandung	1979-2344
serial	Revista Contexto & Saúde	1676-188X	2176-7114	2016	16		2022	22				container_pjbtnnl5yzclfcenywuzcgayam	fulltext		Editora Unijui	1676-188X
serial	Media Mahardhika: Media Komunikasi Ekonomi dan Manajemen	0854-0861	2407-4950	2019	17		2022	20				container_t27buuqyvzeftfhsrbbttxa5we	fulltext		Sekolah Tinggi Ilmu Ekonomi (STIE) Mahardika	0854-0861
serial	Jurnal Teknik Kimia	0853-0963	2721-4885	2018	24		2021	27				container_om6g7kt5ongqbdujejxsb4zpfy	fulltext		Universitas Sriwijaya - Pusat Inovasi Pembelajaran Unsri	0853-0963
serial	Ar@cne		1578-0007	2020	24		2022	26				container_23dh32w46fhulhi6agtncgy26e	fulltext		Universidad de Barcelona	1578-0007
serial	Muzeum Muzejní a vlastivedná práce	1803-0386	2533-5642	2016	54		2021	58				container_qrhtkepsf5fmdjn2j7plby5a3i	fulltext		Walter de Gruyter GmbH	1803-0386
serial	Pediatric Infection & Vaccine	2384-1079	2384-1087	2015	22		2020	27				container_bmrg7k25knbkzp6typsskxuhse	fulltext		The Korean Society of Pediatric Infectious Diseases	2384-1079
serial	Review of Economic Perspectives	1213-2446	1804-1663	2009	10		2021	21				container_sb7yc5xsfvdorlldka3rep5o6q	fulltext		De Gruyter Open Sp. z o.o.	1213-2446
serial	Antibiotics		2079-6382	2012	3		2019	8				container_7qjwjjvzkje2tjpdspmnfvu4ve	fulltext		MDPI AG	2079-6382
serial	Open Journal of Safety Science and Technology	2162-5999	2162-6006	2011	1		2019	9				container_3dasn25zkzf4vbsexwj6wvdfx4	fulltext		Scientific Research Publishing, Inc	2162-6006
serial	The Asian Journal of Kinesiology	2586-5595	2586-5552	2014	16		2022	24				container_nn44ij2stjemlittrpbpnffhda	fulltext		Korean Academy of Kinesiology	2586-5595
serial	Darnios aplinkos vystymas	2538-9017	2538-9025	2019	16		2022	19				container_7vxlvf4ynrafdc662zk4ecsnzq	fulltext		Klaipedos valstybine kolegija	2538-9017
serial	Case Reports in Otolaryngology	2090-6765	2090-6773	2011	2011		2021	2021				container_l63lb5o6szfvzho44xqgaigy5u	fulltext		Hindawi Limited	2090-6773
serial	Biomedicine Hub	2296-6862	2296-6870	2016	1		2022	7				container_4y4ck5evffcr7fdazvl7dgtexa	fulltext		S. Karger AG	2296-6870
serial	Folia biologica et geologica	1855-7996	2335-2914	2016	57		2021	62				container_h4raldkxwnfoboafnpjuyhioom	fulltext		Scientific Research Centre ZRC-SAZU	1855-7996
serial	DIMENSI (Journal of Architecture and Built Environment)	2338-7858		2007	35		2022	49				container_kyytif2iu5dhxfwllzanlxexji	fulltext		Petra Christian University	2338-7858
serial	HCA Healthcare Journal of Medicine		2689-0216	2020	1		2022	3				container_viuq2xfufbg25hpsvtsxtmrgx4	fulltext		HCA Healthcare	2689-0216
serial	Cerne	0104-7760	2317-6342	2010	16		2019	25				container_2laugz5rx5b6hmuvwxgagxvhnu	fulltext		SciELO	0104-7760
serial	Australasian Journal of Paramedicine		2202-7270	2019	16		2022	19				container_ansapz4xjvae7bzw2cximgrucm	fulltext		Paramedics Australasia	2202-7270
serial	Komunike : jurnal komunikasi penyiaran Islam	2086-3349	2597-9310	2018	10		2021	13				container_nzkztyfo6zfsbfzjccacquehem	fulltext		State Islamic University (UIN) Mataram	2086-3349
serial	REME: Revista Mineira de Enfermagem	1415-2762	2316-9389	2013	15		2018	22				container_kaacbmogs5brfcjjy7eheqcf7m	fulltext		GN1 Genesis Network	1415-2762
serial	Ornis Hungarica	1215-1610	2061-9588	2012	20		2020	28				container_pxptbt5ygnex7e57vrkw6p4b44	fulltext		De Gruyter Open Sp. z o.o.	1215-1610
serial	Mood and Emotion	1738-0960	2671-4655	2020	18		2022	20				container_2gt6ttnunfgwjg7s4jbhmg7gaa	fulltext		Korean Society for Affective Disorders	1738-0960
serial	Slovak Journal of Civil Engineering	1338-3973	1338-3973	2010	18		2020	28				container_t3ya5at5wvgvxlqmmnd54rrtxq	fulltext		De Gruyter Open Sp. z o.o.	1210-3896
serial	Mediterranean Journal of Basic and Applied Sciences		2581-5059	2020	4		2022	6				container_flbtuoxypvhwjax2nnrqly3fme	fulltext		Mediterranean Journal of Basic and Applied Sciences	2581-5059
serial	Journal of Modern Languages	1675-526X		2019	29		2021	31				container_ttj4zlimw5bidinanspzsyj67a	fulltext		Universiti Malaya. Fakulti Bahasa dan Linguistik	1675-526X
serial	Acta Medica Martiniana	1335-8421	1335-8421	2011	11		2020	20				container_sjknjx4cb5bifn6xf27sm5dniq	fulltext		Sciendo	1335-8421
serial	Open Journal of Endocrine and Metabolic Diseases	2165-7424	2165-7432	2011	1		2019	9				container_qmbbynfmbjdvhpqzovg7udfyju	fulltext		Scientific Research Publishing, Inc	2165-7424
serial	Punto cero	1815-0276	1815-0276	2019	24		2022	27				container_4qhmqesx3jesfopvfembdiogim	fulltext		Carrera de Ciencias de la Comunicación Social ; Universidada Católica Boliviana San Pablo Cochabamba	1815-0276
serial	Vietnam Journal of Science Technology and Engineering	2525-2461		2017	59		2021	63				container_hfglgrj75ngp5h4hdmhcqawqie	fulltext		Vietnam Journal of Science Technology and Engineering	2525-2461
serial	Polityka Energetyczna – Energy Policy Journal	1429-6675		2020	23		2022	25				container_4i6rxyjpa5gr3cjy34qhyijblu	fulltext		Instytut Gospodarki Surowcami Mineralnymi i Energia Polskiej Akademii Nauk	1429-6675
serial	Theologia Viatorum	0378-4142	2664-2980	2016	40		2020	44				container_js7mlbucqzfj3mxyvyqvbrc66u	fulltext		AOSIS	0378-4142
serial	Turkish Journal of Surgery	2564-6850	2564-7032	2021	37		2023	39				container_ph6gi5dytrdhldu6ksj64b2owy	fulltext		Bilimsel Tip Publishing House	2564-6850
serial	Physical activity and nutrition	2733-7545		2020	24		2022	26				container_wdq2culpybcclnyvooz5asxhne	fulltext			2733-7545
serial	American Journal of Operations Research	2160-8830	2160-8849	2011	1		2019	9				container_64fqehzdhzdu5m46zxlkozlbei	fulltext		Scientific Research Publishing, Inc	2160-8830
serial	Journal of Alzheimer s Disease Reports		2542-4823	2017	1		2018	2				container_7tptjbk7xrd37cuedm233mhfoe	fulltext		IOS Press	2542-4823
serial	The World Journal of Men's Health	2287-4208	2287-4690	2012	30		2017	35				container_7j4h56l33vg7fk6gendom2m2ru	fulltext		Korean Society for Sexual Medicine and Andrology (KAMJE)	2287-4208
serial	Petróleo, Royalties e Região		1980-6310	2020	17		2023	21				container_qw6yxkhaergszjq5l2czaqu3wi	fulltext		Petroleo, Royalties e Regiao	1980-6310
serial	Korean Journal of Clinical Pharmacy	1226-6051	2508-786X	2017	27		2021	31				container_uen5nt2nmfecbi74w46i4rgyry	fulltext		The Korean College of Clinical Pharmacy	1226-6051
serial	Biodiversity Observations	2219-0341		2019	10		2023	13				container_4wghbhk22bf4jdjluo3c2tatba	fulltext		University of Cape Town	2219-0341
serial	Revista Brasileira de Saúde Ocupacional	0303-7657	2317-6369	2004	29		2020	45				container_unm4pyhe3neublzohlyfdgqu4i	fulltext		SciELO	0303-7657
serial	Journal of Water Resource and Protection	1945-3094	1945-3108	2009	1		2018	9				container_mfw5qqgaezbkhai6rr26etjmau	fulltext		Scientific Research Publishing, Inc	1945-3094
serial	Indonesian Mining Journal	0854-9931	2527-8797	2017	19		2021	24				container_ygouw75l4ffpdnlzisrlmij7zy	fulltext		Puslitbang tekMIRA	0854-9931
serial	Natural Resources	2158-706X	2158-7086	2010	1		2019	10				container_yjpibykmlrfdjapiypkkkzqsaa	fulltext		Scientific Research Publishing, Inc	2158-706X
serial	Galician medical journal	2306-4285	2414-1518	2019	26		2022	29				container_6moxfxay2fgj7op6ogx2lsow6u	fulltext		Ivano-Frankivsk National Medical University	2414-1518
serial	Natural Science	2150-4091	2150-4105	2009	1		2018	10				container_h6mtc3fujvaonj7t5izdcljls4	fulltext		Scientific Research Publishing, Inc	2150-4091
serial	Open Journal of Anesthesiology	2164-5531	2164-5558	2011	1		2019	9				container_ia5nrbhdlngj3lufwzyyngsr3m	fulltext		Scientific Research Publishing, Inc	2164-5531
serial	Wayamba Journal of Management	2012-6182		2014	10		2021	12				container_3ak36c5uhbf6pjz255uk6eexui	fulltext		Sri Lanka Journals Online	2012-6182
serial	Journal of Information Security	2153-1234	2153-1242	2010	1		2019	10				container_fwygz7e3z5d5rdz63lntpjwy6y	fulltext		Scientific Research Publishing, Inc	2153-1234
serial	Diacrítica	0870-8967	2183-9174	2017	31		2019	33				container_ded3qaf5tvd4fobv533wwrqh2m	fulltext		University of Minho	0870-8967
serial	Anesthesia and Pain Medicine	2383-7977	1975-5171	2016	11		2021	16				container_gkgwyuh55ncofedqcnwpemm35q	fulltext		The Editorial Office of Anesthesia and Pain Medicine	1975-5171
serial	BISMA	1978-3108	2623-0879	2020	14		2022	16				container_ydvmie56yvc27ohszrwg62wtbm	fulltext		UPT Penerbitan Universitas Jember	1978-3108
serial	Physical Education of Students	2075-5279	2308-7250	2015	19		2019	23				container_sjsyyvwdkba5bidqbwvat2l6nm	fulltext		H.S. Skovoroda Kharkov National Pedagogical University	2308-7250
serial	Edukasi: Jurnal Pendidikan	1829-8702	2407-1803	2019	17		2021	19				container_lq7zk47myzhxba7uivs6qzi4bm	fulltext		LPPM IKIP PGRI Pontianak	1829-8702
serial	Regional blood circulation and microcirculation	1682-6655	2712-9756	2015	14		2022	21				container_5fjy7wc7irh4pg5z4m3ftzrkz4	fulltext		FSBEI HE I.P. Pavlov SPbSMU MOH Russia	1682-6655
serial	Nepal Medical College Journal	2676-1319	2676-1424	2020	22		2021	23				container_e2cygih6gvcz5ndfkuhmas4msa	fulltext		Nepal Journals Online	2676-1424
serial	Revista Brasileira de Biometria	0102-0811	1983-0823	2018	36		2021	39				container_ppttwlg54fdklp2ezggpnu7lci	fulltext		Revista Brasileira de Biometria	0102-0811
serial	Lékař a technika	0301-5491	2336-5552	2018	49		2022	53				container_jkixwytw55fezjykniuebgzkcy	fulltext		Czech Technical University in Prague - Central Library	0301-5491
serial	Institutions and Economies	2232-1640	2232-1349	2020	13		2022	14				container_pp6ca2ikizberkkbdlnr5sr4le	fulltext		Fakulti Ekonomi dan Pentadbiran	2232-1349
serial	JURNAL TRITON	2085-3823	2745-3650	2020	11		2022	13				container_a7dmtgths5d7bmdoxv2qbicolm	fulltext		Politeknik Pembangunan Pertanian Manokwari	2085-3823
serial	Cubo (Temuco)	0716-7776	0719-0646	2013	15		2021	23				container_mo5u6m7x4zbdlbsakrn3in5vpq	fulltext		SciELO Comision Nacional de Investigacion Cientifica Y Tecnologica	0716-7776
serial	Latin American Journal of Solids and Structures	1679-7817	1679-7825	2010	10		2019	16				container_5xiwohqzf5gjtaiuxgz2dyqgie	fulltext		SciELO	1679-7817
serial	Biochemistry Research International	2090-2247	2090-2255	2010	2010		2021	2021				container_332lb6rcszc3ne3efve7r3s2oi	fulltext		Hindawi Limited	2090-2247
serial	SLUT journal of mathematics	0916-5746		1995	31		2023	59				container_ozj5qr6dzbfubaphasrcyarwea	fulltext		Science University of Tokyo	0916-5746
serial	Medicina Fluminensis	1847-6864	1848-820X	2017	53		2023	59				container_dlooqidwzbbe7kpr5kqewstbx4	fulltext		University of Rijeka, Faculty of Medicine	1847-6864
serial	Counsellia: Jurnal Bimbingan dan Konseling	2088-3072	2477-5886	2019	10		2022	12				container_h2kjzzcqo5afpptc5dkfaxgsbq	fulltext		Universitas PGRI Madiun	2088-3072
serial	Civil War Book Review	1528-6592	1528-6592	2018	12		2023	25				container_wql2zftp6vfr3o2dtmcaqpwlxa	fulltext		Louisiana State University Libraries	1528-6592
serial	Research in Vestibular Science	2092-8882	2093-5501	2019	18		2021	20				container_zfshcqwx4rg4bb4ivuhiigrtay	fulltext		The Korean Balance Society	2092-8882
serial	Management şi Marketing	1842-0206	2069-8887	2015	10		2020	15				container_tsau6vmkvbfn3ixpqcs65kbgwu	fulltext		Walter de Gruyter GmbH	1842-0206
serial	Universidad y Salud	0124-7107	2389-7066	2015	17		2022	24				container_x3pheqmyuzbprm56g6awfh342m	fulltext		Universidad de Nariño	0124-7107
serial	Strategic studies. Quarterly journal	1029-0990	1811-9557	2018	38		2021	40				container_sl7cwohwnnhkxe6o4l2luaacli	fulltext		Institue of Strategic Studies, Islamabad	1029-0990
serial	Journal of Addiction	2090-7834	2090-7850	2013	2013		2022	2022				container_txbr3yx2f5gyzojlvclxzlsdgm	fulltext		Hindawi Limited	2090-7850
serial	Comparative Theatre Review	1347-2720	2186-5094	2011	11		2022	21				container_f7q53yi2uzfqhca35xakzypfly	fulltext		Japanese Society for Theatre Research, Comparative Theatre Section	1347-2720
serial	International Review of Social Psychology	2119-4130	2397-8570	2016	29		2022	35				container_ktf4upwbkffzxkfaweiuhzezqy	fulltext		Ubiquity Press	2397-8570
serial	World Journal of Vaccines	2160-5815	2160-5823	2011	1		2021	11				container_kkzooun7tvhsvm2ya2bicnsw44	fulltext		Scientific Research Publishing, Inc	2160-5815
serial	Electronic Journal of Knowledge Management	1479-4411	1479-4411	2020	18		2021	19				container_rvmxlgfomnbsfggpaf66clodda	fulltext		Academic Conferences and Publishing International	1479-4411
serial	Journal of Hydrology and Hydromechanics	0042-790X	1338-4333	2009	57		2020	68				container_oq7w5grcfrf4pcl3mfnunqcmyq	fulltext		De Gruyter Open Sp. z o.o.	0042-790X
serial	Reaktor	0216-2695	2614-8943	2018	15		2022	19				container_2txoenctxnh6hokl7idq2ylvv4	fulltext		National Atomic Energy Agency of Indonesia (BATAN)	2614-8943
serial	Iberoamericana: Nordic Journal of Latin American and Caribbean Studies	0046-8444	2002-4509	1977	10		2021	50				container_pw662zk7png3hoxnich7gb3cti	fulltext		Stockholm University Press	0046-8444
serial	International Studies Interdisciplinary Political and Cultural Journal	1641-4233	2300-8695	2011	13		2023	28				container_ib6626s4xvharcmgk2k5sbuqku	fulltext		Uniwersytet Lodzki (University of Lodz)	1641-4233
serial	Brazilian Journal of Pharmaceutical Sciences	1984-8250	2175-9790	2009	45		2019	55				container_6ddeoh2wwffi3m5p3fi6vb67lu	fulltext		SciELO	1984-8250
serial	Cybernetics and Information Technologies	1314-4081	1314-4081	2012	12		2020	20				container_yqncwzlovvhvhktpm65k4wwuoe	fulltext		De Gruyter Open Sp. z o.o.	1311-9702
serial	Romanian Journal of Stomatology	1843-0805	2069-6078	2016	62		2019	65				container_cpeow4qngjh5nncuzqaheygn2i	fulltext		AMALTEA Medical Publishing House	1843-0805
serial	Ganendra: Majalah IPTEK Nuklir	1410-6957	2503-5029	2018	21		2021	24				container_k4akzcmcvvarxixilsad7so7qm	fulltext		Pusat Sains dan Teknologi Akselerator (PSTA)	1410-6957
serial	African Human Rights Law Journal	1609-073X	1996-2096	2015	15		2023	22				container_trakwhndjfhbvgyuqjijink3ja	fulltext		Academy of Science of South Africa	1609-073X
serial	UNDAS Jurnal Hasil Penelitian Bahasa dan Sastra	1858-4470	2685-6107	2020	16		2022	18				container_mfbm3ovemneyfetmzwffrcm65e	fulltext		Badan Pengembangan dan Pembinaan Bahasa	1858-4470
serial	International Journal of Electronics and Telecommunications	0867-6747	0867-6747	2013	59		2014	60				container_rzjgcrrtlndvnori2fbhpzjwne	fulltext		De Gruyter Open Sp. z o.o.	0867-6747
serial	Stem Cell Discovery	2161-6760	2161-6787	2011	1		2021	11				container_3wejyl3tqvcn7bzsdbrzumxok4	fulltext		Scientific Research Publishing, Inc	2161-6760
serial	Jurnal Pendidikan Luar Sekolah	1858-3628		2019	13		2020	14				container_n7yi4fyrpnacxf3nbn6kbojgjm	fulltext		LPPM Universitas Ibn Khaldun Bogor	1858-3628
serial	Child Neurology	1230-3690	2451-1897	2015	24		2023	32				container_oglupd42a5attly2cmqbgw5tdq	fulltext		Polish Society of Child Neurologists	1230-3690
serial	South Australian Geographical Journal	1030-0481	1030-0481	2012	111		2019	115				container_64cgnxmrc5de7l55zdfkwwsi6y	fulltext		Exeley, Inc	1030-0481
serial	Revista de la Facultad de Trabajo Social	0121-1722	2390-0059	2016	32		2020	35				container_deiujgsb4zfipegugvprtn6clq	fulltext		Universidad Pontificia Bolivariana	0121-1722
serial	International Journal of Organic Chemistry	2161-4687	2161-4695	2011	1		2019	9				container_v3245fu3rnaarj2red46axdtei	fulltext		Scientific Research Publishing, Inc	2161-4687
serial	Ágora para la Educación Física y el Deporte	1578-2174	1989-7200	2017	19		2021	23				container_v77k6xwjc5ez5cnp233vhw75qm	fulltext		Ediciones Universidad de Valladolid	1578-2174
serial	صحیفة الألسن		2682-4787	2020	36		2022	38				container_yn3ocyfezbfx7eraw7izgwbn7u	fulltext		Egypts Presidential Specialized Council for Education and Scientific Research	1687-3718
serial	Žemės ūkio mokslai	1392-0200	1392-0200	2011	18		2022	29				container_zaivh5feujcspeyn2yx6fditby	fulltext		Lithuanian Academy of Sciences	1392-0200
serial	Geoingá: Revista do Programa de Pós-Graduação em Geografia		2175-862X	2019	11		2020	12				container_5dpz2mrxbnhplbexhegoweojia	fulltext		Universidade Estadual de Maringá	2175-862X
serial	Journal of Soft Computing and Applications	2195-576X	2195-576X	2012	2012		2018	2018				container_adzfpd6f3rhdxm4daip5htzj64	fulltext		ISPACS GmbH	2195-576X
serial	DIA Jurnal Ilmiah Administrasi Publik	0216-6496	2615-7268	2017	15		2020	18				container_na5xla6ztjg5vbd7xirsmrzpua	fulltext		Universitas 17 Agustus 1945 Surabaya	0216-6496
serial	Annales Universitatis Paedagogicae Cracoviensis. Studia ad Didacticam Litterarum Polonarum et Linguae Polonae	2082-0909	2450-5013	1970	10		2020	11				container_7hy6crffejepzcc73qzbyy4owu	fulltext		Uniwersytet Pedagogiczny im. Komisji Edukacji Narodowej (Kraków)	2082-0909
serial	Acta Chemica Iasi	2067-2438	2067-2446	2013	21		2022	30				container_u5457uop3zffpgao2d3wezs3wq	fulltext		De Gruyter Open Sp. z o.o.	2067-2446
serial	Discusiones Filosóficas	0124-6127	2462-9596	2017	18		2022	22				container_l44wx4sbsjevde5bblgyrztlxu	fulltext		Universidad de Caldas	0124-6127
serial	Journal of Fuzzy Set Valued Analysis	2193-4169	2193-4169	2011	2011		2019	2019				container_yarfsf46nndiximazh6cqtlohe	fulltext		ISPACS GmbH	2193-4169
serial	Journal of Tropical Silviculture	2086-8227	2807-3282	2021	12		2022	13				container_url3epuc5zaihbuupsqo7gu4im	fulltext		Institut Pertanian Bogor	2086-8227
serial	Revista Em Tempo	1516-8964	1984-7858	2016	14		2018	17				container_6iynutmi75f4jb5pzxxjopzg54	fulltext		Journal on Advances in Theoretical and Applied Informatics	1516-8964
serial	Sæculum – Revista de História	0104-8929	2317-6725	2017	24		2021	40				container_bk37f22l25flhc2wkowtt2vfzi	fulltext		Portal de Periodicos UFPB	0104-8929
serial	Journal of Bio-Science	1023-8654	1023-8654	2007	14		2022	29				container_yczz7bu3hfdmtor3xwzfq2ukay	fulltext		Bangladesh Journals Online	1023-8654
serial	Journal of the Japanese Coronary Association	1341-7703	2187-1949	2017	23		2018	24				container_jotu7yxmgfg6jfaslp32ws5q7y	fulltext		The Japanese Coronary Association	1341-7703
serial	Revista del Archivo General de la Nación	0259-2371	2707-2746	2014	29		2022	37				container_qnxqyrapdbh4xckgxnwpaliavm	fulltext		Archivo General de la Nacion - Peru	0259-2371
serial	Bulletin of the Institute of Combinatorics and its Applications	1183-1278		2017	79		2021	92				container_elgvcxjdovbr3ilfdegjur2l5y	fulltext		The Institute	1183-1278
serial	The Journal of Information and Systems in Education	1348-236X	2186-3679	2011	10		2020	19				container_43maobgbzvcyvohydqb7adzjk4	fulltext		Japanese Society for Information and Systems in Education	1348-236X
serial	Jurnal Ilmiah SINUS	1693-1173	2548-4028	2017	15		2022	20				container_xre47elmerh7lkf2m7bnrymxoq	fulltext		STMIK Sinar Nusantara Surakarta	1693-1173
serial	Geology Geophysics & Environment	0138-0974		2018	44		2021	47				container_rmzripyjifc45ka3lfoppn7o6e	fulltext		AGH University of Science and Technology Press	0138-0974
serial	Acrocephalus	0351-2851	2199-6067	2009	30		2018	39				container_t3oblkhe3fawxesa4cwhnd7wwm	fulltext		De Gruyter Open Sp. z o.o.	0351-2851
serial	Transport technic and technology		2585-8084	2018	14		2020	16				container_46t5xfsr5zcbvff3i4z354invq	fulltext		De Gruyter Open Sp. z o.o.	2585-8084
serial	Tip revista especializada en ciencias químico-biológicas	1405-888X	2395-8723	2018	21		2021	24				container_dgffk5hwtjhnzdddfioqz3oxom	fulltext		Universidad Nacional Autonoma de Mexico	2395-8723
serial	JUXTA Jurnal Ilmiah Mahasiswa Kedokteran Universitas Airlangga	1907-3623	2684-9453	2020	11		2023	14				container_qaoo7fr24nhibbkfnbka6mz2my	fulltext		Universitas Airlangga	1907-3623
serial	Jurnal Pengembangan Energi Nuklir	1410-9816	2502-9479	2020	22		2021	23				container_47t7zoygwzbyxgxe35e6qlvdqu	fulltext		National Atomic Energy Agency of Indonesia (BATAN)	2502-9479
serial	journal australiasian society aerospace medicine	1449-3764	2639-6416	2018	10		2021	13				container_nzcrvg7movbibeepkef6fghdxa	fulltext		Exeley, Inc	1449-3764
serial	Sarwahita	0216-7484	2597-8926	2014	11		2021	17				container_t47j357tknerriq32v3dha6uau	fulltext		Universitas Negeri Jakarta	0216-7484
serial	Yearbook of Finno-Ugric Studies	2224-9443	2311-0333	2012	13		2021	15				container_zelzqomuofdz3ah6qg2ewc3mum	fulltext		Udmurt State University	2224-9443
serial	Lentera Pendidikan: Jurnal Ilmu Tarbiyah dan Keguruan	1979-3472	2580-5223	2018	21		2021	24				container_vu3ajcqqzzgbbejjxgxkz2lluu	fulltext		Universitas Islam Negeri Alauddin Makassar	2580-5223
serial	Górnośląskie Studia Socjologiczne	0072-5013		2020	11		2021	12				container_qihbfnf3gba7ng5xniyx6ooz6a	fulltext		Wydawnictwo Uniwersytetu Slaskiego ; CEEOL	0072-5013
serial	Cluj Veterinary Journal	2066-9399		2009	15		2022	27				container_fyqyt34l5fbszpbk4tgcadxfvy	fulltext		Societatea Romana Veterinara de Neurologie Neurochirurgie si Medicina Comportamentala	2066-9399
serial	Publica: Jurnal Pemikiran Administrasi Negara	2085-6555	2715-9256	2020	12		2022	14				container_m2qi3zwpa5gfvdpadcmzytd3dq	fulltext		Sunan Gunung Djati State Islamic University of Bandung	2085-6555
serial	Loquen: English Studies Journal	1979-9500	2621-1998	1970	10		2022	14				container_mp3f752s2vhjflpwp3l3hnwufi	fulltext		Lembaga Penelitian dan Pengabdian kepada Masyarakat (LP2M) Universitas Islam Negeri (UIN) Sultan Maulana Hasanuddin Banten	1979-9500
serial	Archives Animal Breeding	0003-9438	2363-9822	1999	42		2021	64				container_asco2qwhtbcyvojp6vmavfasc4	fulltext		Copernicus GmbH	0003-9438
serial	Agriculture	0551-3677	1338-4376	2011	57		2020	66				container_gdusha23svgfplntpcael5fo44	fulltext		De Gruyter Open Sp. z o.o.	0551-3677
serial	Bangunan	0852-2480		2019	24		2021	26				container_7oyodeddn5dfrpa3pn3vxli36m	fulltext			0852-2480
serial	INTERNATIONAL JOURNAL OF ADVANCED RESEARCH IN ENGINEERING & TECHNOLOGY	0976-6480	0976-6499	2020	11		2021	12				container_zawgukdobfeivhbb2lz2dw63wq	fulltext		IAEME Publication Chennai	0976-6480
serial	Low Carbon Economy	2158-7000	2158-7019	2010	1		2019	10				container_fk6pts6ykjebhan7bp5do6iqya	fulltext		Scientific Research Publishing, Inc	2158-7000
serial	Journal of Chemistry	2090-9063	2090-9071	2013	2013		2014	2014				container_d464oyarorcjjdsif2szpik6ti	fulltext		Hindawi Limited	2090-9071
serial	Modelling and Data Analysis	2219-3758	2311-9454	2019	9		2020	10				container_xkzibmtdmvaajjvxv2pp6zupoi	fulltext		Federal State-Financed Educational Institution of Higher Education Moscow State University of Psychology and Education	2219-3758
serial	Психолінгвістика	2309-1797	2415-3397	2018	24		2021	32				container_i6l2pzwydveczpomuavzb2vjlq	fulltext		Pereiaslav-Khmelnytskyi Hryhorii Skovoroda State Pedagogical University	2309-1797
serial	Staff Studies	1391-3743		2009	33		2019	49				container_rgwfznpvlvfnllrantjbcigr6a	fulltext		Sri Lanka Journals Online	1391-3743
serial	Media Ekonomi dan Manajemen	0854-1442	2503-4464	2016	27		2022	37				container_3hyx4gbegbhflitrn27irrdbdi	fulltext		Universitas 17 Agustus 1945 (UNTAG) Semarang	0854-1442
serial	Journal of Civil Engineering	2086-1206	2579-9029	2009	29		2022	37				container_jqpvllsk5nbpzlifjiszfod2fq	fulltext		Lembaga Penelitian dan Pengabdian kepada Masyarakat ITS	2086-1206
serial	Comparative Law Review	0866-9449	2391-7644	2013	15		2022	28				container_b6v5pcyh3nbhhe6m5fxduggkvi	fulltext		Uniwersytet Mikolaja Kopernika/Nicolaus Copernicus University	0866-9449
serial	Sociology Mind	2160-083X	2160-0848	2011	1		2020	10				container_uckcv37mtfdhplsqs7k6t5cxom	fulltext		Scientific Research Publishing, Inc	2160-0848
serial	Modern Medicine	1223-0472	2360-2473	2019	26		2022	29				container_su4m3jbf4fg4beaifsqb2gsy24	fulltext		CMMB-Colegiul Medicilor Municipiul Bucuresti	1223-0472
serial	Kanun: Jurnal Undang-undang Malaysia	0128-2670	2682-8057	2020	32		2022	34				container_4nl6a462kbdgvknjx3oavlovg4	fulltext		Dewan Bahasa dan Pustaka	0128-2670
serial	Jurnal Penyuluhan Perikanan dan Kelautan	1978-6514	2684-8651	2019	13		2022	16				container_2oztbwtpmbhq5krfxmhuiddgqe	fulltext		Jurusan Penyuluhan Perikanan Sekolah Tinggi Perikanan	1978-6514
serial	International Journal of Analytical Chemistry	1687-8760	1687-8779	2009	2009		2021	2021				container_fxolkpfuofe6hkiydswgxdyfb4	fulltext		Hindawi Limited	1687-8760
serial	Učenye Zapiski Sankt-Peterburgskogo Gosudarstvennogo Medicinskogo Universiteta im. Akad. I.P. Pavlova	1607-4181	2541-8807	2014	21		2022	29				container_oi7dyujmxfcptnvfazructlgxe	fulltext		FSBEI HE I.P. Pavlov SPbSMU MOH Russia	1607-4181
serial	AGRICULTURE UPDATE	0973-1520	0976-6847	2014	10		2020	15				container_iydvalee4ffrzkhrk7fhi27uja	fulltext		Hind Agri Horticultural Society	0973-1520
serial	Media-N, Journal of the New Media Circus	2159-6891	1942-017X	2018	13		2022	18				container_zf5dpbklbngofbowseghuukavm	fulltext		New Media Caucus	1942-017X
serial	PPAR Research	1687-4757	1687-4765	2006	2006		2022	2022				container_gonyxohaobcflji4pd4ogfkb3q	fulltext		Hindawi Limited	1687-4757
serial	Journal of Biological Macromolecules	1347-2194	2187-3240	2013	13		2023	23				container_2i534kf2fbdlpd6uqfpqv7hu3i	fulltext		Japan Science Society of Biological Macromolecules	1347-2194
serial	Jurnal Penelitian Sains	1410-7058	2597-7059	2019	21		2021	23				container_mqjaxjnex5ftzkizytqt57nq5m	fulltext		Universitas Sriwijaya - Pusat Inovasi Pembelajaran Unsri	1410-7058
serial	Foods	2304-8158	2304-8158	2012	7		2018	8				container_jvdxjgz2vnfzhkpzsdn2pnz2pa	fulltext		MDPI AG	2304-8158
serial	Prostate Cancer	2090-3111	2090-312X	2011	2011		2023	2023				container_h3itgg6n3ncbxb4oysiawszihe	fulltext		Hindawi Limited	2090-312X
serial	Moravian Geographical Reports	1210-8812	2199-6202	2013	21		2020	28				container_nghe6hyqnjf3vm4wprlxytvkpy	fulltext		De Gruyter Open Sp. z o.o.	1210-8812
serial	Journal of Health and Care	2228-6799	2322-3391	2019	21		2021	22				container_7y5fm2oggvhwtkx7k2k7j6yabq	fulltext		Armenian Green Publishing Co.	2228-6799
serial	Creative Education	2151-4755	2151-4771	2010	1		2018	9				container_4lzxrva6bngnbf3sdl7bonm32u	fulltext		Scientific Research Publishing, Inc	2151-4755
serial	Measurement Science Review	1335-8871	1335-8871	2008	10		2020	20				container_jx4g6sjrrffvvm3ypedhd7eoyi	fulltext		De Gruyter Open Sp. z o.o.	1335-8871
serial	Biology	2079-7737	2079-7737	2011	7		2019	8				container_j5h4zct24vcofi5scx6ttoapnq	fulltext		MDPI AG	2079-7737
serial	McGill Journal of Education	0024-9033	1916-0666	1982	17		2020	54				container_xnlrbdhdgzer7jxwdu753iksii	fulltext		Consortium Erudit	0024-9033
serial	Nordisk tidsskrift for utdanning og praksis		2535-7697	2019	13		2020	14				container_sx2ou7kd5jdudcwnjttdxef2na	fulltext		Cappelen Damm AS - Cappelen Damm Akademisk	2535-7697
serial	Investigative and Clinical Urology	2466-0493	2466-054X	2016	57		2018	59				container_wyutvwpljzcjzddqqhgfoxlpvm	fulltext		The Korean Urological Association (KAMJE)	2466-0493
serial	Open Journal of Epidemiology	2165-7459	2165-7467	2011	1		2019	9				container_bovb37wsrjfy7gzhq3v5bqemaq	fulltext		Scientific Research Publishing, Inc	2165-7459
serial	Journal of Metallic Materials	2657-747X		2019	71		2022	74				container_qucikhj6vnalndzy6o7ze5f75y	fulltext		Instytut Metalurgii Zelaza im. St. Staszica	2657-747X
serial	REM: International Engineering Journal		2448-167X	2016	69		2021	74				container_q6y3idgiunhppo5fv4waslf75m	fulltext		SciELO	2448-167X
serial	Cuadernos de Psicologia del Deporte	1578-8423	1989-5879	2012	12		2023	23				container_wb47yc4akfbetgkpaneslfph7u	fulltext		Instituto de Salud Carlos III/BNCS/SciELO Espana	1578-8423
serial	E & M Ekonomie a Management	1212-3609		2014	17		2022	25				container_iqfd5ntouffczjycslenvqbndi	fulltext		Technical University of Liberac	1212-3609
serial	Perspektif	1411-8637	2550-1178	2019	17		2022	20				container_oxq45aqhgnebhpacbaqj5mtp5m	fulltext		Universitas Bina Sarana Informatika	1411-8637
serial	Chinese Medicine	2151-1918	2151-1926	2010	1		2019	10				container_w2rvbqtlpfgvzm3uyluofotdle	fulltext		Scientific Research Publishing, Inc	2151-1918
serial	Open Journal of Preventive Medicine	2162-2477	2162-2485	2011	1		2019	9				container_h5w2l3eah5c73bzvkmvinpuauy	fulltext		Scientific Research Publishing, Inc	2162-2485
serial	Studies in Ancient Art and Civilisation	0083-4300	2449-867X	1970	18		2021	25				container_hqd233vzvvd45gs2osyhbcouxu	fulltext		Ksiegarnia Akademicka Sp. z.o.o.	1899-1548
serial	Scientific Messenger of LNU of Veterinary Medicine and Biotechnologies	2519-2698	2707-5834	2019	21		2021	23				container_jxyvecuxhrdbzffd44ac5ztyli	fulltext		Stepan Gzhytskyi National University of Veterinary Medicine and  Biotechnologies Lviv	2519-2698
serial	Jaffna Medical Journal	0379-3877	2651-0200	2018	30		2021	33				container_fuccsk7ct5cnrbiskek2e5pify	fulltext		Sri Lanka Journals Online (JOL)	0379-3877
serial	Revista Academiei Forţelor Terestre	1582-6384	2247-840X	2017	22		2020	25				container_daaokc5pgna7hivhr3hvsu7w4i	fulltext		Walter de Gruyter GmbH	1582-6384
serial	Revista de filosofía DIÁNOIA	1870-4913	0185-2450	2018	63		2022	67				container_u34aq56invbnbghyw2gui53uya	fulltext		Instituto de Investigaciones Filosóficas de la Universidad Nacional Autónoma de México	1870-4913
serial	Journal of Radiation Protection and Research	0253-4231	2466-2461	2012	37		2021	46				container_t56moazavzgwvlpbwkujt7uxge	fulltext		Korean Association for Radiation Protection	0253-4231
serial	The Korean Association of General Education	1976-3212	2714-1101	2020	14		2021	15				container_xhv5y66bnnb4jbnk4gr5uopcni	fulltext		The Korean Association of General Education	1976-3212
serial	Open Journal of Rheumatology and Autoimmune Diseases	2163-9914	2164-005X	2011	1		2019	9				container_gcgfisy2f5g7tmv2zi5ldm3dgq	fulltext		Scientific Research Publishing, Inc	2163-9914
serial	Journal of engineering science	2075-4914	2706-6835	2020	11		2022	12				container_auydn5ora5hy7lst4ozhzwj35q	fulltext		Bangladesh Journals Online	2075-4914
serial	Vjesnik Arheološkog muzeja u Zagrebu	0350-7165	1849-1561	2021	54		2022	55				container_lgdrok2rtfa2lonzlsalmr5pnu	fulltext		Arheološki muzej u Zagrebu	0350-7165
serial	Advances in Physical Education	2164-0386	2164-0408	2011	1		2018	8				container_a7earrfapnbwhjxlztvs5ssnee	fulltext		Scientific Research Publishing, Inc	2164-0386
serial	Open Journal of Fluid Dynamics	2165-3852	2165-3860	2011	1		2019	9				container_engbdotvyre6zh4xk7ifl6ubzi	fulltext		Scientific Research Publishing, Inc	2165-3852
serial	Ukrainian Chemistry Journal	2708-1281	2708-129X	2020	86		2021	87				container_x7krycdzzfgxnkah6puxockvqu	fulltext		V.I. Vernadsky Institute of General and Inorganic Chemistry	2708-1281
serial	Journal of Dental Anesthesia and Pain Medicine	2383-9309	2383-9317	2015	15		2018	18				container_z3ju4ojuhnb4hmjt2ss6y3j7mu	fulltext		The Korean Dental Society of Anesthesiology (KAMJE)	2383-9309
serial	Nursing Arts	1978-6298	2686-133X	2019	13		2021	15				container_qrl3t6oesjetvfwznp4dz6ksrm	fulltext		Poltekkes Kemenkes Sorong	1978-6298
serial	Wireless Engineering and Technology	2152-2294	2152-2308	2010	1		2020	11				container_qt7eym4ry5fn3m7ooonjs2wb3a	fulltext		Scientific Research Publishing, Inc	2152-2294
serial	Case Reports in Dentistry	2090-6447	2090-6455	2011	2011		2020	2020				container_fnj37j3rcfgf7f7j5ridqp5nwm	fulltext		Hindawi Limited	2090-6455
serial	Case Reports in Infectious Diseases	2090-6625	2090-6633	2011	2011		2021	2021				container_fw6wphp5mnde7gorvc7hpma6mu	fulltext		Hindawi Limited	2090-6633
serial	Arquivos de Ciências da Saúde da UNIPAR	1415-076X	1982-114X	2015	18		2020	24				container_zc5gozf2zjepxcpcnqryuwy26a	fulltext		Universidade Paranaense	1415-076X
serial	Musicology Today	1734-1663	2353-5733	2013	10		2019	16				container_ehboc2z75fd7jan733mealu3ea	fulltext		De Gruyter Open Sp. z o.o.	1734-1663
serial	Science and technology magazine	1810-6781	2306-2002	2020	16		2021	17				container_rtmf3k647jdsba726rffitahje	fulltext		Universidad Nacional de Trujillo	1810-6781
serial	Personifikasi. Jurnal ilmu psikologi	2087-4774		2021	12		2022	13				container_cysi6lojc5g3va46f45lj5va4a	fulltext		Prodi Psikologi, Universitas Trunojoyo Madura	2087-4774
serial	International Journal of Computers		1998-4308	2021	15		2022	16				container_g6g2jocjvbak5odljnwheyjrcq	fulltext		North Atlantic University Union (NAUN)	1998-4308
serial	Anglo-Saxónica	0873-0628	0873-0628	2020	17		2022	20				container_5od5lexhu5gq5ky53v5vllj6gu	fulltext		University of Lisbon Centre for English Studies	0873-0628
serial	Hoehnea	0073-2877	2236-8906	2007	34		2020	47				container_7c4ul7xybrbzta7swy77utiefu	fulltext		SciELO	0073-2877
serial	Archivum	0570-7218	2341-1120	2011	26		2022	72				container_ky2hkqgqb5eldmxhsbeit2j2ge	fulltext		Universidad de Oviedo	0570-7218
serial	General Psychiatry	2096-5923	2517-729X	2018	31		2022	35				container_ch7etjfn6zdrpjb24k5xab53ie	fulltext		BMJ	2517-729X
serial	Media Education	2038-3010	2038-3010	2019	10		2021	12				container_beohkcruljhylf2nu2s23pufkq	fulltext		Firenze University Press	2038-3002
serial	Nursing Research and Practice	2090-1429	2090-1437	2010	2010		2021	2021				container_ij5uxc3agjcajbsvwckdgqkweq	fulltext		Hindawi Limited	2090-1429
serial	International Journal of Hepatology	2090-3448	2090-3456	2011	2011		2021	2021				container_dmonl7dsonew7pe5mvq4pieazy	fulltext		Hindawi Limited	2090-3456
serial	Journal of Service Science and Management	1940-9893	1940-9907	2008	1		2018	11				container_y2oqgxh455dmnpjzuv4rbx7cdi	fulltext		Scientific Research Publishing, Inc	1940-9893
serial	Annals of Geriatric Medicine and Research	2508-4798	2508-4909	2016	20		2021	25				container_hfkpqifvpfgxhdr2i55qcj7gfq	fulltext		Korea Geriatrics Society	2508-4798
serial	Korean Circulation Journal	1738-5520	1738-5555	2009	39		2018	48				container_djiytrsk6zgx7jtef6p566kcsi	fulltext		The Korean Society of Cardiology (KAMJE)	1738-5520
serial	Dental Journal: Majalah Kedokteran Gigi	1978-3728	2442-9740	2005	38		2021	54				container_vi6z7zqs2fer7eofps3htmhdey	fulltext		Universitas Airlangga	1978-3728
serial	American Journal of Molecular Biology	2161-6620	2161-6663	2012	2		2019	9				container_ghrh5xzxmvgdxoqq7j42pugmfm	fulltext		Scientific Research Publishing, Inc	2161-6620
serial	Irish Veterinary Journal	2046-0481	2046-0481	2004	57		2019	72				container_or3pf3vjkrg7bo5kpvcvhhcue4	fulltext		Springer (Biomed Central Ltd.)	2046-0481
serial	Japanese Journal of Health and Human Ecology	2432-6712	2432-6720	2018	84		2022	88				container_f5llwzim75c7romndrjfd4fyue	fulltext		The Japanese Society of Health and Human Ecology	2432-6712
serial	Applied Computer Systems	2255-8691	2255-8691	2012	13		2020	25				container_s4xq442w2bevfas3y4s5ikgsmq	fulltext		Sciendo	2255-8691
serial	Studia theologica	1212-8570	2570-9798	2013	15		2018	20				container_hfd5v6zd45aepj7lddzld2dieu	fulltext		Palacky University Olomouc	1212-8570
serial	Open Journal of Psychiatry	2161-7325	2161-7333	2011	1		2019	9				container_2ntiqcfoqrdmtdsi5itwyhet44	fulltext		Scientific Research Publishing, Inc	2161-7325
serial	Estudios de Deusto	0423-4847	2386-9062	1970	41		2020	68				container_tctvssdkozbl7lt7skzpfvyd64	fulltext		University of Deusto	0423-4847
serial	Mìkrosistemi, Elektronìka ta Akustika	2523-4447	2523-4455	2017	22		2021	26				container_phcbcq4alfa4va5uz52zn7bqq4	fulltext		Kyiv Politechnic Institute	2523-4447
serial	Revista faz ciência	1677-0439	1983-148X	2013	19		2023	24				container_ohwz33ks65hmvaapbzsi6puclu	fulltext		Universidade Estadual do Oeste do Paraná	1677-0439
serial	Biogeographia – The Journal of Integrative Biogeography	1594-7629	2475-5257	2020	35		2022	37				container_2f5hzwxm4bgcjnkmbvnpupfa5e	fulltext		California Digital Library (CDL)	2475-5257
serial	ABRALIC	0103-6963	2596-304X	2020	22		2021	23				container_juil4j7pivgynbbkkmiig2wd4a	fulltext		Associacao Brasileira de Literatura Comparada	0103-6963
serial	Ultrasonography	2288-5919	2288-5943	2013	33		2020	40				container_ghgvevyigzcq3fashiz4mrmm7u	fulltext		Korean Society of Ultrasound in Medicine	2288-5919
serial	Wireless Sensor Network	1945-3078	1945-3086	2010	1		2019	11				container_afgx2slacfh5bnqpirnhoxrrg4	fulltext		Scientific Research Publishing, Inc	1945-3078
serial	History of Philosophy	2074-5869	2658-7289	2017	22		2021	26				container_iwzg2uu46nb6vljaldnyxqh26e	fulltext		Institute of Philosophy, Russian Academy of Sciences	2074-5869
serial	Case Reports in Pediatrics	2090-6803	2090-6811	2011	2011		2021	2021				container_gor2ksuanvdxredmhp2uvdvami	fulltext		Hindawi Limited	2090-6811
serial	Universidad y Sociedad	2415-2897	2218-3620	2019	11		2021	20				container_3wccojening3nfnqxo6rsdowtm	fulltext		Universidad de Cienfuegos	2218-3620
serial	Bulletin of the Kyiv National University of Technologies and Design Technical Science Series	1813-6796	2617-9105	2018	118		2021	154				container_ujaonau225crtef4yqm2enoise	fulltext		Kyiv National University of Technologies and Design	1813-6796
serial	Revista de Medicina da UFC	0100-1302	2447-6595	2015	55		2022	62				container_36fn32yxvjd3dfh7begf6moqdi	fulltext		Revista de Medicina da UFC	0100-1302
serial	Case Reports in Endocrinology	2090-6501	2090-651X	2011	2011		2021	2021				container_53v7gnwd45h2xo3woiwwkol4my	fulltext		Hindawi Limited	2090-651X
serial	Romanian Journal of Occupational Medicine		2601-0828	2019	70		2022	73				container_nsfoiyzykzehbgsbwnzcoq3keu	fulltext		Walter de Gruyter GmbH	2601-081X
serial	Neuphilologische Mitteilungen		2736-9714	2020	121		2022	123				container_oycaxrk3and5lfam76pefzfyv4	fulltext		Uusfilologinen yhdistys	2736-9714
serial	Regional Formation and Development Studies	2029-9370	2351-6542	2014	10		2021	37				container_rskncc2lujbkzadend4uwbybqm	fulltext		Klaipeda University Press	2029-9370
serial	Advances in Biological Chemistry	2162-2183	2162-2191	2011	1		2019	9				container_cqh2fc3uczgr3bldsyszxc5w5i	fulltext		Scientific Research Publishing, Inc	2162-2183
serial	Scientific Messenger of LNU of Veterinary Medicine and Biotechnologies	2519-268X	2707-5885	2019	21		2022	24				container_yq4udqijerdkphrjkjrd77vv5i	fulltext		Stepan Gzhytskyi National University of Veterinary Medicine and  Biotechnologies Lviv	2519-268X
serial	Colloquia Germanica Stetinensia	0867-5791	2353-317X	2015	24		2022	31				container_3swvnm2bdfgclcwv26es4srhuq	fulltext		University of Szczecin	0867-5791
serial	Mastology	2594-5394	2594-5394	2017	23		2019	29				container_m2cxh3dumjc6vgqk4tsjblj77a	fulltext		Mastology	2594-5394
serial	Impact strategic	1582-6511	1842-810X	2021	79		2023	82				container_4k3nivafljgwxafyuo4fjiqeba	fulltext		"Universitatea Nationala de Aparare ""Carol I"", Centrul de Studii Strategice de Aparare si"	1582-6511
serial	Journal of Electromagnetic Analysis and Applications	1942-0730	1942-0749	2009	1		2019	11				container_4xz2ytn7vbaylizippxjgrzcfm	fulltext		Scientific Research Publishing, Inc	1942-0730
serial	Food Science and Technology	2008-8787	2783-3534	2019	16		2021	17				container_5leixaudvzaoxpvpcydfroetx4	fulltext		Armenian Green Publishing Co.	2008-8787
serial	Case Reports in Hepatology	2090-6587	2090-6595	2011	2011		2022	2022				container_im6y2sjovvdihesznkuslooku4	fulltext		Hindawi Limited	2090-6595
serial	Multiple Sclerosis International	2090-2654	2090-2662	2010	2010		2022	2022				container_og4giyh3mzfpddzsmvetg7zd44	fulltext		Hindawi Limited	2090-2654
serial	Мир России	1811-038X	1811-0398	2017	26		2022	31				container_iggw57elqbdrng3cnzvbcka7xi	fulltext		National Research University, Higher School of Economics (HSE)	1811-038X
serial	Journal of Intelligence		2079-3200	2012	5		2018	6				container_7dwvgx6smzb5ba5jadnf2kwmbm	fulltext		MDPI AG	2079-3200
serial	Annales Universitatis Mariae Curie-Skłodowska sectio J Paedagogia-Psychologia	0867-2040	2449-8521	2015	27		2021	34				container_dbjlnvs6yrhzni3in5bmoknaji	fulltext		Wydawnictwo Uniwersytetu Marii Curie-Skłodowskiej w Lublinie	0867-2040
serial	Foreign policy review	1588-7855		2020	13		2021	14				container_woogmsz2tbfy5d3n6ud4c6jdvi	fulltext			1588-7855
serial	Institute of Telecommunications and Global Information Space of the National Academy of Sciences of Ukraine	2411-4049	2616-2121	2018	25		2022	47				container_dqz22mrlmfamzgnd3ohhjct3q4	fulltext		SVP4U-KYIV-1-FUND LLC	2411-4049
serial	Science almanac of Black sea region countries		2414-1143	2017	10		2022	32				container_pv2i54kb3zefbddeclaznhfhse	fulltext		FSFEI HE Don State Technical University	2414-1143
serial	International Journal of Optics and Photonics	1735-8590	2538-4007	2016	10		2021	15				container_g2rug5r5dfblpmlj5z4evsucsm	fulltext		Armenian Green Publishing Co	1735-8590
serial	Jurnal Global & Strategis	1907-9729	2442-9600	2018	12		2021	15				container_g3lcn3yzqbg4jmq62muwhrkhze	fulltext		Universitas Airlangga	2442-9600
serial	Analele Universitatii Dunărea de Jos Galaţi. Fascicula XIX. Seria istorie	1583-7181	2344-472X	2017	16		2020	18				container_ybqqtiot6jcxbddimyb75pkpqy	fulltext		Departamentul de Istorie, Universitatea Dunărea de Jos din Galati	1583-7181
serial	Advances in Sexual Medicine	2164-5191	2164-5205	2011	1		2020	10				container_456mwvmbnndwvepzxkcnuwxeda	fulltext		Scientific Research Publishing, Inc	2164-5191
serial	Revista mexicana de física	0035-001X	2683-2224	2017	64		2019	65				container_2el2g25lcnfwjfyl5r6a3ou3my	fulltext		Sociedad Mexicana de Fisica A C	0035-001X
serial	Plant Sociology	2280-1855	2704-6192	2020	57		2021	58				container_obhfh22d55gjpbbvvrlqyzoj3q	fulltext		Pensoft Publishers	2280-1855
serial	Ars Veterinaria	0102-6380	2175-0106	2013	29		2022	38				container_sr6chveblvc57asxe6fltq4bou	fulltext		FUNEP	0102-6380
serial	Geographia Cassoviensis	1337-6748	2454-0005	2020	14		2022	16				container_bue2bq27dzfntfkvf656ghgujy	fulltext		Pavol Jozef Safarik University in Kosice	1337-6748
serial	Intelligent Information Management	2160-5912	2160-5920	2009	1		2019	11				container_gjuorwt6qfc7dmtf5avb7t4wee	fulltext		Scientific Research Publishing, Inc	2160-5912
serial	Journal of Korean Critical Care Nursing	2005-212X	2671-8634	2019	12		2022	15				container_synrp32lebefxbaatnw3rdfkre	fulltext		Korean Society of Critical Care Nursing	2005-212X
serial	Revista Tecnológica - ESPOL	0257-1749	1390-3659	2020	32		2022	34				container_pvrqnfh2ivbr3mfjji3hh6snee	fulltext		Escuela Superior Politecnica del Litoral	0257-1749
serial	Revista Mexicana de Fitopatología Mexican Journal of Phytopathology	0185-3309	2007-8080	2015	34		2021	39				container_lobnab7k3rgzbagjdrcsqa7zky	fulltext		Revista Mexicana de Fitopatologia, Mexican journal of Phytopathology	0185-3309
serial	Pain Studies and Treatment	2329-3268	2329-3276	2013	1		2023	11				container_afwarr6zaneyjfj7quojre6tey	fulltext		Scientific Research Publishing	2329-3268
serial	International Journal of Simulation Modelling	1726-4529	1996-8566	2006	10		2022	21				container_iq3almejkrhflkjq7w5nogqhcu	fulltext		DAAAM International Vienna	1726-4529
serial	Digest Journal of Nanomaterials and Biostructures	1842-3582	1842-3582	2014	9		2019	14				container_p4pgtqiwmbdfhetjqwzubdpr7m	fulltext		Virtual Company of Physics	1842-3582
serial	American Journal of Analytical Chemistry	2156-8251	2156-8278	2010	1		2019	10				container_snlxrdqtlbcp3n4fxpnilofpfy	fulltext		Scientific Research Publishing, Inc	2156-8251
serial	Iranian Journal of Breast Disease	1735-9406	2645-7482	2018	11		2021	14				container_ore5x3q5jrhopgt2q66ztbveru	fulltext		Farname, Inc	1735-9406
serial	Journal of Behavioral and Brain Science	2160-5866	2160-5874	2011	1		2019	9				container_dfh6lnbivvbpfoysi7me2igd6u	fulltext		Scientific Research Publishing, Inc	2160-5866
serial	Психологическая наука и образование	1814-2052	2311-7273	2018	23		2020	25				container_gb5l2ds3yba4zpkqkj2i6xnany	fulltext		Federal State-Financed Educational Institution of Higher Education Moscow State University of Psychology and Education	1814-2052
serial	Journal of the Cameroon Academy of Sciences	2617-3948		2019	15		2022	18				container_enqlxgm23rdkvi76ufhu2jcyky	fulltext		African Journals Online	2617-393X
serial	Harmoni	1412-663X	2502-8472	2017	12		2020	19				container_5hbpamh2src5djv6rzs6glk2gm	fulltext		Puslitbang Bimas Agama dan Layanan Keagamaan Kementrian Agama	1412-663X
serial	Al-Mutharahah Jurnal Penelitian dan Kajian Sosial Keagamaan	2088-0871	2722-2314	2020	17		2022	19				container_s63exg5ovnff3m2z3cabibus2i	fulltext		Al-Mutharahah; Jurnal Penelitian dan Kajian Sosial Keagamaan STAI Diniyah Pekanbaru	2088-0871
serial	Jurnal sains dan pendidikan fisika	1858-330X	2548-6373	2020	16		2022	18				container_bx7qdqhqljcx5ikrpv67ydvkie	fulltext		Universitas Negeri Makassar	1858-330X
serial	Obstetrics and Gynecology International	1687-9589	1687-9597	2009	2009		2021	2021				container_dr265tnkbbasbc5fehdeta3l6u	fulltext		Hindawi Limited	1687-9597
serial	Enarratio Publications of the Medieval Association of the Midwest	2471-6227	2471-6243	2017	20		2021	22				container_fw7pdlc375gs3dqxzwvulgabse	fulltext		The Ohio State University Libraries	2471-6227
serial	Vestnik Povolzhskogo instituta upravleniya	1682-2358		2017	17		2021	21				container_o5tekufwsje2tfmpzddj6twvvy	fulltext		The Russian Presidential Academy of National Economy and Public Administration	1682-2358
serial	Journal of operational research and its applications (Journal of applied mathematics)	2251-7286		2021	18		2022	19				container_up225ne2tjfxrotkk255zwv6da	fulltext		Islamic Azad University	2251-7286
serial	Journal of Microwaves, Optoelectronics and Electromagnetic Applications	2179-1074	2179-1074	2010	10		2020	19				container_lcuy6n3bt5d57ngeewngr7zghi	fulltext		SciELO	2179-1074
serial	Journal of Child Science		2474-5871	2017	7		2019	10				container_64c4527m4zbjpmol6a3x4oplye	fulltext		Georg Thieme Verlag KG	2474-5871
serial	Alergoprofil	1734-7572	2544-5111	2017	13		2022	18				container_egltb6shkzcgvmip6frgaqy6j4	fulltext		Medical Education	1734-7572
serial	Geofizika	0352-3659	1846-6346	2014	31		2021	38				container_d7heaow5vzgxthtdtmf34bjcx4	fulltext		Department of Geophysics, Faculty of Science, University of Zagreb	0352-3659
serial	Case Reports in Ophthalmological Medicine	2090-6722	2090-6730	2011	2011		2021	2021				container_3gkky2gwv5epxjiuvscftdwi6u	fulltext		Hindawi Limited	2090-6730
serial	Minimally Invasive Surgery	2090-1445	2090-1453	2010	2010		2023	2023				container_43odkbgdajh63h4cwmpfhtcjvq	fulltext		Hindawi Limited	2090-1445
serial	IUPHAR/BPS Guide to Pharmacology CITE		2633-1020	2020	2020		2021	2021				container_nfdk36fbdzhffibhesrgjqdxo4	fulltext		Edinburgh University Library	2633-1020
serial	Journal for Perspectives of Economic Political and Social Integration	1733-3911	2300-0945	2010	16		2023	28				container_a6v3e63n4nb5vh2riowsnnr4zi	fulltext		De Gruyter Open Sp. z o.o.	1733-3911
serial	Espacios	0798-1015	0798-1015	2017	38		2019	41				container_ybhtxsqu3bf2fgkicamrqpqrfe	fulltext		GN1 Genesis Network	0798-1015
serial	Revista Brasileira de Geriatria e Gerontologia	1809-9823	1981-2256	2006	10		2020	23				container_tkxygu3kdfczjjhsypjedkdwfa	fulltext		SciELO	1809-9823
serial	Studia lexicographica	1846-6745	2459-5578	2019	12		2021	15				container_cggyz6ev4rgnxo4tkqaoxtsh64	fulltext		Leksikografski zavod Miroslav Krleza	1846-6745
serial	JURNAL ENVIROTEK	2085-501X	2623-1336	2019	11		2022	14				container_ljrcdjrkuvbmfiu2khovbykqlm	fulltext		University of Pembangunan Nasional Veteran Jawa Timur	2085-501X
serial	International Journal of Electrical & Electronic Systems Research (IEESR)	1985-5389	1985-5389	2020	16		2022	20				container_5k7juzusefd65gqrcvsrvhq43i	fulltext		UiTM Press, Universiti Teknologi MARA	1985-5389
serial	مجلة کلیة التربیة بدمیاط		2735-3303	2012	29		2020	35				container_wmddfpdmard4lhaz6oytfgedpa	fulltext		Egypts Presidential Specialized Council for Education and Scientific Research	1110-3930
serial	Materials Sciences and Applications	2153-117X	2153-1188	2010	1		2019	10				container_43z2hiivzfcxrhlcdg5bfyzely	fulltext		Scientific Research Publishing, Inc	2153-117X
serial	Smart Grid and Renewable Energy	2151-481X	2151-4844	2010	1		2019	10				container_t6frbvobdfgh7ool7v42karx3m	fulltext		Scientific Research Publishing, Inc	2151-481X
serial	Studia Universitatis Babes-Bolyai Matematica	0252-1938	2065-961X	2017	62		2021	66				container_b2ezjrkrkjfstgmsihsuxp4mpq	fulltext		Babes-Bolyai University	0252-1938
serial	Social Networking	2169-3285	2169-3323	2012	1		2019	8				container_cxodin7vefbvre2vvnesvtkzem	fulltext		Scientific Research Publishing, Inc	2169-3285
serial	Nature Environment and Pollution Technology	0972-6268	2395-3454	2019	18		2021	20				container_hc57m25qabhm7cskokvrhxyqvm	fulltext		Technoscience Publications	0972-6268
serial	Zemljiste i biljka	0514-6658	2560-4279	2019	68		2022	71				container_r2wao3djjnaqlixrx5knxkfph4	fulltext		Centre for Evaluation in Education and Science (CEON/CEES)	0514-6658
serial	Z Teorii i Praktyki Dydaktycznej Jezyka Polskiego	0208-5011	2353-9577	2018	27		2021	30				container_a5wplqclsbanfkyoktj3ojdpvy	fulltext		Wydawnictwo Uniwersytetu ´Slaskiego ; CEEOL	0208-5011
serial	Advances in Reproductive Sciences	2330-0744	2330-0752	2013	1		2020	8				container_lf74amvpubdd3lcofwyghuhuue	fulltext		Scientific Research Publishing, Inc	2330-0752
serial	Open Journal of Forestry	2163-0429	2163-0437	2011	1		2019	9				container_meoohkclyrgs5fg6bwo36ftyam	fulltext		Scientific Research Publishing, Inc	2163-0429
serial	Naše Gospodarstvo	0547-3101	2385-8052	2012	58		2020	66				container_5fiw242myjhtjdslfarfem2pmq	fulltext		Walter de Gruyter GmbH	0547-3101
serial	Journal of Biomarkers	2090-8660	2090-7699	2013	2013		2019	2019				container_rndjksvfqfgn5ckzugb2jaladi	fulltext		Hindawi Limited	2090-7699
serial	Progress in Medical Physics	2508-4445	2508-4453	2017	28		2020	31				container_sdmxqtt7wnc6dlravl36eccvty	fulltext		Korean Society of Medcial Physics (KAMJE)	2508-4445
serial	Filozofska Istraživanja	0351-4706	1848-2309	2018	38		2021	41				container_ovda7tds3fcm5i72lcpqxh76vm	fulltext		Croatian Philosophical Society (Hrvatsko filozofsko drustvo)	0351-4706
serial	The BRC Academy Journal of Business	2152-8721	2152-873X	2020	10		2021	11				container_46pu64sqxzhglhpfrweofdr6x4	fulltext		Cambria Press	2152-8721
serial	Journal of Sleep Medicine	2384-2423	2384-2431	2015	12		2022	19				container_sq7r5wkp5zfpfcthuy7w4nkige	fulltext		Korean Sleep Society	2384-2423
serial	Vestnik Ûžno-Uralʹskogo Gosudarstvennogo Universiteta: Seriâ Ènergetika	1990-8512	2409-1057	2015	15		2018	18				container_qwl6uhd55fa55az66rjh5icf34	fulltext		Publishing center of the South Ural State University	1990-8512
serial	World Journal of Cardiovascular Surgery	2164-3202	2164-3210	2011	1		2019	9				container_b7kisojns5bkdbcqv3wbtqf2d4	fulltext		Scientific Research Publishing, Inc	2164-3210
serial	Revista Unimontes Científica		2236-5257	2020	22		2021	24				container_jhtggppeqfd5jlktwpm3tcrm7i	fulltext		Universidade Estadual de Montes Claros (UNIIMONTES)	1519-2571
serial	Open Journal of Depression	2169-9658	2169-9674	2012	1		2019	8				container_clh2g675wna5lci6gtusnunwbi	fulltext		Scientific Research Publishing, Inc	2169-9658
serial	Jezikoslovlje	1331-7202	1848-9001	2019	20		2022	22				container_v6gu4xwsd5batmfkp4hrtr4z7i	fulltext		Faculty of Humanities and Social Sciences Osijek	1331-7202
serial	GeoScape	1802-1115	1802-1115	2014	10		2022	16				container_vd6l57jprjdmzlelvsogucaf3e	fulltext		De Gruyter Open Sp. z o.o.	1802-1115
serial	Journal of Energy	2356-735X	2314-615X	2016	2016		2021	2021				container_mpvjgetepvhpfhxtgwccfobsry	fulltext		Hindawi Limited	2314-615X
serial	Parks Stewardship Forum		2688-187X	2020	36		2022	38				container_67ehyhrdenfjzfpsrn3e6j5zzq	fulltext		California Digital Library (CDL)	2688-187X
serial	Hosokawa Powder Technology Foundation ANNUAL REPORT		2189-4663	2006	14		2023	30				container_ecsrc4ucbfch5bcoydwdj5rc4i	fulltext		Hosokawa Powder Technology Foundation	2189-4663
serial	Zeszyty Wiejskie	1506-6541	2657-4373	2017	23		2022	28				container_wfkm2e5unva5jmqp76umqvityi	fulltext		Uniwersytet Lodzki (University of Lodz)	1506-6541
serial	Taikomieji tyrimai studijose ir praktikoje	2029-1280	2669-0071	2017	13		2019	15				container_7dcwhkio6ze2rjku6a2y6ro5cu	fulltext		Panevėžio kolegija	2029-1280
serial	Korean Journal of Family Medicine	2005-6443	2092-6715	2011	32		2021	42				container_hvxyqogz7bbvdotosl2wjlmxzi	fulltext		The Korean Academy of Family Medicine	2005-6443
serial	Journal of Seed Science	2317-1537	2317-1545	2013	35		2020	42				container_vxkdtvyf6vex5l62evklebr35q	fulltext		SciELO	2317-1537
serial	Classica Cracoviensia	1505-8913	1505-8913	1970	15		2022	25				container_npcmld6bejdmxnz6agzbzflfke	fulltext		Ksiegarnia Akademicka Sp. z.o.o	1505-8913
serial	Manuscrito	0100-6045	2317-630X	2012	34		2021	44				container_5ymzk2fgxjfl5gihbu2stsfw4q	fulltext		SciELO	0100-6045
serial	Geologické výzkumy na Moravě a ve Slezsku	1212-6209	2336-4378	2012	19		2022	29				container_xzfl7igoord33cp6cey5puv4a4	fulltext		Masaryk University Press	1212-6209
serial	Using Zirconium(IV) Tetrakis(dodecyl sulfate)	2676-9816	2060-0437	2019	12		2022	15				container_jsrfu73a6bf5layuebblesbsve	fulltext		Georg Thieme Verlag KG	2060-0437
serial	Studia Romanica et Anglica Zagrabiensia	0039-3339	1849-1421	2019	64		2022	66				container_ynj7326olvci5mckqzgad6dtei	fulltext		Odsjek za romanistiku, Odsjek za talijanistiku i Odsjek za anglistiku Filozofskoga fakulteta Sveučilišta u Zagrebu	0039-3339
serial	International conference KNOWLEDGE-BASED ORGANIZATION	1843-6722	2451-3113	2020	26		2021	27				container_zfwittf5uvagfnxxzywp6yb4ie	fulltext		Walter de Gruyter GmbH	2451-3113
serial	SCIENTIFIC RESEARCH AND EDUCATION IN THE AIR FORCE	2247-3173	2247-3173	2016	18		2018	20				container_dzu676lp3fhwvg37a5oxmhnkeq	fulltext		"""""Henri Coanda"""" Air Force Academy"	2247-3173
serial	English education : jurnal tadris Bahasa Inggris	2086-6003	2580-1449	2019	12		2022	15				container_musgrb6sxjh5xffmvksinuws2q	fulltext		Raden Intan State Islamic University of Lampung	2086-6003
serial	At-Tafkir	1979-9357	2620-5858	2018	11		2022	15				container_a22wi4lc6fgoxffekctcj2m5ne	fulltext		IAIN Langsa	1979-9357
serial	IQTISHADUNA	2655-9714	2655-9714	2017	10		2021	12				container_ecvqftdusbfgdcv7cjareg7l6y	fulltext		State Islamic University (UIN) Mataram	2087-9938
serial	Annals of the Japanese Association for Soviet and East European Studies	0386-7226	1884-5851	1972	1972		1992	1992				container_ajiosfblf5bqlandi7d64zje3y	fulltext		Japanese Association for Russian and East European Studies	0386-7226
serial	THE ASIAN JOURNAL OF ANIMAL SCIENCE	0973-4791	0976-8963	2014	10		2020	15				container_5aralzaaezbx5d5d4ewdz6odgq	fulltext		Hind Agri Horticultural Society	0973-4791
serial	Journal for Population Therapeutics and Clinical Pharmacology	1710-6222	1710-6222	2019	26		2021	28				container_veas35dnhzhm3ij6fwv6niv25m	fulltext		Canadian Society for Clinical Pharmacology	1710-6222
serial	Neuronal Signaling		2059-6553	2016	1		2020	4				container_zmkgembcxvfcvoaozzt77233la	fulltext		Portland Press	2059-6553
serial	INTERNATIONAL JOURNAL OF COMPUTER ENGINEERING & TECHNOLOGY	0976-6367	0976-6375	2019	10		2021	12				container_znrmt2znhnag5nwvzp7cccb2eq	fulltext		IAEME Publication Chennai	0976-6367
serial	Revista Acta Ambiental Catarinense	1677-7298	2175-1552	2016	13		2021	19				container_pgtarqkwsbbjtoelusgkqaxkx4	fulltext		Revista Acta Ambiental Catarinense	1677-7298
serial	Journal of Cellular Neuroscience and Oxidative Stress		2149-7222	2015	10		2021	13				container_llf5nkm5gnektlajwkfo3az44q	fulltext		Journal of Cellular Neuroscience and Oxidative Stress	2149-7222
serial	Dakwah: Jurnal Kajian Dakwah dan Kemasyarakatan	1411-2779	2686-1283	2019	23		2023	27				container_qovvbyvie5apvnhuav6dl2ohly	fulltext		LP2M Universitas Islam Negeri (UIN) Syarif Hidayatullah Jakarta	1411-2779
serial	Al-Azhar Journal of Pharmaceutical Sciences	1110-1644	2535-1958	2013	46		2021	65				container_bljwx7ju2ventawdlas6hrbtny	fulltext		Egypts Presidential Specialized Council for Education and Scientific Research	1110-1644
serial	Journal of International Development Cooperation	2093-212X	2671-9797	2019	14		2022	17				container_tnzmkgv4rvgfffxvsv2jiakssq	fulltext		Korea International Cooperation Agency - KOICA	2093-212X
serial	Studia z Dziejów Rosji i Europy Środkowo-Wschodniej	1230-5057	2353-6403	2011	46		2022	57				container_2iu5gubo4bfevasg4lh24nafwu	fulltext		Uniwersytet Mikolaja Kopernika/Nicolaus Copernicus University	1230-5057
serial	Sri Lankan Journal of Applied Statistics	1391-4987	2424-6271	2018	19		2021	22				container_77h3mqmownduhh7lmzxez3tsri	fulltext		Sri Lanka Journals Online (JOL)	2424-6271
serial	Bogazici Journal	1300-9583	1300-9583	2005	19		2019	33				container_x2yai6z4mjb4bokayjao6hmuea	fulltext		Bogazici University	1300-9583
serial	Journal of Morphological Sciences		2177-0298	2014	31		2020	37				container_iwf5ctdbhrczpmzr6hegprln2y	fulltext		Georg Thieme Verlag KG	2177-0298
serial	Dzieje Najnowsze	0419-8824	2451-1323	2016	48		2023	54				container_x5ernojp3readcmohtdjp6nptq	fulltext		Uniwersytet Mikolaja Kopernika/Nicolaus Copernicus University	0419-8824
serial	Preventif	2088-3536	2528-3375	2020	11		2021	12				container_5z7gy7y4bjf67els4tgtrabjwi	fulltext		Universitas Tadulako	2088-3536
serial	Jurnal Manajemen Bisnis	1829-8486	2685-9823	2019	16		2021	18				container_6uqsfzjcyvhc7mamjoqo5e6xyu	fulltext		Universitas Pendidikan Nasional	1829-8486
serial	ICAME Journal	0801-5775	1502-5462	2014	38		2022	46				container_hc2pg6sa7rhhfj3c66li2qnwsa	fulltext		De Gruyter Open Sp. z o.o.	0801-5775
serial	Open Journal of Immunology	2162-450X	2162-4526	2011	1		2020	10				container_2zncpkuqyzbxlntsun3d77nkxe	fulltext		Scientific Research Publishing, Inc	2162-450X
serial	Człowiek i społeczeństwo	0239-3271	0239-3271	1970	33		2022	53				container_suefyasuv5g7zj2d4pb7g2svz4	fulltext		Instytut Socjologii, Uniwersytet im. Adama Mickiewicza	0239-3271
serial	Muzyka: Kwartalnik Poświe̜cony Historii i Teorii Muzyki	0027-5344		2018	63		2022	67				container_ovxi5bygfjfd7jcmvrec26pgum	fulltext		Instytut Sztuki Polskiej Akademii Nauk; CEEOL	0027-5344
serial	Roczniki Dziejów Społecznych i Gospodarczych	0080-3634		2011	71		2022	83				container_xu7ckirfjfd6nn3zec5lo3sp2m	fulltext		Uniwersytet Mikolaja Kopernika/Nicolaus Copernicus University	0080-3634
serial	Advances in Literary Study	2327-4034	2327-4050	2013	1		2019	7				container_74m67bx7unasfe6v7zrbkflwdu	fulltext		Scientific Research Publishing, Inc	2327-4034
serial	Lingua rima	2301-9875	2621-1033	2021	10		2022	11				container_plgarhbudjhtxgxvwmnkq4wno4	fulltext		Universitas Muhammadiyah Tangerang	2301-9875
serial	Revista Médica de Trujillo	1028-7272	2522-6150	2019	14		2021	16				container_nohofujry5dutjinaj4bjbg33m	fulltext		Universidad Nacional de Trujillo	1028-7272
serial	Acta Didactica Norden		2535-8219	2021	15		2022	16				container_hlgfzdcihne65iiem6x6x2qobm	fulltext		University of Oslo Library	2535-8219
serial	Journal of Hate Studies	2169-7442	1540-2126	2019	15		2021	17				container_ay7vky3qpffmhmrceew5yypa34	fulltext		Foley Center Library, Gonzaga University	1540-2126
serial	Revista da Casa da Geografia de Sobral	1516-7712	2316-8056	2018	20		2022	23				container_x6tirjkrirfyzpki3boim25i34	fulltext		Curso de Geografia, Universidade Estadual Vale do Acaraú	1516-7712
serial	Alayasastra	1858-4950	2615-6024	2018	14		2022	18				container_cgg7k73mczebdncgwhcuwqflka	fulltext		Balai Bahasa Jawa Tengah	1858-4950
serial	Journal of Computer and Communications	2327-5219	2327-5227	2013	1		2018	6				container_3knnadznr5bfriv5arevcxfm7m	fulltext		Scientific Research Publishing, Inc	2327-5219
serial	Pharmaceutics	1999-4923	1999-4923	2009	3		2019	11				container_eyicatbz75hkld675oqybzylzu	fulltext		MDPI AG	1999-4923
serial	Architektúra a Urbanizmus	0044-8680	2729-8752	2020	54		2021	55				container_q6gt3xd4nfde3k6p2mhbczajee	fulltext		Ústav Stavebníctva a Architektúry SAV ; CEEOL	0044-8680
serial	Excelsior Leadership in Teaching and Learning	1944-0413	1944-0413	2018	11		2022	14				container_ugumqg7g7famjork2ob3mxkwme	fulltext		Syracuse University Libraries	1944-0413
serial	Jurnal Ekonomi dan Bisnis	1979-6471	2528-0147	2016	17		2021	24				container_grjj65547jcntf7wo3safbnlvm	fulltext		Universitas Kristen Satya Wacana	1979-6471
serial	Jurnal Teknologi Mineral dan Batubara	1979-6560	2527-8789	2015	12		2021	17				container_bndzlxffqvbqbmxwlqqgu7oj5a	fulltext		Puslitbang tekMIRA	1979-6560
serial	Nihon Gakkan	1727-7183		2010	13		2022	25				container_bsvxmqqqnbf4rcvdle4h4ltq5q	fulltext		Society of Japanese Language Education Hong Kong	1727-7183
serial	Cuadernos de Administración	0120-3592	1900-7205	2012	25		2022	35				container_wkv3ru5jrvdwhmudtmtoff323y	fulltext		Editorial Pontificia Universidad Javeriana	1900-7205
serial	Revista Terapéutica	1409-3529	2215-5562	2017	11		2022	16				container_ablktqy7abefjpdrduw7qcudbq	fulltext		Editorial Santa Paula SRL	1409-3529
serial	The Open Anesthesia Journal	2589-6458	2589-6458	2019	13		2022	16				container_ozub44a3ibfbnkzlacsoklfgry	fulltext		Bentham Science	2589-6458
serial	JOURNAL of the JAPAN ELECTRIC WELDING SOCIETY		1883-7212	1928	1928		1930	1930				container_5jizplcj7vepbo3yqto3de6c2a	fulltext		Japan Welding Society	1883-7212
serial	Cuadernos CANELA. Revista anual de literatura, pensamiento e historia, metodología de la enseñanza del español como lengua extranjera y lingüística de la Confederación Académica Nipona, Española y Latinoamericana	1344-9109	2189-9568	2018	29		2022	33				container_px7eiirczrcwfjbvbbgn34tjtq	fulltext		Confederación Académica Nipona, Española, Latinoamericana	1344-9109
serial	Pure Mathematics and Applications	1788-800X	1788-800X	2015	25		2022	30				container_b4eop3b3ebclpc2zgrm5zhwob4	fulltext		Walter de Gruyter GmbH	1218-4586
serial	Fokus Ekonomi : Jurnal Ilmiah Ekonomi	1907-6304	2549-8991	2018	13		2022	17				container_ydvuh37nkva2jlyufynfwwgs3i	fulltext		STIE Pelita Nusantara Semarang	1907-6304
serial	Open Journal of Pathology	2164-6775	2164-6783	2011	1		2020	10				container_dbo2xvbmqvd4rkx7ufoojp6fte	fulltext		Scientific Research Publishing, Inc	2164-6775
serial	Japanese Journal of Agricultural Economics		2432-2385	2021	23		2022	24				container_iz7bjctpsvgbjh6aafbukmlbb4	fulltext		The Agricultural Economics Society of Japan	2432-6909
serial	Sophia	1794-8932	2346-0806	1970	14		2021	17				container_3lrjyth3kvartjs73arq3gqcim	fulltext		Universidad La Gran Colombia	1794-8932
serial	International Journal of Zoology	1687-8477	1687-8485	2009	2009		2022	2022				container_xyzfdcpbifdivbm5ufmxk5bqwq	fulltext		Hindawi Limited	1687-8477
serial	International Journal of Mechanical Engineering & Technology (IJMET)	0976-6340	0976-6359	2020	11		2021	12				container_l7knwkpkwvhnrbjlfoezxqlw6a	fulltext		IAME	0976-6340
serial	Geriatrics		2308-3417	2015	1		2021	6				container_4pzbi5dqcffotgh2nxavi4sk44	fulltext		MDPI AG	2308-3417
serial	Journal of Chemistry and Technologies	2663-2934	2663-2942	2019	27		2021	29				container_gfjatg63bzajxhot6gbuk6abaq	fulltext		Oles Honchar Dnipropetrovsk National University	2663-2934
serial	Kontekstualita	1979-598X	2548-1770	2018	33		2020	35				container_sosvwwemanfmrnrt6yebb66wki	fulltext		Universitas Islam Negeri (UIN) Sultan Thaha Saifuddin Jambi	1979-598X
serial	Journal of the Florida Mosquito Control Association	1055-355X	2638-6054	2021	66		2023	70				container_6ry426gtwnbltol3k5dq66ysi4	fulltext		University of Florida George A Smathers Libraries	1055-355X
serial	Advances in Nanoparticles	2169-0510	2169-0529	2012	1		2020	9				container_fmclsrhnjzchnds3zrr57es54e	fulltext		Scientific Research Publishing, Inc	2169-0510
serial	Economic Themes	0353-8648	2217-3668	2014	52		2019	57				container_odoqu4rnwjbctlbljcewxqgmu4	fulltext		Walter de Gruyter GmbH	0353-8648
serial	Cogency. Journal of Reasoning and Argumentation	0718-8285	0718-8285	2019	11		2021	13				container_2jekoq4p7re53c7sclpcxcseca	fulltext		Diego Portales University	0718-8285
serial	Vestnik slavianskikh kul'tur [Bulletin of Slavic Cultures]	2073-9567		2020	55		2022	66				container_envwwkmn4vbvjmcaw4ve6ekjdi	fulltext		A. N. Kosygin Russian State University	2073-9567
serial	Majalah patologi Indonesia	0215-7284		2020	29		2021	30				container_teo2zuscxzcdfbdmd2sci4hxiq	fulltext			0215-7284
serial	International Journal of Telemedicine and Applications	1687-6415	1687-6423	2008	2008		2021	2021				container_ln45xhi4ybgj3ewra3qnilaxdi	fulltext		Hindawi Limited	1687-6415
serial	Ekonomicko-manažérske spektrum / Economic and Managerial Spectrum	1337-0839	2585-7258	2018	12		2021	15				container_d7nih3zo2nhihech45avykmgk4	fulltext		University of Zilina	1337-0839
serial	Cardiology Research and Practice	2090-8016	2090-0597	2009	2009		2019	2019				container_ajybonrkpbhz3a7yodbyhrxa3e	fulltext		Hindawi Limited	2090-0597
serial	Lublin Studies in Modern Languages and Literature	0137-4699	0137-4699	2014	38		2022	46				container_wgfppp7rdvbebf6uhlzvskquoi	fulltext		Wydawnictwo Uniwersytetu Marii Curie-Skłodowskiej w Lublinie	0137-4699
serial	Research in Social Change		2463-8226	2019	11		2020	12				container_icjesx6m45ftpbsq2idhuu7tda	fulltext		Walter de Gruyter GmbH	1855-4202
serial	TECHNO-SOCIO EKONOMIKA	1979-4835	2721-2335	2019	12		2021	14				container_b4t72zdnybb35ekgl7sycy4xwa	fulltext		Universitas Sangga Buana YPKP	1979-4835
serial	Studia Wyborcze	1898-0082	2450-9337	2018	26		2022	33				container_ifx3gru3jjcxraylqtuf4vgaqm	fulltext		Lodzkie Towarzystwo Naukowe	1898-0082
serial	Revista Economía	2697-3332	2697-3340	2020	71		2023	74				container_elcgxejl75hvxpebh4o25bjbvq	fulltext		Facultad de Odontologia	2697-3332
serial	Asian Journal of Basic Science & Research		2582-5267	2020	2		2021	3				container_iserqwak4rcbdepy24ql7ezjaa	fulltext		Nemeth Publishers	2582-5267
serial	Kidney360	2641-7650	2641-7650	2020	1		2021	2				container_3yuezpvrgncjni6lwuw42e6yh4	fulltext		American Society of Nephrology (ASN)	2641-7650
serial	AIDS Research and Treatment	2090-1240	2090-1259	2010	2010		2021	2021				container_okc7vvlpifehhcyo52osu47csy	fulltext		Hindawi Limited	2090-1240
serial	Studenckie Prace Prawnicze, Administratywistyczne i Ekonomiczne	1733-5779		2016	19		2023	42				container_5phatp4hyzghxevuaulyv7c4xu	fulltext		Wydawnictwo Uniwersytetu Wroclawskiego	1733-5779
serial	Open Journal of Microphysics	2162-2450	2162-2469	2011	1		2020	10				container_2pwtih4zzrb5paaag3jc7zf2oa	fulltext		Scientific Research Publishing, Inc	2162-2450
serial	Rekayasa Jurnal Ilmiah Fakultas Teknik Universitas Lampung	0852-7733	2715-0747	2020	24		2021	25				container_fomtmplqxjeyjmpjqhrnthzjl4	fulltext		Universitas Lampung	0852-7733
serial	Jurnal ilmu-ilmu perikanan dan budidaya perairan	1693-6442	2620-4622	2019	14		2021	16				container_izsjcmr2xzb4ncugtbylxduwrq	fulltext		Universitas PGRI Palembang	1693-6442
serial	Jurnal riset komunkasi (JRK)	2087-7463	2087-7463	2019	10		2022	13				container_wqyywotjnvg3hhjq27af2w4ife	fulltext		Jurusan Ilmu Komunikasi, Universitas Sultan Ageng Tirtayasa	2087-7463
serial	JURNAL GIZI DAN KESEHATAN	1978-0346	2580-3751	2015	10		2022	14				container_wc43kfobordalmd7favlyb3lty	fulltext		Universitas Ngudi Waluyo	1978-0346
serial	American Journal of Climate Change	2167-9495	2167-9509	2012	1		2019	8				container_dqakt4i3gfdhzd36kbpd2x342i	fulltext		Scientific Research Publishing, Inc	2167-9495
serial	Poljoprivredna tehnika	0554-5587	2406-1123	2018	43		2022	47				container_pypnmpnxnfg3vd2uhhbchipb2q	fulltext		Centre for Evaluation in Education and Science	0554-5587
serial	Suvremena Lingvistika	0586-0296	1847-117X	2018	44		2021	47				container_o3tvcghed5ag5cf4mjtan3fdta	fulltext		Hrvatsko filolosko drustvo (Croatian Philological Society)	0586-0296
serial	Restorative Dentistry & Endodontics	2234-7658	2234-7666	2012	37		2018	43				container_jde4himhsvhtljwqq5atu5z3oa	fulltext		The Korean Academy of Conservative Dentistry	2234-7658
serial	Open Journal of Modern Neurosurgery	2163-0569	2163-0585	2011	1		2019	9				container_6mu5zivjafbwzhstt6hvj5bsly	fulltext		Scientific Research Publishing, Inc	2163-0569
serial	Revista Protuguesa de Psicanalise	0873-9129	2184-0016	2020	41		2023	43				container_txqw523o4jehhkgd2be3nbp2wq	fulltext		Sociedade Portuguesa de Psicanálise	0873-9129
serial	Revista da Abem	1518-2630	2358-033X	2020	28		2021	29				container_n3idf6bbbzfu3bvex76tpbg4ji	fulltext		Revista da Abem	1518-2630
serial	مجلة البحث فی التربیة وعلم النفس		2682-4469	2020	1		2021	37				container_nm7bxtmjbfhn5l6sky5rzokqma	fulltext		Egypts Presidential Specialized Council for Education and Scientific Research	2090-0090
serial	Intercom: Revista Brasileira de Ciências da Comunicação	1809-5844	1980-3508	2011	34		2021	44				container_z6u5i2yfyfeevdigalyvh4dtea	fulltext		SciELO	1809-5844
serial	Siberian Journal of Physics	2541-9447		2017	12		2022	17				container_5nmfobpvxbgmzpabqjxhxl73me	fulltext		Novosibirsk State University (NSU)	2541-9447
serial	MEDICAL SCIENCES JOURNAL	1023-5922	2008-3386	2018	28		2021	31				container_tdbnpdylprhibg43fjz3bb6wui	fulltext		Armenian Green Publishing Co	1023-5922
serial	Journal of Cerebrovascular and Endovascular Neurosurgery	2234-8565	2234-3318	2012	14		2019	21				container_5ovdykkbwrhanbjjt6enunde6e	fulltext		Korean Society of Cerebrovascular Surgeons/Korean Society of Endovascular Surgery (KAMJE)	2234-8565
serial	Audiology: Communication Research		2317-6431	2014	19		2021	26				container_ek5acpvj7bh5hodymelhnffdcy	fulltext		SciELO	2317-6431
serial	International Journal of Strategic Property Management	1648-715X	1648-9179	2004	10		2021	25				container_j22bdpjxybehjguww2m5ulrnjy	fulltext		Vilnius Gediminas Technical University	1648-715X
serial	Iuris Tantum	2007-0500	2594-1879	2021	35		2022	36				container_lpcie366brg4dhd3rcvb2f4uh4	fulltext		Universidad Anahuac Mexico	2007-0500
serial	Asian pacific journal of dentistry	2185-3479	2185-3487	2019	19		2023	21				container_yyjrx4eyhraivp7ootks26og6y	fulltext		Asian Pacific Journal of Dentistry	2185-3487
serial	Mathematical Statistician and Engineering Applications		2094-0343	2018	67		2021	70				container_emkg5ysvsjdndhcbrvmd3nu2nu	fulltext		Auricle Technologies, Pvt., Ltd.	2094-0343
serial	Journal of Human Resource and Sustainability Studies	2328-4862	2328-4870	2013	1		2019	7				container_pcdo7szl4bebto7tdsh4sxeina	fulltext		Scientific Research Publishing, Inc	2328-4862
serial	Control and Cybernetics	0324-8569		2010	39		2021	50				container_wkhn42kl2rct3nv4wbkbimkejm	fulltext		Instytut Organizacji i Kierowania (Warszawa) ; Instytut Cybernetyki Stosowanej ; Instytut Badań Systemowych	0324-8569
serial	Information Technology and Computer Engineering	1999-9941	2078-6387	2018	41		2022	54				container_3fs6q26rznaofmhtz6v3bd745u	fulltext		Vinnytsia National Technical University	1999-9941
serial	Liño	0211-2574	2341-1139	2015	21		2022	28				container_5km5dftgojeprgtv3vf7hymlge	fulltext		Universidad de Oviedo	0211-2574
serial	Bilancia: Jurnal Studi Ilmu Syariah dan Hukum	1978-5747	2579-9762	2017	11		2021	15				container_vcmy7dyglvfalpqmw2opjrrnau	fulltext		IAIN Palu	1978-5747
serial	Journal of Laboratory Medicine and Quality Assurance	2384-2458	2288-7261	2016	38		2022	44				container_y2ceqiqbnbee7nfdsyft7ekrku	fulltext		Korean Association of Quality Assurance for Clinical Laboratory	1225-097X
serial	Acta Medica Leopoliensia	1029-4244	2415-3303	2016	22		2021	27				container_u5b2doyqyrerlfjzsssdjfu3yi	fulltext		Danylo Halytskyi Lviv National Medical University	1029-4244
serial	Progress in Rehabilitation Medicine		2432-1354	2016	1		2021	6				container_xmfgkg57lfdbjgvh65nd7zhvru	fulltext		The Japanese Association of Rehabilitation Medicine	2432-1354
serial	Revista de la Sociedad Peruana de Medicina Interna	1681-9721	1609-7173	1970	32		2022	35				container_4pfieqqhqncjdjsw4brld4lmke	fulltext		Sociedad Peruana de Medicina Interna	1019-309X
serial	Hadtudomany	1215-4121	1588-0605	2020	30		2022	32				container_6umyseept5eh7o2hgqos6iyixy	fulltext		Hadtudomány	1215-4121
serial	International journal of difference equations	0973-6069	0974-1828	2019	14		2022	17				container_hrlaobamerailnv7mjcgb3jz3y	fulltext		Department of Mathematics and Statistics, Missouri University of Science and Technology	0973-6069
serial	Dev Sanskriti Interdisciplinary International Journal	2279-0578	2582-4589	2013	11		2022	20				container_3bazxtmuqze57d2vy4tfervdtq	fulltext		Dev Sanskriti Vishwavidyalaya	2279-0578
serial	Revista Española de Antropología Americana	0556-6533	1988-2718	1972	7		2022	52				container_7qfs4kv7rjdlvdz6nqwbvgtcke	fulltext		Universidad Complutense de Madrid	0556-6533
serial	Visible Language	0022-2224		2016	50		2022	56				container_usmjimr2kzhqdmq6rqop37wxfy	fulltext		College of Design, Architecture, Art, and Planning, University of Cincinnati	0022-2224
serial	Organizações Rurais e Agroindustriais	1517-3879	2238-6890	2016	18		2022	24				container_6l3zhzhunnaahf3ezwpcfjhhcm	fulltext		ANPAD	1517-3879
serial	The Journal of School and University Medicine	2392-8344	2392-8875	2021	8		2022	9				container_fytoeqcumjegjdqjjp34ch3hiy	fulltext		The Journal of School and University Medicine	2392-8344
serial	Proceedings of Tomsk State University of Control Systems and Radioelectronics	1818-0442		2016	19		2021	24				container_yfppppj72nhxpk6zlue35rny6e	fulltext		Tomsk State University of Control Systems and Radioelectronics (TUSUR)	1818-0442
serial	Pravni Vjesnik	0352-5317	1849-0840	2017	33		2021	37				container_5dm2tmhsgzgvxanfz7if3lymsu	fulltext		Faculty of Law Josip Juraj Strossmayer University of Osijek	0352-5317
serial	Studia Politicae Universitatis Silesiensis (2009-)	1895-3492	2353-9747	2019	24		2022	33				container_augdhtxqabdung44t7eulppbtm	fulltext		Wydawnictwo Uniwersytetu Slaskiego ; CEEOL	1895-3492
serial	The Journal of Agricultural History		2433-0256	1975	1		1987	20				container_xlbggbm6zvep5puybafaeyu7h4	fulltext		J-STAGE	2433-0256
serial	Kvalita Inovácia Prosperita	1335-1745	1338-984X	2010	14		2020	24				container_tkxgnhhyfvdchlxdseyl7ptq2i	fulltext		Faculty of Materials, Metallurgy and Recycling	1335-1745
serial	International Journal of Modern Nonlinear Theory and Application	2167-9479	2167-9487	2012	1		2020	9				container_3s5lpdpg7rhi7e4jaelkod3mne	fulltext		Scientific Research Publishing, Inc	2167-9479
serial	O que nos faz pensar	0104-6675		2017	26		2021	29				container_5pwg4ecsvzeuxfndkowvaw2dki	fulltext		O Que Nos Faz Pensar	0104-6675
serial	E-Health Telecommunication Systems and Networks	2167-9517	2167-9525	2012	1		2020	9				container_kzox7hhahredhp4gsqacpu7gxe	fulltext		Scientific Research Publishing, Inc	2167-9517
serial	Silva Balcanica	1311-8706	1311-8706	2020	21		2021	22				container_loz4bbnexjdqvpnhnr2w6ny4oi	fulltext		Prof. Marin Drinov Academic Publishing House	1311-8706
serial	Case Reports in Critical Care	2090-6420	2090-6439	2011	2011		2022	2022				container_6eqfkzpmkre6fcko3wzvlfqcla	fulltext		Hindawi Limited	2090-6420
serial	Advances in Aerospace Science and Technology	2473-6708	2473-6724	2016	1		2020	5				container_t45snbfmxngfvoal5qizg4slmm	fulltext		Scientific Research Publishing, Inc	2473-6708
serial	Spine Surgery and Related Research		2432-261X	2017	1		2021	6				container_6qqfhrpdhndgngxvpmphzrg64u	fulltext		The Japanese Society for Spine Surgery and Related Research	2432-261X
serial	Journal of Mining and Earth Sciences	1859-1469	1859-1469	2020	61		2021	62				container_p56uuah2xzgvlmnnj5d6crspgu	fulltext		Hanoi University of Mining and Geology	1859-1469
serial	Neraca Keuangan	1858-2214	2654-7880	2018	13		2021	16				container_r3rvzfjhlzaspit74oy2jrzwhe	fulltext		LPPM Universitas Ibn Khaldun Bogor	1858-2214
serial	Animal Blood-Group Research Information		1884-3867	1983	1983		1992	1992				container_vfyav5ilpzaqfes46cjghnbi2e	fulltext		J-STAGE	1884-3867
serial	JPP (Jurnal Pendidikan dan Pembelajaran)	2302-996X	2580-2313	2018	24		2022	29				container_wehphbuoprhcbdpbmqu6vf2ovy	fulltext		Lembaga Pengembangan Pendidikan dan Pembelajaran, Universitas Negeri Malang	2302-996X
serial	Parkinson's Disease	2090-8083	2042-0080	2010	2010		2021	2021				container_ho44hu6idnfvhmsg63sv7jwk2i	fulltext		Hindawi Limited	2042-0080
serial	Korean journal of urology	2005-6737	2005-6745	2010	51		2013	54				container_tih2is4vtbh7dixdq4ecyuurxq	fulltext		Korean Urological Association	2005-6737
serial	Revista Ciencias Veterinarias	0250-5649	2215-4507	2016	33		2023	41				container_wpdrbvgzbvejhlgwdapj4jto2e	fulltext		Universidad Nacional de Costa Rica	0250-5649
serial	Journal of Oral Medicine and Oral Surgery		2608-1326	2018	24		2021	27				container_yhh2ia6ixnelpocb7bhnwvahma	fulltext		EDP Sciences	2608-1326
serial	Journal of the Iranian Statistical Society	1726-4057	2538-189X	2013	12		2021	20				container_ptxng5fjjbfjnneifg2hp2n66i	fulltext		Armenian Green Publishing Co	1726-4057
serial	KONVERGENSI	1858-0688	2721-0936	2016	12		2021	17				container_mrudswdlwfbxxa4ndg4izqrvde	fulltext		Universitas 17 Agustus 1945 Surabaya	1858-0688
serial	The Korean Journal of Urological Oncology	2234-4977	2233-5633	2017	15		2022	20				container_hgz3joed2vczlflcisimfsieia	fulltext		Korean Urological Oncology Society	2234-4977
serial	Anales Médicos de la Asociación Médica del Centro Médico ABC	0185-3252		2019	64		2021	66				container_j4x7kjlwnfe6jcu7ezbk7jeyvi	fulltext		GRAPHIMEDIC SA DE CV	0185-3252
serial	Journal of Environmental Analysis, Health and Toxicology	2672-0175	2672-1139	2019	22		2021	24				container_5b5bywyc65bejfvhfiqnsqdo4y	fulltext		Korea Society of Environmental Analysis	2672-0175
serial	Cadernos de Comunicação	1677-9061	2316-882X	2012	15		2022	26				container_u6yvxavr6zg6pdna4zjljshncy	fulltext		Universidade Federal de Santa Maria	1677-9061
serial	Tempo da ciência	1414-3089	1981-4798	2020	26		2021	28				container_zeet3sgjdnewjf5ywhxs2w6mi4	fulltext		Centro de Ciências Humanas e Sociais, Universidade Estadual do Oeste do Paraná	1414-3089
serial	International Journal of Chemical Engineering	1687-806X	1687-8078	2008	2008		2016	2016				container_25zwwln2nvglhm7j4y2zsxbtlq	fulltext		Hindawi Limited	1687-806X
serial	Koža i Obuća	0450-8726	1849-9767	2019	68		2022	71				container_5zjbpcpyu5gjfheowt3uurnat4	fulltext		Croatian Leather and Footwear Society	0450-8726
serial	Journal of Health Informatics and Statistics	2465-8014	2465-8022	2016	41		2022	47				container_vbissyp3r5d3rjwc45x76fqkzy	fulltext		The Korean Society of Health Informatics and Statistics	2465-8014
serial	Journal of Mathematical Finance	2162-2434	2162-2442	2011	1		2019	9				container_wlb6bpizwbfsddvzelbv6i3eti	fulltext		Scientific Research Publishing, Inc	2162-2442
serial	Polish Journal of Sport and Tourism	1899-1998	2082-8799	2011	18		2019	26				container_3oegq2ln2fdulfwimlwnf26w24	fulltext		De Gruyter Open Sp. z o.o.	1899-1998
serial	South East European Journal of Economics and Business	1840-118X	2233-1999	2013	10		2021	16				container_hub6qdxwyfeynnglkji36khe6y	fulltext		Sciendo	2233-1999
serial	Revista de cirugía	2452-4557	2452-4549	2020	72		2022	74				container_qsrwsfep5belhfwyzx5oixmdoe	fulltext		SciELO Comision Nacional de Investigacion Cientifica Y Tecnologica (CONICYT)	2452-4549
serial	Open Journal of Nephrology	2164-2842	2164-2869	2011	1		2019	9				container_5xhxbwbeozbwbdn5syb4yegitu	fulltext		Scientific Research Publishing, Inc	2164-2869
serial	Vodohospodářské technicko-ekonomické informace	0322-8916	1805-6555	2016	58		2020	62				container_2u5qhnkfivcixc4kawo2tfdjta	fulltext		Vyzkumny ustav vodohospodarsky T. G. Masaryka, v. v. i.	0322-8916
serial	Teología. Revista de la Facultad de Teología de la Pontificia Universidad Católica Argentina	0328-1396		2020	49		2021	58				container_ird5hyvgmfdt7gtwdjzlfhqd5q	fulltext		Facultad de Teología de la Pontificia Universidad Católica Argentina	0328-1396
serial	Shakaika kenkyu	0289-856X	2432-9142	1953	1		2015	93				container_kdqfry2r4bb6dngemmyutyxr6q	fulltext		Japanese Educational Research Association for the Social Studies	0289-856X
serial	International Journal of Otolaryngology and Head & Neck Surgery	2168-5452	2168-5460	2012	1		2019	8				container_zodxhm6shbg23fveccy6t5j2bm	fulltext		Scientific Research Publishing, Inc	2168-5452
serial	Revista Interface Tecnológica	1807-3980	2447-0864	2017	14		2021	18				container_5wxcoa4hzndt7mesvj37ujr3ui	fulltext		Interface Tecnologica	1807-3980
serial	Філософія освіти	2309-1606	2616-7662	2016	18		2023	28				container_t46thudqwvgkxnem3rxvp5ujpm	fulltext		Institute of Higher Education NAES of Ukraine	2309-1606
serial	Archives of Plastic Surgery	2234-6163	2234-6171	2017	44		2019	46				container_p2gxdl2bzvb75ke7kylyslkura	fulltext		Korean Society of Plastic and Reconstructive Surgeons	2234-6163
serial	International Journal of Reproductive Medicine	2356-7104	2314-5757	2013	2013		2021	2021				container_fjuyfz6dxjbmhjyb3chehqns2e	fulltext		Hindawi Limited	2314-5757
serial	Croatian Journal of Infection	1331-2820	1848-7769	2020	39		2021	40				container_zsjhufmtznduro25rsqjrs2p3q	fulltext		Hrvatsko Drustvo Infektologa Hrvatskog Lijecnickog Zbora	1331-2820
serial	World Journal of Neuroscience	2162-2000	2162-2019	2011	1		2019	9				container_z4x7g4smcjc7dfhpj7wqejn7d4	fulltext		Scientific Research Publishing, Inc	2162-2019
serial	Open Journal of Civil Engineering	2164-3164	2164-3172	2011	1		2019	9				container_e34hozwgsbcb7p6m36foozrla4	fulltext		Scientific Research Publishing, Inc	2164-3172
serial	Journal of Aging Research	2090-2204	2090-2212	2010	2010		2021	2021				container_jwmjzdp4hfd5fkkrab62c5a354	fulltext		Hindawi Limited	2090-2204
serial	Ciência & Trópico	0304-2685	2526-9372	2019	43		2022	46				container_5wbpkktvxnf2pet2tgizjypvni	fulltext		Fundacao Joaquim Nabuco	0304-2685
serial	Neuroscience & Medicine	2158-2912	2158-2947	2010	1		2019	10				container_d7fgx6c4crfpni2pntzymiroeu	fulltext		Scientific Research Publishing, Inc	2158-2912
serial	Foldtani Kozlony	0015-542X	2559-902X	2017	147		2021	151				container_dl5nfk3v7fgqndp4efo6syjk2m	fulltext		Foldtani Kozlony	0015-542X
serial	Sosio e-kons	2085-2266	2502-5449	2018	10		2021	13				container_ylsebyluhngt7ebxqvxwizzyry	fulltext		Universitas Indraprasta PGRI	2085-2266
serial	International Journal of Food Science	2356-7015	2314-5765	2013	2013		2021	2021				container_enl7omwa7vfytdcyetw4uy3rru	fulltext		Hindawi Limited	2314-5765
serial	Form@re : Open Journal per la Formazione in Rete	1825-7321	1825-7321	2021	21		2022	22				container_eruynncg3bbu3b6gviotoko74y	fulltext		Firenze University Press	1825-7321
serial	International Journal of Dentistry	1687-8728	1687-8736	2009	2009		2021	2021				container_5btwxr3a4rcapei5rhom53dx6q	fulltext		Hindawi Limited	1687-8728
serial	Utrecht Journal of International and European Law	2053-5341	2053-5341	2010	26		2021	36				container_pxmcnhox7jdixhna7oyqnpn7ca	fulltext		Ubiquity Press, Ltd	2053-5341
serial	Magnetic Resonance		2699-0016	2020	1		2021	2				container_axzwqnywhzbclluw4y74l3jcpm	fulltext		Copernicus GmbH	2699-0016
serial	Advances in Urology	1687-6369	1687-6377	2008	2008		2020	2020				container_k6rf4axrqbeqnefzw7t3sff52i	fulltext		Hindawi Limited	1687-6369
serial	Journal of Nutrition and Metabolism	2090-0724	2090-0732	2010	2010		2021	2021				container_ytc4wwtq4vajteybo342yhkp6m	fulltext		Hindawi Limited	2090-0724
serial	Case Reports in Dermatological Medicine	2090-6463	2090-6471	2011	2011		2021	2021				container_fkkyopux4bb6bl2dpjmxkftfe4	fulltext		Hindawi Limited	2090-6463
serial	Pedagogy of Physical Culture and Sports		2664-9837	2020	24		2021	25				container_cxdprlvi2vehtfmtqjg3jq6eza	fulltext		Kharkov National Pedagogical University	2664-9837
serial	Case Reports in Transplantation	2090-6943	2090-6951	2011	2011		2023	2023				container_jrrtioara5bb7mulcit3nvbcgi	fulltext		Hindawi Limited	2090-6951
serial	Timişoara Medical Journal	1583-5251	1583-526X	2020	2020		2021	2021				container_jcrnwddqfnffdmwb2kk5qjajim	fulltext		Journal and Article Management System	1583-5251
serial	Tekstilec	0351-3386	2350-3696	2013	56		2022	65				container_jmixx76g3bheji3yfjprvvzveu	fulltext		University of Ljubljana, Faculty for Natural Sciences and Engineering	0351-3386
serial	Atmospheric and Climate Sciences	2160-0414	2160-0422	2011	1		2019	9				container_ustgghtb5bc6bk7sj5exdij4xa	fulltext		Scientific Research Publishing, Inc	2160-0422
serial	Horizontes Pedagógicos	0123-8264	2500-705X	2019	21		2020	22				container_jagvosesc5hfxiuho6qi6d24zi	fulltext		Corporacion Universitaria Iberoamericana	0123-8264
serial	Journal of Neurological Surgery Reports	2193-6358	2193-6366	2012	73		2021	82				container_dlsewdqgyvg6hibsb7erdhredm	fulltext		Georg Thieme Verlag KG	2193-6358
serial	The Korean Journal of Aerospace and Environmental Medicine	1738-2548	2713-9972	2020	30		2022	32				container_2t6h2tijqzeivpmvsbrbq2zzw4	fulltext		Aerospace Medical Association of Korea	1738-2548
serial	Medicina Crítica	2448-8909		2019	33		2021	35				container_sehqyjwbmbe5tcwq6rcpo7r5tu	fulltext		GRAPHIMEDIC SA DE CV	2448-8909
serial	Seuteureseu Yeon-gu	1225-665X	2234-1668	2014	22		2021	29				container_rxozxaugnbaevazc4x4bq7zebm	fulltext		Korean Society of Stress Medicine	1225-665X
serial	SIMAK	1693-5047	2621-0320	2018	16		2021	19				container_soh54dfxtfbuplspcez4thpb5a	fulltext		Universitas Atma Jaya Makassar	1693-5047
serial	Journal of Applied Membrane Science & Technology		2600-9226	2020	24		2021	25				container_v3sh4db4wzcxdpgwnzw6irnf5q	fulltext		Penerbit UTM Press	2600-9226
serial	Structure and Environment	2081-1500	2657-6902	2019	11		2022	14				container_2xnuo5cx4vhwnpfcqwo5e3nxne	fulltext		Kielce University of Technology	2081-1500
serial	Sains Malaysiana	0126-6039	0126-6039	2014	43		2015	44				container_j7jthqydjvevzjnbcyft3nmu7m	fulltext		Penerbit Universiti Kebangsaan Malaysia (UKM Press)	0126-6039
serial	The Medical and Ecological Problems	2073-4662	2519-2302	2018	22		2022	26				container_wx2cqfm5e5c3tcscpnrfenicjm	fulltext		Ukrainian Medical  Stomatological Academy	2073-4662
serial	Jurnal Manajemen (Fakultas Ekonomi Universitas Katolik Indonesia Atma Jaya Jakarta)	1829-6211	2597-4106	2013	10		2022	19				container_r7wkwqfcwrgnzcovtpiujim4ri	fulltext		Atma Jaya Catholic University of Indonesia	1829-6211
serial	Warszawskie studia teologiczne	0209-3782	2719-7530	2019	32		2020	33				container_ayokonqym5ccdmovik7apeccse	fulltext		Sekcja św. Jana Chrzciciela , Papieski Wydział Teologiczny	0209-3782
serial	Revista de Economia e Sociologia Rural	0103-2003	1806-9479	2004	42		2021	60				container_yy4tugyp6fdptcr2h7247oqsxa	fulltext		SciELO	0103-2003
serial	Convergências - Revista de Investigação e Ensino das Artes	1646-9054	1646-9054	2020	13		2022	15				container_rcabqfeiyvepxe3xf63dx56wxe	fulltext		Politécnico de Castelo Branco	1646-9054
serial	Revista Retratos da Escola	1982-131X	2238-4391	2016	10		2021	15				container_nv2w2bm2hrahnallra25aqv22q	fulltext		Confederacao Nacional dos Trabalhadores em Educacao (CNTE)	1982-131X
serial	Revista de Sociología de la Educación-RASE		2605-1923	2018	11		2023	16				container_5rxa77gbjncl5extqgaolvesza	fulltext		Universitat de Valencia	2605-1923
serial	Cancer Drug Resistance		2578-532X	2018	1		2021	4				container_emm2dhxjlrhp3dkwjxg6xoxsje	fulltext		OAE Publishing	2578-532X
serial	Gaceta Médica Espirituana	1608-8921	1608-8921	2013	15		2022	24				container_qr5rjpofjvfphmtg3ektglasoi	fulltext		SciELO	1608-8921
serial	Communications - Scientific letters of the University of Zilina	1335-4205	2585-7878	2018	20		2021	23				container_i2ghvqx32ngdddghxyfuojytte	fulltext		University of Zilina	2585-7878
serial	Open Journal of Orthopedics	2164-3008	2164-3016	2011	1		2019	9				container_tp6i3itqmncfxeywr2sywdiyqi	fulltext		Scientific Research Publishing, Inc	2164-3016
serial	Psychology	2152-7180	2152-7199	2010	1		2018	9				container_jxkgrvdwjfbf3iznpywuhrujsu	fulltext		Scientific Research Publishing, Inc	2152-7180
serial	Ecological Chemistry and Engineering S-Chemia I Inzynieria Ekologiczna S	1898-6196	2084-4549	2012	19		2019	26				container_jqocmjunszgdngibmjtr6eklnq	fulltext		De Gruyter Open Sp. z o.o.	1898-6196
serial	Advances in Lung Cancer	2169-2718	2169-2726	2012	1		2019	8				container_ohyj6atgcbhfffrhtqy6p4kgiu	fulltext		Scientific Research Publishing, Inc	2169-2726
serial	Revista Cimexus	1870-6479	2007-9206	2018	13		2020	15				container_rfog3fljebdv3dsdkxejg4fzle	fulltext		Instituto de Investigaciones Economicas y Empresariales	1870-6479
serial	RYODORAKU	0913-0942	1884-9245	1960	1960		1968	1968				container_fh2w2w6yovaehh5fxrby23v2oe	fulltext		The Japanese Society of Ryodoraku Medicine	0913-0942
serial	Journal of Japan Oil Chemists Society	1341-8327	1884-2003	1996	45		1997	46				container_ebvc4f5chfcnpmqjcp3ffks7qa	fulltext		Japan Oil Chemists' Society	1341-8327
serial	Agropecuária Técnica	0100-7467	2525-8990	2017	38		2021	42				container_vqtr5jpvu5erbivo6pec3wr7s4	fulltext		Revista Agropecuraria Tecnica - AGROTEC	0100-7467
serial	Journal of Flow Control Measurement and Visualization	2329-3322	2329-3330	2013	1		2019	7				container_ne44al3wdreptl6eck3kyfctym	fulltext		Scientific Research Publishing, Inc	2329-3322
serial	Jurnal Kesehatan Prima	1978-1334	2460-8661	2018	11		2022	16				container_okilntjufjhpdiqhbduwzgl3i4	fulltext		Poltekkes Kemenkes Mataram	2460-8661
serial	Interação - Revista de Ensino, Pesquisa e Extensão	1517-848X	2446-9874	2019	21		2022	24				container_giqqp2sk4jak3ip4kstvjcktra	fulltext		Interacao	1517-848X
serial	Revista Mexicana de Pediatría	0035-0052		2019	86		2021	88				container_hm6fmak2vvfdhlonb3epqrdj2y	fulltext		GRAPHIMEDIC SA DE CV	0035-0052
serial	Forum Agribisnis	2252-5491	2656-4599	2020	10		2022	12				container_mwk3f6t2wjeejgcj33eudqkv4u	fulltext		Institut Pertanian Bogor	2252-5491
serial	Scientifica		2090-908X	2012	2012		2021	2021				container_cedcmxthe5fpfombkpxc34rleu	fulltext		Hindawi  (Scientifica)	2090-908X
serial	Journal of Petroleum Research and Studies	2220-5381	2710-1096	2017	10		2022	12				container_h3y5ngsplnhareaajfzrf6blwi	fulltext		Petroleum Research and Development Center (PRDC)	2220-5381
serial	Psychiatry Journal	2314-4327	2314-4335	2013	2013		2023	2023				container_ihrynnsh2jesbj4bp56oht6ilq	fulltext		Hindawi Limited	2314-4327
serial	TESLA Jurnal Teknik Elektro	1410-9735	2655-7967	2020	21		2022	24				container_o3pmhgwwwfdstae2su5mwvnhti	fulltext		Universitas Tarumanagara	1410-9735
serial	Journal of the New Economic Association	2221-2264		2017	30		2022	57				container_lcpylktwcngcfkdalm3b6ek4km	fulltext		Journal of New Economic Association	2221-2264
serial	Izvestiya of the Samara Science Centre of the Russian Academy of Sciences. Social, Humanitarian, Medicobiological Sciences	2413-9645		2017	19		2023	25				container_eumi25epkrdfjl3koiu6ve2xu4	fulltext		Samara Federal research center of the Russian Academy of Sciences	2413-9645
serial	Odessa National University Herald. Economy	2304-0920	2664-696X	2019	24		2022	27				container_hj4r4l6gffg7xoik3foejivjxi	fulltext		Publishing House Helvetica	2304-0920
serial	TRANSFORMASI Jurnal Pengabdian Masyarakat	1858-3571	2580-9628	2016	12		2022	18				container_bqqwgu45e5bg5bhn4i2glrfjrm	fulltext		State Islamic University (UIN) Mataram	1858-3571
serial	Revista ECO-Pós	0104-6160	2175-8689	2018	21		2021	24				container_b2ishpwk4jhonogu4xyoshxg3y	fulltext		Programa de Pós-Graduação em Comunicação e Cultura, Escola de Comunicação, Universidade Federal do Rio de Janeiro	2175-8689
serial	Revista Mexicana de Cirugía Bucal y Maxilofacial	2007-3178		2020	16		2021	17				container_gupugxwaszgvhdmqxynuibb2nu	fulltext		GRAPHIMEDIC SA DE CV	2007-3178
serial	European Science Editing	0258-3127	2518-3354	2016	42		2020	46				container_v7e4xabw4vdmzfubbafmayxeo4	fulltext		European Association of Science Editors	0258-3127
serial	Antinomies	2686-7206	2686-925X	2020	20		2021	21				container_l7i53qcskrcuzgk5zvw6ecr5qq	fulltext		Institute of Philosophy and Law, Ural Branch of the RAS	2686-925X
serial	Agri-Tek : jurnal penelitian ilmu-ilmu eksakta	1411-5336	2580-0035	2018	19		2021	22				container_6bhphd7mbnhqfoecjo5qlpv3ei	fulltext		LPPM Universitas Merdeka Madiun	1411-5336
serial	Jurnal Farmasi Indonesia	1693-8615	2302-4291	2017	14		2022	19				container_mzelx7dh3vagff33jkwyo2f6o4	fulltext		Universitas Setia Budi	1693-8615
serial	Linguagem em (Dis)curso	1518-7632	1982-4017	2008	10		2020	20				container_aij56im66zcyjnfh44prncihti	fulltext		SciELO	1518-7632
serial	BMJ Neurology Open		2632-6140	2019	1		2021	3				container_nvbpstyfpbbqzmz6j4p7awcble	fulltext		BMJ	2632-6140
serial	Journal of Agricultural Chemistry and Environment	2325-7458	2325-744X	2012	1		2018	7				container_ybcezk56h5a3jnjpqzx3ybvqku	fulltext		Scientific Research Publishing, Inc	2325-7458
serial	International Journal of Biomaterials	1687-8787	1687-8795	2009	2009		2021	2021				container_sufpipu3wzdydd526az4snbpbu	fulltext		Hindawi Limited	1687-8787
serial	Ekonomika	0350-137X	2334-9190	2015	61		2021	67				container_s5zzr25mf5dxpjx6qpwb64tzkm	fulltext		Centre for Evaluation in Education and Science	0350-137X
serial	Xibei Gongye Daxue Xuebao/Journal of Northwestern Polytechnical University	1000-2758	2609-7125	2018	36		2021	39				container_bukmlu4n5zhl7opy4h65io5fxq	fulltext		EDP Sciences	1000-2758
serial	Res Humanitariae	1822-7708	1822-7708	2014	17		2021	29				container_aesmgnrdxnct5eywgd7i6u6zti	fulltext		Klaipeda University Press	1822-7708
serial	Bulletin of Glaciological Research	1345-3807	1884-8044	2011	29		2023	41				container_qk6cgr5kpfcnzfpdxws5idg3ie	fulltext		Japanese Society of Snow and Ice	1345-3807
serial	Конденсированные среды и межфазные границы	1606-867X	2687-0711	2019	21		2021	23				container_lz3qjf2i5vhqhkhlqcc6rhoela	fulltext		Voronezh State University	1606-867X
serial	Acta Medica Bulgarica	0324-1750	0324-1750	2014	41		2020	47				container_jx73whkvcvgk7cxgddkntpixfq	fulltext		De Gruyter Open Sp. z o.o.	0324-1750
serial	Case Reports in Gastrointestinal Medicine	2090-6528	2090-6536	2011	2011		2021	2021				container_6yvqckosxzajzgwqbuapslhadm	fulltext		Hindawi Limited	2090-6536
serial	Journal of Neurogastroenterology and Motility	2093-0879	2093-0887	2020	26		2021	27				container_hnjmjp6r4vawda67mfxmvg45py	fulltext		The Korean Society of Neurogastroenterology and Motility (KAMJE)	2093-0879
serial	Advances in pharmacological and pharmaceutical sciences	2633-4682	2633-4690	2020	2020		2021	2021				container_wf7h3zvdrfhenhkvvxl33iniwa	fulltext		Hindawi Limited	2633-4690
serial	International Journal of Health Sciences and Research	2249-9571	2249-9571	2014	4		2021	11				container_nwawxihwy5d4vdc7fug2eudrym	fulltext		Baroda : Suman Chaurasia	2249-9571
serial	Studia Paedagogica	1803-7437	2336-4521	2018	23		2022	26				container_nnr6xv5hrfctdmlder7t7mabe4	fulltext		Masaryk University Press	1803-7437
serial	Cakrawala : jurnal humaniora Bina Sarana Informatika	1411-8629	2579-3314	2019	19		2022	22				container_mrip2j2ldvggrjhkskltufosre	fulltext		Universitas Bina Sarana Informatika	1411-8629
serial	Current Issues in Comparative Education		1523-1615	2021	23		2022	24				container_mtc7g6bnkzed3liiibigg7ssvy	fulltext		Teachers College	1523-1615
serial	Open Journal of Air Pollution	2169-2653	2169-2661	2012	1		2019	8				container_l4iiuog4kvc67dyj3mbvojug4a	fulltext		Scientific Research Publishing, Inc	2169-2661
serial	Revista Ciências Administrativas	1414-0896	2318-0722	2013	19		2022	28				container_25tlolxfbfffhneqpbelue7mfm	fulltext		Fundacao Edson Queiroz	1414-0896
serial	Revista de Economía, Facultad de Economía, Universidad Autónoma de Yucatán		2395-8715	2009	26		2021	38				container_qrmxxk2ucjcnbdvqralzsmfo6a	fulltext		Universidad Autonoma de Yucatan Facultad de Economia	2395-8715
serial	International Journal of Agriculture Environment and Bioresearch		2456-8643	2020	5		2021	6				container_leeld2cxlrcvxeuyfovy5cnhgu	fulltext		IJAEB Publication	2456-8643
serial	Radiology Research and Practice	2090-1941	2090-195X	2011	2011		2021	2021				container_a2gbnfcbbfgtlbe2k6pfn24ew4	fulltext		Hindawi Limited	2090-195X
serial	Advances in Preventive Medicine	2090-3480	2090-3499	2011	2011		2022	2022				container_e5qdwlbygbclndy72w5rliogzi	fulltext		Hindawi Limited	2090-3480
serial	Sønderjydske Årbøger	0106-4452	2445-7302	2018	129		2021	130				container_ulycwu7g6je6dajc7xc3odcngy	fulltext		Aarhus University Library	0106-4452
serial	Język a kultura	1232-9657		2017	26		2022	29				container_jxi4x7glr5honmdbi2x2ocjopm	fulltext		Towarzystwo Przyjaciól Polonistyki Wroclawskiej	1232-9657
serial	Open Journal of Clinical Diagnostics	2162-5816	2162-5824	2011	1		2019	9				container_rjvlceh76femjapc3hmj46hham	fulltext		Scientific Research Publishing, Inc	2162-5816
serial	Case Reports in Immunology	2090-6609	2090-6617	2011	2011		2021	2021				container_oubsqmv3ene6jpkie552qm5pdm	fulltext		Hindawi Limited	2090-6617
serial	Herpetozoa	1013-4425	2682-955X	2017	29		2021	34				container_j2njx43uzfdifhnksandmyuhgm	fulltext		Pensoft Publishers	1013-4425
serial	Cadernos Metrópole	1517-2422	2236-9996	2013	15		2020	22				container_ebq7baj6sbdadkuwku535v3xh4	fulltext		SciELO	1517-2422
serial	Romanian Journal of Pharmaceutical Practice	2066-5563	2069-6671	2013	10		2023	62				container_dyn76ovjfzccvdhoy37qhszd2e	fulltext		AMALTEA Medical Publishing House	2066-5563
serial	Journal of Entomological and Acarological Research	2038-324X	2279-7084	2011	43		2022	54				container_zj6tewhuabaxppyc5l75a6ofe4	fulltext		PAGEPress Publications	2038-324X
serial	Jurnal Bahasa, Sastra, dan Studi Amerika	1410-5411	2685-4503	2019	25		2021	27				container_hv5xz5cgvjhttekjrswe4qfake	fulltext		Universitas Sebelas Maret	1410-5411
serial	Maspari journal : marine science research	2087-0558		2020	12		2022	14				container_h6v2v2mt5vc4jp4pfmj4eprvjq	fulltext			2087-0558
serial	Agrosains	1411-5786	2655-7339	2019	21		2021	23				container_fgdag6pnzfd35lx6zwxa4vfg6i	fulltext		Sebelas Maret University, Faculty of Agriculture	1411-5786
serial	Paradigma Revista de investigación educativa	1817-4221	1817-4221	2014	20		2022	29				container_pkqlccxifzbengk2xtgn5jxqr4	fulltext		Latin America Journals Online	1817-4221
serial	Bangladesh Veterinarian	1012-5949	2224-7289	2011	26		2022	38				container_raykzytnjne3nems2vxwguwc5y	fulltext		Bangladesh Journals Online	1012-5949
serial	Perspektif	1412-8004	2540-8240	2016	14		2021	20				container_ob6gahpga5c23gfixrf7pj7p5m	fulltext		Indonesian Agency For Agricultural Research and Development (IAARD)	1412-8004
serial	Shaut Al-Maktabah	2339-1456		2019	11		2021	13				container_kbm5pr27brbglkklfoyk6dsluu	fulltext			2339-1456
serial	Quality : Jurnal Kesehatan	1978-4325	2655-2434	1970	11		2021	15				container_a2fnb2wtt5fnbiunvsfnxjtwa4	fulltext		Politeknik Kesehatan Jakarta I	1978-4325
serial	Media penelitian pendidikan	1978-936X	2528-0562	2017	11		2021	15				container_kthrjo2vifhxzo33jf3iyqwjwe	fulltext		Universitas PGRI Semarang	1978-936X
serial	Jurnal Riset Akuntansi Aksioma	1858-0785	2654-8488	2020	19		2022	21				container_hko2lne3uvfuhhf457hovy67tu	fulltext		Universitas Mataram	1858-0785
serial	Acta Agraria Kaposváriensis	1418-1789		2018	22		2022	26				container_4gwndxyq2bfghpreiey2hhgopu	fulltext		Acta Agraria Kaposvariensis	1418-1789
serial	Nearco		1982-8713	2020	12		2021	13				container_eko4mtxuhndjzfqofyhcws4tky	fulltext		Universidade do Estado do Rio de Janeiro	1982-8713
serial	Jurnal Filsafat dan Pemikiran Keislaman Refleksi	1411-9951	2548-4745	2020	19		2022	22				container_tecc7tfsyjasrl3oalgakn4cka	fulltext		Program Studi Aqidah dan Filsafat Islam, Universitas Islam Negeri Sunan Kalijaga Yogyakarta	1411-9951
serial	Al-Buhuts	1907-0977	2442-823X	2017	13		2020	16				container_b4sd7gbb4zg7xbklw5tuc2eani	fulltext		Institut Agama Islam Negeri Sultan Amai Gorontalo	1907-0977
serial	Synergy. Journal of the Department of Modern Languages and Business Communication	1841-7191		2021	17		2023	18				container_cn64p7p3tjhvxhkpy5v55mu74m	fulltext		Department of Modern Languages and Business Communication, Bucharest Academy of Economic Studies	1841-7191
serial	Ekphrasis: Images, Cinema, Theory, Media	2067-631X	2559-2068	2014	17		2022	28				container_afahqmzflradxl7cdzh2m2adtq	fulltext		Babes-Bolyai University	2067-631X
serial	Paradigma Económico	2007-3062	2594-1348	2019	11		2022	15				container_ju7o7dsaozdjrh7oi5vmu3xdaq	fulltext		Universidad Autonoma del Estado de Mexico	2007-3062
serial	Education en débats		1660-7147	2021	10		2022	12				container_atudzkeef5cabenkvstqpnqjwu	fulltext		Haute École Pédagogique BEJUNE	1660-7147
serial	Jurnal Agripeat	1411-6782	2620-6935	2019	18		2022	23				container_qdhscdtkazd5hm4lmtbvjucifm	fulltext		Universitas Palangka Raya	1411-6782
serial	INFORMASI (Jurnal Informatika dan Sistem Informasi)	2085-8795	2715-7040	2019	11		2022	14				container_xdcqat5rnzbxtdltzivsos273q	fulltext		STMIK IM	2715-7040
serial	Jurnal administrasi publik	1858-2168		2018	14		2022	18				container_vrh4rxb5xzgrrkb4niihvddjza	fulltext			1858-2168
serial	Korean Journal of Neuromuscular Disorders	2093-3312		2020	12		2022	14				container_y2oljftgi5hkjgpwnwsbxvpcsm	fulltext		Korean Society of Neuromuscular Disorders	2093-3312
serial	Jurnal Ilmu Kesehatan Bhakti Husada: Health Sciences Journal	2252-9462	2623-1204	2019	10		2022	13				container_mo4bmx65bjgyfja5run7uublu4	fulltext		Sekolah Tinggi Ilmu Kesehatan Kuningan Garawangi	2252-9462
serial	Women in Judaism: a multidisciplinary journal		1209-9392	2020	17		2022	18				container_yh4j44mmnjbybf34sqgaz35vry	fulltext		University of Toronto	1209-9392
serial	Revista de Medicina y Ética	0188-5022	2594-2166	2019	30		2021	32				container_dkx3dg3rgzfsphawccnyshbksq	fulltext		Universidad Anahuac Mexico	2594-2166
serial	Jurnal Penelitian dan Evaluasi Pendidikan Indonesia	2613-957X	2686-1933	2021	11		2022	12				container_ohlagnwfjjfi3axoke6pu5hlva	fulltext		Universitas Pendidikan Ganesha	2613-957X
serial	Revue internationale de pédagogie de l'enseignement supérieur (RIPES)	0383-0802	2076-8427	2009	25		2020	36				container_as4ngkclvncltjlbtfi3wo3ciq	fulltext		Association internationale de pédagogie universitaire	0383-0802
serial	Management and Accounting Review (MAR)	2600-7975	2550-1895	2017	16		2022	21				container_3l5ry6vb3rh5lnobjym7snfgay	fulltext		UiTM Press, Universiti Teknologi MARA	2550-1895
serial	Theology in Scotland	1465-2862	1465-2862	2019	26		2022	29				container_34sdk6gczvg67e6ky6axrx7ez4	fulltext		University of St. Andrews Library	1465-2862
serial	Journal of Tourism and Services		1804-5650	2018	10		2021	12				container_aruyozelzbbt7nkmb4hwihqkey	fulltext		University College of Business in Prague	1804-5650
serial	Anglistik	0947-0034	2625-2147	2019	30		2020	31				container_3vswav2sirfhlhdkhjxiamefuu	fulltext		Universitatverlag WINTER Heidelberg	0947-0034
serial	Jurnal Sehat Mandiri	1978-8517	2615-8760	2017	12		2022	17				container_bhb6ycxupvdqfau7ckpfyzm4aq	fulltext		Poltekkes Kemenkes Padang	1978-8517
serial	BULLETIN OF THE KARAGANDA UNIVERSITY-MATHEMATICS	2518-7929	2518-7929	2019	94		2021	107				container_vc5dcgedsnf4thdlagnonnzi3i	fulltext		Buketov Karaganda State University	2518-7929
serial	Revizor	1450-7005	2620-1461	2018	21		2022	25				container_3w3535qgpncifcflxubjazf77a	fulltext		Centre for Evaluation in Education and Science	1450-7005
serial	Damianus: Journal of Medicine	2086-4256	2656-4971	2019	18		2021	20				container_xy5wrkukkfga7clu5rkmcjshlm	fulltext		Atma Jaya Catholic University of Indonesia	2086-4256
serial	DttP Documents to the People	0091-2085	0091-2085	2016	32		2021	49				container_2ai7egafabcjzi6inlvcskklqq	fulltext		American Library Association	0091-2085
serial	Bezbednost Beograd	0409-2953		2014	56		2022	64				container_7t6gy72vpza2zl2ojhygf4tgvq	fulltext		Centre for Evaluation in Education and Science	0409-2953
serial	Competence (Kompetensi)	1907-4824	2541-2655	2019	12		2021	15				container_q533bbxxl5ampciopgcvnh2a64	fulltext		University of Trunojoyo Madura	1907-4824
serial	Mudīriyyat va barnāmah/rīzī dar niẓām/hā-yi āmūzishī	2423-5261		2019	12		2021	14				container_xz4bthjjabduzagdzjvhfgk5ki	fulltext			2423-5261
serial	Nordisk Administrativt Tidsskrift	0029-1285	2246-1310	2020	97		2021	98				container_42krcwbdmjaatcv3nap6nyx2aa	fulltext		Nordisk Administrativt Forbund	0029-1285
serial	Culture Management	1896-8201	2084-3976	2018	19		2021	22				container_mmcy5p4bavde7bvfa5bxv5pizi	fulltext		Uniwersytet Jagiellonski – Wydawnictwo Uniwersytetu Jagiellonskiego	1896-8201
serial	Revista Mexicana de Patología Clínica y Medicina de Laboratorio	0185-6014		2020	67		2022	69				container_g3q65qvwdvdtlbggfu55mbcvji	fulltext		GRAPHIMEDIC SA DE CV	0185-6014
serial	Navigation		2433-1201	1954	1		1956	5				container_mbh5tn7pzjahbn7elmcar4kawa	fulltext		J-STAGE	2433-1201
serial	Studia Polityczne	1230-3135		2020	48		2021	49				container_3fdi7hvkkvhlvm5wn4qe2bv3ie	fulltext		Polska Akademia Nauk, Instytut Studiów Politycznych ; Collegium Civitas ; CEEOL	1230-3135
serial	Revista Ágora		1980-0096	2020	31		2021	32				container_nn2jpkgkjjc27hu565delgznoq	fulltext		Universidade Federal do Espírito Santo	1980-0096
serial	THE SCIENTIFIC ISSUES OF TERNOPIL VOLODYMYR HNATIUK NATIONAL PEDAGOGICAL UNIVERSITY. SERIES: GEOGRAPHY	2311-3383	2519-4577	2020	47		2022	54				container_huqpidbpjzcchgkaafcsnquhea	fulltext		Ternopil Volodymyr Hnatiuk National Pedagogical University	2311-3383
serial	Biological Communications	2542-2154	2587-5779	2017	62		2022	67				container_3qzdmysf4rhdjb3cswh6yc4agi	fulltext		Saint Petersburg State University	2542-2154
serial	Metszet	2061-2710	2061-2710	2019	10		2022	13				container_6ggxmfoxdjdxtcokruh5gysbzq	fulltext		Metszetek	2061-2710
serial	Widya Genitri : Jurnal Ilmiah Pendidikan, Agama dan Kebudayaan Hindu	2302-9102	2685-7189	2019	10		2022	13				container_p5rqc24ghjhnvf76aqthlujm6i	fulltext		STAH Dharma Sentana Sulawesi Tengah	2302-9102
serial	Portugália	0871-4290	2183-3516	2017	38		2020	41				container_po6vtnyawzdg5pr24g3gg72cnq	fulltext		Universidade do Porto, Faculdade de Letras	0871-4290
serial	BMJ Open Science		2398-8703	2018	2		2021	5				container_codlytygdrep5mty75p2x5fwjm	fulltext		BMJ	2398-8703
serial	Annals of Dunarea de Jos University of Galati. Fascicle XII, Welding Equipment and Technology	1221-4639	2668-6163	2018	29		2020	31				container_7yiut5mwcbbg7lwndn6kyffxby	fulltext		Universitatea Dunarea de Jos din Galati	1221-4639
serial	International Journal of Comparative Psychology	0889-3667	2168-3344	1993	6		2020	33				container_hkrlxhjgdvhhzlghiexwkzpway	fulltext		eScholarship Publishing, University of California	0889-3667
serial	Mandala of Health	0216-3098	2615-6954	2017	11		2021	14				container_7kq5r3lgszchtdbjym7xniepke	fulltext		Jenderal Soedirman University	0216-3098
serial	Translational and Clinical Pharmacology	2289-0882	2383-5427	2014	22		2021	29				container_5q2tzi4nefchrn3y2izvv6qvdq	fulltext		Korean Society for Clinical Pharmacology and Therapeutics (KAMJE)	2289-0882
serial	Insight: Jurnal Ilmiah Psikologi	1693-2552	2548-1800	2019	21		2020	22				container_4d5rke4l2vh75h4wkpqvuwztzq	fulltext		Universitas Mercu Buana Yogyakarta	1693-2552
serial	Tarbiyatuna: Jurnal Pendidikan Islam	2085-6539	2442-4579	2018	11		2022	15				container_7v3nxtneqrdkxnd42ptaqovxi4	fulltext		Koordinatorat Perguruan Tinggi Keagamaan Islam Swasta Wilayah IV Surabaya	2085-6539
serial	Advances in Virology	1687-8639	1687-8647	2009	2009		2021	2021				container_4qz6su5aabc7tgwuimfktrsdb4	fulltext		Hindawi Limited	1687-8639
serial	EGALITA	1907-3461	2686-066X	2018	11		2022	17				container_5b3bacce7rd5jmzrhpepe2jqfq	fulltext		Maulana Malik Ibrahim State Islamic University	2686-066X
serial	Miskolci Jogi Szemle	1788-0386		2021	16		2022	17				container_yqppaelk7nbd7e4xbczta5daqm	fulltext		Miskolci Jogi Szemle	1788-0386
serial	Quaderni dell'Osservatorio elettorale. QOE - IJES	0392-6753	2724-4679	2011	65		2022	85				container_nruzbromwvco5amhrzgksrh3xm	fulltext		Firenze University Press	0392-6753
serial	Journal of Home Economics Education	0386-2658		1960	1		1963	4				container_bmzefbwcrffjdfce4k7yldqeda	fulltext		The Japan Association of Home Economics Education	0386-2658
serial	Magyar Nyelvjárások	0541-9298	1588-7162	2018	56		2021	59				container_5hz6sowyfzhexobd6r3biayuky	fulltext		Magyar Nyelvjarasok	0541-9298
serial	Surgery Research and Practice	2356-7759	2356-6124	2014	2014		2023	2023				container_xfvqjzxjkbhcrdzlcw4ggyl64a	fulltext		Hindawi Limited	2356-6124
serial	Open Journal of Regenerative Medicine	2169-2513	2169-2521	2012	1		2020	9				container_nywnzkzhzbdmnen3qqrz7yjlde	fulltext		Scientific Research Publishing, Inc	2169-2521
serial	Case Reports in Veterinary Medicine	2090-7001	2090-701X	2012	2012		2022	2022				container_ulbakafns5frdoyymnnj26y2pa	fulltext		Hindawi Limited	2090-7001
serial	Developmental Observer		2689-2650	2020	13		2022	15				container_wwznwwvrizh35o5bf6p4d6u3ee	fulltext		IUScholarWorks	2689-2650
serial	Archive of Clinical Cases	2360-6975	2360-6975	2014	1		2020	7				container_onz23hvgkffldkbyxbnbx2icnq	fulltext		Grigore T. Popa University of Medicine and Pharmacy	2360-6975
serial	World Journal of Nuclear Science and Technology	2161-6795	2161-6809	2011	1		2020	10				container_l6gxrgqohzh5falyr5y44qzib4	fulltext		Scientific Research Publishing, Inc	2161-6795
serial	Modern technology, materials and design in construction	2311-1429	2311-1437	2019	26		2022	32				container_a5aiyrh6tvcj7hqqmlwxezntlq	fulltext		Vinnytsia National Technical University	2311-1429
serial	Varela		1810-3413	2018	18		2019	19				container_vnv56b2utbedjd53xbvxrydfam	fulltext		"Universidad Central ""Marta Abreu"" de Las Villas"	1810-3413
serial	Читалиште	2217-5555	2217-5563	1970	16		2023	21				container_6iqygjogwjejpkmgvjovyyrrn4	fulltext		Faculty of Philosophy, University of Novi Sad	2217-5555
serial	Prospectiva	1692-8261	2216-1368	1970	10		2020	18				container_ftrohntoufamvag77vqz4uzosi	fulltext		Editorial Uniautónoma	1692-8261
serial	Revista Perspectiva Filosófica - ISSN: 2357-9986	0104-6454	2357-9986	2017	44		2021	48				container_m3urdtdlwjbgfdv3yqwsjstitm	fulltext		Universidade Federal de Pernambuco	0104-6454
serial	Al-Maslahah : jurnal ilmu syariah	1907-0233	2502-8367	2020	16		2021	17				container_odhgqvwynrg3rejta4mjc7l2om	fulltext		IAIN Pontianak	2502-8367
serial	Journal of Analytical Methods in Chemistry	2090-8865	2090-8873	2012	2012		2020	2020				container_7cbab63cmbbanoqlwidwhozv6q	fulltext		Hindawi Limited	2090-8873
serial	PRILOZI	0350-1914	0350-1914	2014	4		2022	36				container_7fgjmt3bpnglxb2sf23wtbo7ye	fulltext		Walter de Gruyter	0350-1914
serial	European Journal for the Study of Thomas Aquinas		2657-3555	2013	33		2022	40				container_nrdnlpkfizdvrhtliiq6auia3m	fulltext		Walter de Gruyter GmbH	2657-3555
serial	PAEDAGOGIA	0126-4109	2549-6670	2017	20		2023	26				container_b24vajh2p5eitikq6wncqytytq	fulltext		Universitas Sebelas Maret	0126-4109
serial	Journal of Architecture and Urbanism	2029-7955	2029-7947	2006	30		2021	45				container_7ldt6lynbrdpthpssh577uwstu	fulltext		Vilnius Gediminas Technical University	2029-7947
serial	BMJ Surgery, Interventions, & Health Technologies		2631-4940	2019	1		2021	3				container_7a6d6idmrzb37nwcox6olmvpua	fulltext		BMJ	2631-4940
serial	Journal of Environmental and Public Health	1687-9805	1687-9813	2009	2009		2020	2020				container_y3xmhz2eofgshewiiq42a3bnsa	fulltext		Hindawi Limited	1687-9805
serial	Journal of Liver Cancer	2288-8128	2383-5001	2014	13		2021	21				container_kjfmwne32zhd5os4iek4yihksq	fulltext		Korean Liver Cancer Association	2288-8128
serial	e-Journal of Analysis and Applied Mathematics		2544-9990	2018	2018		2022	2022				container_qxfkxcymj5cddmi2ffvwvilq7u	fulltext		Walter de Gruyter GmbH	2544-9990
serial	Acta Universitatis Cibiniensis. Series E: Food Technology	2344-150X	2344-150X	2013	17		2020	24				container_5etkx7g2zrfwbbvrkkwapmkuqa	fulltext		De Gruyter Open Sp. z o.o.	2344-1496
serial	Advances in Modelling and Analysis B	1240-4543		2019	62		2022	65				container_yuzurvebivazlptvcltftrxxxy	fulltext		International Information and Engineering Technology Association	1240-4543
serial	Nukleonika	0029-5922	1508-5791	2013	59		2021	67				container_4fcf2budbfgirhv4tulejm3bku	fulltext		De Gruyter Open Sp. z o.o.	0029-5922
serial	PROCEEDINGS OF THE JAPANESE CONFERENCE ON HYDRAULICS	0913-4131	1884-9164	1976	20		1978	22				container_5rovgolthrfw3hpylca7oqqbsy	fulltext		Japan Society of Civil Engineers	0913-4131
serial	Jurnal Akuntansi dan Ekonomika	2089-1768	2613-9901	2020	10		2022	12				container_5ek5ivgtzvcyfktc7frad34qca	fulltext		LPPM Universitas Muhammadiyah Riau	2089-1768
serial	Journal of the Mexican Chemical Society	1870-249X	2594-0317	2019	52		2022	66				container_w4d6k5udpvdtvlrrasijljn7m4	fulltext		Sociedad Quimica de Mexico, A.C.	2594-0317
serial	Politeia. História e sociedade	1519-9339	2236-8094	2020	19		2022	20				container_w6wtl4uiqjfapo6rq4y7udyy3u	fulltext		Departamento de História, Universidade Estadual do Sudoeste da Bahia	1519-9339
serial	المجلة العلمیة لبحوث العلاقات العامة و الإعلان		2682-4671	2015	2015		2021	2021				container_7cxupkvuuvgtrg4duj5t3fuw5m	fulltext		Egypts Presidential Specialized Council for Education and Scientific Research	2356-9131
serial	Insights: The UKSG Journal	0953-0460	2048-7754	2014	27		2021	34				container_3dxqqnpgnfbbzgr225eu54mnzm	fulltext		UKSG	2048-7754
serial	Ciência e Técnica Vitivinícola	0254-0223	2416-3953	2020	35		2021	36				container_gytqkc7d3rdynpulc4z2efszxi	fulltext		EDP Open	0254-0223
serial	IQRA`: Jurnal Ilmu Perpustakaan dan Informasi (e-Journal)	1979-7737	2442-8175	2019	13		2021	15				container_lv4jpdhffjhtnolbflddburhoe	fulltext		UIN Sumatera Utara Medan	2442-8175
serial	Instrumentasi	0125-9202	2460-1462	2017	41		2022	46				container_wn3x66wa6fhl5j2j5dxwa6rnz4	fulltext		Center for Research and Development of Standardization	2460-1462
serial	Warta Geologi	0126-5539	2682-7549	2020	46		2021	47				container_eu3hag5or5gzpiogmebu72qvnm	fulltext		Geological Society of Malaysia	0126-5539
serial	El-Tsaqafah : Jurnal Jurusan PBA	2087-3638	2655-7746	2018	17		2023	21				container_4ihsbypv6bgbdnrtxib4jxseoe	fulltext		State Islamic University (UIN) Mataram	2087-3638
serial	Energetika	0235-7208	0235-7208	2011	57		2023	68				container_nbkbp74mv5aqfgtlxsnoiypscy	fulltext		Lithuanian Academy of Sciences	0235-7208
serial	Menotyra	1392-1002	2424-4708	2017	24		2022	29				container_r2opw53tyjfrxetbl5nn27226y	fulltext		Lithuanian Academy of Sciences	1392-1002
serial	Higher School of Economics Economic Journal	1813-8691	1813-8705	2018	22		2020	24				container_ifyrengmbjgybmqaxqx5vgrgmy	fulltext		National Research University, Higher School of Economics (HSE)	1813-8691
serial	Korean Journal of Veterinary Research	2466-1384	2466-1392	2011	51		2022	62				container_ryk6ibytwvhhbkbp6m6jvges3e	fulltext		The Korean Society of Veterinary Science (KJVR)	2466-1384
serial	Revista CONAMED	1405-6704	2007-932X	2020	25		2022	27				container_fdq3straqvgjroff436ymaec6i	fulltext		GRAPHIMEDIC SA DE CV	1405-6704
serial	Állattani Közlemények	0002-5658	0002-5658	2015	100		2022	107				container_fg6osa46pzeopg7prgrkuuzsve	fulltext		Allattani Kozlemenyek	0002-5658
serial	Real Estate Management and Valuation		2300-5289	2014	1		2020	28				container_tfzj7ktlhjc3di47cpsbwlesgi	fulltext		Sciendo	2300-5289
serial	Open Journal of Genetics	2162-4453	2162-4461	2011	1		2019	9				container_a56orqclvjaunpftwkqcgkcmci	fulltext		Scientific Research Publishing, Inc	2162-4453
serial	Case Reports in Cardiology	2090-6404	2090-6412	2011	2011		2021	2021				container_mz2wot6enjhifc5tuo3i5rqv74	fulltext		Hindawi Limited	2090-6404
serial	Philosophiques	0316-2923	1492-1391	1974	10		2019	46				container_524apaicfbbgfbn7znk3jsji3q	fulltext		Consortium Erudit	0316-2923
serial	Stroke Research and Treatment	2090-8105	2042-0056	2010	2010		2021	2021				container_vfug7uqhrzdy7h6dhmxub4dhzy	fulltext		Hindawi Limited	2042-0056
serial	JURNAL STUDI MANAJEMEN ORGANISASI	1693-8283		2016	12		2021	18				container_t5dzwbbpkbgmld6hxqnm2vj5je	fulltext		Institute of Research and Community Services Diponegoro University (LPPM UNDIP)	1693-8283
serial	Ekonomski pogledi	1450-7951	2334-7570	2013	16		2022	24				container_zq4l4mtbhvfejhnte3lxo5ew5m	fulltext		Centre for Evaluation in Education and Science	2334-7570
serial	Occupational Diseases and Environmental Medicine	2333-3561	2333-357X	2013	1		2019	7				container_utvol6ipg5awja4m6gmi3muq6m	fulltext		Scientific Research Publishing, Inc	2333-3561
serial	Kepes	1794-7111	2462-8115	2020	17		2022	19				container_h33i7gnerzf5nkdane5sso7doi	fulltext		Universidad de Caldas	1794-7111
serial	中国語学研究会会報		1884-6041	1951	1951		1954	1954				container_nh4qsa5qlrenfolabfb5mr3wfq	fulltext		J-STAGE	1884-6041
serial	Vidya Karya	0215-9619		2019	34		2022	37				container_dqafx4ebvvdfhockqov6thtjgy	fulltext		Center for Journal Management and Publication, Lambung Mangkurat University	0215-9619
serial	Egyptian Journal of Geology		2805-2617	2018	62		2021	65				container_pi4c5xcltbhpjfklhxwi454y6i	fulltext		Egypts Presidential Specialized Council for Education and Scientific Research	0022-1384
serial	At-Ta'dib	0216-9142	2503-3514	2018	13		2020	15				container_2vggqakza5ealjqgqaff2jb6fq	fulltext		Universitas Darussalam Gontor	2503-3514
serial	DESIGUALDADE E DIVERSIDADE		1982-3894	2020	17		2023	22				container_xohcvup7zncprdnu7v5pb3kbte	fulltext		Faculdades Catolicas	1982-3894
serial	The journal of money and economy	1735-1057		2020	15		2021	16				container_zqdbktdzevdq7grhjqwdt3rqhu	fulltext			1735-1057
serial	LINK	1829-5754	2461-1077	2018	14		2020	16				container_xa6yifn4a5ezrljkimcrmuvu4q	fulltext		Poltekkes Kemenkes Semarang	2461-1077
serial	Jurnal MAENPO Jurnal Pendidikan Jasmani Kesehatan dan Rekreasi	2089-2314	2721-7175	2020	10		2022	12				container_vzbjygrucrfhdfznua5w7monuu	fulltext		Universitas Suryakancana	2089-2314
serial	Acta Universitatis Nicolai Copernici Pedagogika	0208-5313	0208-5313	2013	29		2023	45				container_f7u52tlq55bnbadh7hi7epo5zm	fulltext		Uniwersytet Mikolaja Kopernika/Nicolaus Copernicus University	0208-5313
serial	Perspectivas em Ciência da Informação	1413-9936	1981-5344	2006	11		2021	26				container_nukdo6j7sjgldbxzke4zv5tygm	fulltext		SciELO	1413-9936
serial	PRiMER		2575-7873	2017	1		2019	3				container_p6vr3rg3gba7hdrxjbu6rbsige	fulltext		Society of Teachers of Family Medicine	2575-7873
